-- Generated by Craft v2.6.2903 on 25 Aug 2016 09:06:32.

--
-- Disable foreign key checks and autocommit.
--

SET FOREIGN_KEY_CHECKS = 0;
SET SQL_MODE = "NO_AUTO_VALUE_ON_ZERO";
SET AUTOCOMMIT = 0;
SET NAMES utf8;


DROP TABLE IF EXISTS `craft_assetfiles`;


--
-- Schema for table `craft_assetfiles`
--
CREATE TABLE `craft_assetfiles` (
  `id` int(11) NOT NULL,
  `sourceId` int(11) DEFAULT NULL,
  `folderId` int(11) NOT NULL,
  `filename` varchar(255) COLLATE utf8_unicode_ci NOT NULL,
  `kind` varchar(50) COLLATE utf8_unicode_ci NOT NULL DEFAULT 'unknown',
  `width` int(11) unsigned DEFAULT NULL,
  `height` int(11) unsigned DEFAULT NULL,
  `size` bigint(20) unsigned DEFAULT NULL,
  `dateModified` datetime DEFAULT NULL,
  `dateCreated` datetime NOT NULL,
  `dateUpdated` datetime NOT NULL,
  `uid` char(36) COLLATE utf8_unicode_ci NOT NULL DEFAULT '0',
  PRIMARY KEY (`id`),
  UNIQUE KEY `craft_assetfiles_filename_folderId_unq_idx` (`filename`,`folderId`),
  KEY `craft_assetfiles_sourceId_fk` (`sourceId`),
  KEY `craft_assetfiles_folderId_fk` (`folderId`)
) ENGINE=InnoDB DEFAULT CHARSET=utf8 COLLATE=utf8_unicode_ci;

--
-- Data for table `craft_assetfiles`
--

INSERT INTO `craft_assetfiles` (`id`, `sourceId`, `folderId`, `filename`, `kind`, `width`, `height`, `size`, `dateModified`, `dateCreated`, `dateUpdated`, `uid`) VALUES
 ('8', '1', '1', 'stock-1.jpg', 'image', '325', '217', '104046', '2016-08-04 14:53:02', '2016-08-04 14:53:02', '2016-08-04 14:53:02', 'cf90e005-884c-4bf3-a75f-3c98b735aaaf'),
 ('14', '1', '1', 'connect-img-1.jpg', 'image', '900', '598', '135051', '2016-08-05 08:48:52', '2016-08-05 08:48:52', '2016-08-05 08:48:52', '053ea855-fb06-4b51-8965-94f5bc5ff518'),
 ('15', '1', '1', 'connect-img-2.jpg', 'image', '900', '598', '149136', '2016-08-05 08:48:52', '2016-08-05 08:48:52', '2016-08-05 08:48:52', 'a47cd8eb-d555-44de-a1a5-171e79446985'),
 ('18', '3', '3', 'Nick-Serb.jpg', 'image', '1181', '1181', '344126', '2016-08-05 14:45:04', '2016-08-05 14:45:05', '2016-08-05 14:45:05', '8e7070b3-b368-44f7-86a3-c63a716c13e6'),
 ('20', '3', '3', 'Andy-Irwin.jpg', 'image', '1181', '1181', '989446', '2016-08-05 15:11:54', '2016-08-05 15:11:55', '2016-08-05 15:11:55', '5480ecd4-5aee-44d6-b4bd-7e66ca35a689'),
 ('22', '3', '3', 'Norman-Moore.jpg', 'image', '1181', '1181', '879843', '2016-08-05 15:12:17', '2016-08-05 15:12:17', '2016-08-05 15:12:17', 'd4309dce-6aeb-4c09-8285-3a8dbc35388c'),
 ('24', '3', '3', 'Jll-Bird.jpg', 'image', '1181', '1181', '1194825', '2016-08-05 15:12:42', '2016-08-05 15:12:43', '2016-08-05 15:12:43', 'e030ee7d-ce2d-4198-bf71-47827f5e4f74'),
 ('26', '3', '3', 'Jim-Bell.jpg', 'image', '1181', '1181', '849093', '2016-08-05 15:13:27', '2016-08-05 15:13:28', '2016-08-05 15:13:28', '9cfcfb53-6391-4b1c-9e84-c9164a63f8c0'),
 ('28', '3', '3', 'Clifford-Irwin.jpg', 'image', '1181', '1181', '891199', '2016-08-05 15:17:32', '2016-08-05 15:17:33', '2016-08-05 15:17:33', '419904a7-896a-4819-9503-c54a488814bb'),
 ('30', '3', '3', 'Paul-Dubei.jpg', 'image', '1181', '1181', '843101', '2016-08-05 15:18:35', '2016-08-05 15:18:36', '2016-08-05 15:18:36', 'e63d8bd5-a9d7-4876-a245-d7de26e22e80'),
 ('31', '3', '3', 'Peter-Havenaar.jpg', 'image', '1181', '1181', '994642', '2016-08-05 15:18:36', '2016-08-05 15:18:36', '2016-08-05 15:18:36', '7c26985f-40ee-4728-937e-848edfcff3ce'),
 ('34', '3', '3', 'Norman-Wright.jpg', 'image', '1181', '1181', '836634', '2016-08-05 15:20:51', '2016-08-05 15:20:52', '2016-08-05 15:20:52', 'bf6e6dde-5f72-4a6e-8f73-9a60c077adbc'),
 ('35', '3', '3', 'Stephen-Megrath.jpg', 'image', '1181', '1181', '332089', '2016-08-05 15:20:52', '2016-08-05 15:20:52', '2016-08-05 15:20:52', '399ccb05-32b2-4950-b0f1-21cd4e4b3f16'),
 ('36', '3', '3', 'Victor-Irwin.jpg', 'image', '1181', '1181', '849774', '2016-08-05 15:20:52', '2016-08-05 15:20:52', '2016-08-05 15:20:52', '64c18bcb-3ad3-4961-a725-4cff68936a60'),
 ('40', '3', '3', 'Care-and-Counsel-Harmony-Kennedy.jpg', 'image', '1181', '1181', '1122713', '2016-08-05 15:23:47', '2016-08-05 15:23:47', '2016-08-05 15:23:47', '441bdb1c-d8c0-4cc1-9357-29eac9ca501a'),
 ('41', '3', '3', 'Impact-Youth-Nathan.jpg', 'image', '1181', '1181', '1657936', '2016-08-05 15:23:47', '2016-08-05 15:23:48', '2016-08-05 15:23:48', '00205de6-1346-446b-a640-09ffcab8f086'),
 ('42', '3', '3', 'PA-to-pastor-Nick-Serb-Derek-Bird.jpg', 'image', '1181', '1181', '445352', '2016-08-05 15:23:48', '2016-08-05 15:23:48', '2016-08-05 15:23:48', '8b9a3752-a72f-4555-844a-4c8aa39597cb'),
 ('46', '3', '3', 'Education-Works-Kerri-Pinkerton.jpg', 'image', '1181', '1181', '1260392', '2016-08-05 15:25:59', '2016-08-05 15:25:59', '2016-08-05 15:25:59', '600485ce-a9d9-406d-a612-79142a2fe7f8'),
 ('47', '3', '3', 'Family-Support-Cathal-Cullen.jpg', 'image', '1181', '1181', '1279976', '2016-08-05 15:26:00', '2016-08-05 15:26:00', '2016-08-05 15:26:00', '2e85ae16-ee9b-428d-a31f-180adf43838e'),
 ('48', '3', '3', 'Music-Matters-Mark-Ferguson.jpg', 'image', '1181', '1181', '1101500', '2016-08-05 15:26:00', '2016-08-05 15:26:00', '2016-08-05 15:26:00', '31edab97-935f-4ca1-89c1-ecd4971ece90'),
 ('52', '3', '3', 'KidsforGod-Ruth-Connolly.jpg', 'image', '1181', '1181', '1169838', '2016-08-05 15:27:56', '2016-08-05 15:27:57', '2016-08-05 15:27:57', '4fe9d6f7-1c72-4e42-bd4b-bd3e5133f5ca'),
 ('53', '3', '3', 'Missions-Irene-Cummings.jpg', 'image', '1181', '1181', '864012', '2016-08-05 15:27:57', '2016-08-05 15:27:57', '2016-08-05 15:27:57', '40c16434-3f77-4ca5-9bbd-eaf91c2a40c1'),
 ('56', '1', '1', 'DeathtoStock_EnergyandSerenity2.jpg', 'image', '5616', '3744', '1391549', '2016-08-08 09:03:31', '2016-08-08 09:03:33', '2016-08-08 09:03:33', '171cfa99-ad27-48e4-8e3d-b41d2c955157'),
 ('57', '1', '1', 'DSCF7252.jpg', 'image', '3198', '2132', '567913', '2016-08-08 09:04:42', '2016-08-08 09:04:43', '2016-08-08 09:04:43', '2d69784d-c4f7-4489-a8f9-6839297d6361'),
 ('58', '1', '1', 'Death_to_stock_photography_weekend_work-10-of-10.jpg', 'image', '4896', '3264', '678875', '2016-08-08 09:06:16', '2016-08-08 09:06:16', '2016-08-08 09:06:16', 'b2e782f7-9331-43ac-bc21-8283a6d8614e'),
 ('68', '4', '4', 'creativity-works.png', 'image', '380', '200', '14870', '2016-08-08 15:56:56', '2016-08-08 15:56:57', '2016-08-08 15:56:57', '28ec45b3-f828-4fbc-a2df-5808bee6dcb6'),
 ('69', '4', '4', 'discipleship-works.png', 'image', '380', '200', '10652', '2016-08-08 15:56:58', '2016-08-08 15:56:58', '2016-08-08 15:56:58', '4ad65b65-fbd3-49a7-9965-6759585b087e'),
 ('70', '4', '4', 'education-works.png', 'image', '380', '200', '9595', '2016-08-08 15:56:58', '2016-08-08 15:56:58', '2016-08-08 15:56:58', '3fd907a2-6bc3-4913-aa8c-074ac8ddcb47'),
 ('71', '4', '4', 'family-support.png', 'image', '380', '200', '13897', '2016-08-08 15:56:58', '2016-08-08 15:56:58', '2016-08-08 15:56:58', '9c5c29d7-d0ce-4f20-8f93-859a8018caf3'),
 ('72', '4', '4', 'friendship-works.png', 'image', '380', '200', '13061', '2016-08-08 15:56:58', '2016-08-08 15:56:58', '2016-08-08 15:56:58', 'd76932be-a236-439b-b792-674255deb2c0'),
 ('73', '4', '4', 'higher-ground.png', 'image', '380', '200', '8876', '2016-08-08 15:56:59', '2016-08-08 15:56:59', '2016-08-08 15:56:59', 'db71a8e7-38af-46ae-926e-cbcd7d100a0f'),
 ('74', '4', '4', 'impact-ministries.png', 'image', '380', '200', '9129', '2016-08-08 15:56:59', '2016-08-08 15:56:59', '2016-08-08 15:56:59', '1bf6df1b-2b28-4f2f-929e-416b191189dc'),
 ('75', '4', '4', 'inclusion-works.png', 'image', '380', '200', '11745', '2016-08-08 15:56:59', '2016-08-08 15:56:59', '2016-08-08 15:56:59', 'a211f901-ea00-4199-9107-47ea09eb6e30'),
 ('76', '4', '4', 'kids-for-god.png', 'image', '380', '200', '9252', '2016-08-08 15:56:59', '2016-08-08 15:57:00', '2016-08-08 15:57:00', '1e9792c7-2648-472d-9537-6ab338128e8b'),
 ('77', '4', '4', 'leadership-works.png', 'image', '380', '200', '13146', '2016-08-08 15:57:00', '2016-08-08 15:57:00', '2016-08-08 15:57:00', '3ac483b7-f16f-4770-a775-e971523e9b6b'),
 ('78', '4', '4', 'media-works.png', 'image', '380', '200', '8972', '2016-08-08 15:57:00', '2016-08-08 15:57:00', '2016-08-08 15:57:00', 'ea9acaac-ee62-4a50-9372-8f2e62c03061'),
 ('79', '4', '4', 'men-for-god.png', 'image', '380', '200', '8434', '2016-08-08 15:57:00', '2016-08-08 15:57:00', '2016-08-08 15:57:00', 'ef851625-12cf-4220-8af0-ad1708a59a59'),
 ('80', '4', '4', 'music-works.png', 'image', '380', '200', '7063', '2016-08-08 15:57:01', '2016-08-08 15:57:01', '2016-08-08 15:57:01', '9c0bcc35-dc1e-4175-8a58-5cb3199c9fba'),
 ('81', '4', '4', 'prayer-works.png', 'image', '380', '200', '9073', '2016-08-08 15:57:01', '2016-08-08 15:57:01', '2016-08-08 15:57:01', '1aca5948-044b-4817-9772-4c063a9f3936'),
 ('82', '4', '4', 'sheltered-housing.png', 'image', '380', '200', '9746', '2016-08-08 15:57:01', '2016-08-08 15:57:01', '2016-08-08 15:57:01', '30e8ebda-6d5a-45f3-9cf8-c563c6f76a70'),
 ('83', '4', '4', 'sport-works.png', 'image', '380', '200', '8932', '2016-08-08 15:57:02', '2016-08-08 15:57:02', '2016-08-08 15:57:02', '79b7c617-0ba4-4f37-b5dc-9025e837c196'),
 ('84', '4', '4', 'women-for-god.png', 'image', '380', '200', '10666', '2016-08-08 15:57:02', '2016-08-08 15:57:02', '2016-08-08 15:57:02', '61ba7f38-5fa8-48a3-af80-443f99c159a7'),
 ('85', '4', '4', 'church-planting.png', 'image', '380', '200', '9109', '2016-08-08 15:57:15', '2016-08-08 15:57:15', '2016-08-08 15:57:15', '77d84aa2-e2f0-4950-b9f7-177295258b30'),
 ('100', '4', '4', 'care-and-counsel.png', 'image', '380', '200', '10393', '2016-08-09 08:32:15', '2016-08-09 08:32:17', '2016-08-09 08:32:17', '512a94bb-6d80-4acb-9da2-d0dba70e9ae9'),
 ('112', '1', '1', 'DeathtoStock_NotStock7.jpg', 'image', '5472', '3648', '987849', '2016-08-10 08:58:03', '2016-08-10 08:58:04', '2016-08-10 08:58:04', '1e368b22-2912-4309-ad4f-96eb31cba4b1'),
 ('114', '2', '2', 'Alt-Site-Oct-15.pdf', 'pdf', NULL, NULL, '239801', '2016-08-10 10:46:15', '2016-08-10 10:46:16', '2016-08-10 10:46:16', 'e1775649-873f-4d9b-a688-16be9e575775'),
 ('116', '1', '1', 'Death_to_stock_photography_weekend_work-3-of-10.jpg', 'image', '4665', '3110', '602526', '2016-08-11 08:23:43', '2016-08-11 08:23:44', '2016-08-11 08:23:44', 'd1754b56-e848-4b29-acb4-29ed3386f2ba'),
 ('118', '1', '1', 'DeathtoStock_EnergyandSerenity4.jpg', 'image', '5616', '3744', '1503510', '2016-08-11 08:25:12', '2016-08-11 08:25:14', '2016-08-11 08:25:14', 'f971c617-e7c7-45ac-b07f-36808ad95a7e'),
 ('120', '4', '4', 'youth-for-god.png', 'image', '380', '200', '9497', '2016-08-15 11:02:19', '2016-08-15 11:02:19', '2016-08-15 11:02:19', 'd7f909df-dd60-48d3-8b39-3a6b0be522fd');



DROP TABLE IF EXISTS `craft_assetfolders`;


--
-- Schema for table `craft_assetfolders`
--
CREATE TABLE `craft_assetfolders` (
  `id` int(11) NOT NULL AUTO_INCREMENT,
  `parentId` int(11) DEFAULT NULL,
  `sourceId` int(11) DEFAULT NULL,
  `name` varchar(255) COLLATE utf8_unicode_ci NOT NULL,
  `path` varchar(255) COLLATE utf8_unicode_ci DEFAULT NULL,
  `dateCreated` datetime NOT NULL,
  `dateUpdated` datetime NOT NULL,
  `uid` char(36) COLLATE utf8_unicode_ci NOT NULL DEFAULT '0',
  PRIMARY KEY (`id`),
  UNIQUE KEY `craft_assetfolders_name_parentId_sourceId_unq_idx` (`name`,`parentId`,`sourceId`),
  KEY `craft_assetfolders_parentId_fk` (`parentId`),
  KEY `craft_assetfolders_sourceId_fk` (`sourceId`)
) ENGINE=InnoDB AUTO_INCREMENT=5 DEFAULT CHARSET=utf8 COLLATE=utf8_unicode_ci;

--
-- Data for table `craft_assetfolders`
--

INSERT INTO `craft_assetfolders` (`id`, `parentId`, `sourceId`, `name`, `path`, `dateCreated`, `dateUpdated`, `uid`) VALUES
 ('1', NULL, '1', 'Images', '', '2016-08-04 14:03:48', '2016-08-04 14:03:48', 'cd152527-62fa-4574-abfc-e64c2be7514d'),
 ('2', NULL, '2', 'PDFs', '', '2016-08-04 14:16:06', '2016-08-04 14:16:06', '77c8c108-a90e-4c82-90a8-7bf454aa8eab'),
 ('3', NULL, '3', 'Team Photos', '', '2016-08-05 14:04:59', '2016-08-05 14:04:59', 'fd85a19c-e21b-44ac-97ce-e39cdb64bac6'),
 ('4', NULL, '4', 'Connect Icons', '', '2016-08-08 15:51:53', '2016-08-08 15:51:53', 'c90e3690-ec3d-4e90-940c-b213c68075d8');



DROP TABLE IF EXISTS `craft_assetindexdata`;


--
-- Schema for table `craft_assetindexdata`
--
CREATE TABLE `craft_assetindexdata` (
  `id` int(11) NOT NULL AUTO_INCREMENT,
  `sessionId` varchar(36) COLLATE utf8_unicode_ci NOT NULL DEFAULT '',
  `sourceId` int(10) NOT NULL,
  `offset` int(10) NOT NULL,
  `uri` varchar(255) COLLATE utf8_unicode_ci DEFAULT NULL,
  `size` varchar(255) COLLATE utf8_unicode_ci DEFAULT NULL,
  `recordId` int(10) DEFAULT NULL,
  `dateCreated` datetime NOT NULL,
  `dateUpdated` datetime NOT NULL,
  `uid` char(36) COLLATE utf8_unicode_ci NOT NULL DEFAULT '0',
  PRIMARY KEY (`id`),
  UNIQUE KEY `craft_assetindexdata_sessionId_sourceId_offset_unq_idx` (`sessionId`,`sourceId`,`offset`),
  KEY `craft_assetindexdata_sourceId_fk` (`sourceId`)
) ENGINE=InnoDB DEFAULT CHARSET=utf8 COLLATE=utf8_unicode_ci;

DROP TABLE IF EXISTS `craft_assetsources`;


--
-- Schema for table `craft_assetsources`
--
CREATE TABLE `craft_assetsources` (
  `id` int(11) NOT NULL AUTO_INCREMENT,
  `name` varchar(255) COLLATE utf8_unicode_ci NOT NULL,
  `handle` varchar(255) COLLATE utf8_unicode_ci NOT NULL,
  `type` varchar(150) COLLATE utf8_unicode_ci NOT NULL,
  `settings` text COLLATE utf8_unicode_ci,
  `sortOrder` smallint(6) unsigned DEFAULT NULL,
  `fieldLayoutId` int(10) DEFAULT NULL,
  `dateCreated` datetime NOT NULL,
  `dateUpdated` datetime NOT NULL,
  `uid` char(36) COLLATE utf8_unicode_ci NOT NULL DEFAULT '0',
  PRIMARY KEY (`id`),
  UNIQUE KEY `craft_assetsources_name_unq_idx` (`name`),
  UNIQUE KEY `craft_assetsources_handle_unq_idx` (`handle`),
  KEY `craft_assetsources_fieldLayoutId_fk` (`fieldLayoutId`)
) ENGINE=InnoDB AUTO_INCREMENT=5 DEFAULT CHARSET=utf8 COLLATE=utf8_unicode_ci;

--
-- Data for table `craft_assetsources`
--

INSERT INTO `craft_assetsources` (`id`, `name`, `handle`, `type`, `settings`, `sortOrder`, `fieldLayoutId`, `dateCreated`, `dateUpdated`, `uid`) VALUES
 ('1', 'Images', 'images', 'Local', '{\"path\":\"uploads\\/images\\/\",\"publicURLs\":\"1\",\"url\":\"\\/uploads\\/images\\/\"}', '1', '16', '2016-08-04 14:03:48', '2016-08-04 14:03:48', '57ccd8ca-0519-4689-bc60-60b20241eb49'),
 ('2', 'PDFs', 'pdfs', 'Local', '{\"path\":\"uploads\\/pdfs\\/\",\"publicURLs\":\"1\",\"url\":\"\\/uploads\\/pdfs\\/\"}', '2', '18', '2016-08-04 14:16:06', '2016-08-04 14:16:06', 'a4030f1d-df39-447a-bbe4-37980c8093a2'),
 ('3', 'Team Photos', 'teamPhotos', 'Local', '{\"path\":\"uploads\\/team-photos\\/\",\"publicURLs\":\"1\",\"url\":\"\\/uploads\\/team-photos\\/\"}', '3', '32', '2016-08-05 14:04:59', '2016-08-05 14:04:59', 'd6719171-c6e6-4fce-b106-e6d92cc4bb5c'),
 ('4', 'Connect Icons', 'connectIcons', 'Local', '{\"path\":\"uploads\\/connect-icons\\/\",\"publicURLs\":\"1\",\"url\":\"\\/uploads\\/connect-icons\\/\"}', '4', '40', '2016-08-08 15:51:53', '2016-08-08 15:51:53', 'aacb8109-dee9-4064-bcfd-9c760e54a566');



DROP TABLE IF EXISTS `craft_assettransformindex`;


--
-- Schema for table `craft_assettransformindex`
--
CREATE TABLE `craft_assettransformindex` (
  `id` int(11) NOT NULL AUTO_INCREMENT,
  `fileId` int(11) NOT NULL,
  `filename` varchar(255) COLLATE utf8_unicode_ci DEFAULT NULL,
  `format` varchar(255) COLLATE utf8_unicode_ci DEFAULT NULL,
  `location` varchar(255) COLLATE utf8_unicode_ci NOT NULL,
  `sourceId` int(11) DEFAULT NULL,
  `fileExists` tinyint(1) DEFAULT NULL,
  `inProgress` tinyint(1) DEFAULT NULL,
  `dateIndexed` datetime DEFAULT NULL,
  `dateCreated` datetime NOT NULL,
  `dateUpdated` datetime NOT NULL,
  `uid` char(36) COLLATE utf8_unicode_ci NOT NULL DEFAULT '0',
  PRIMARY KEY (`id`),
  KEY `craft_assettransformindex_sourceId_fileId_location_idx` (`sourceId`,`fileId`,`location`)
) ENGINE=InnoDB AUTO_INCREMENT=154 DEFAULT CHARSET=utf8 COLLATE=utf8_unicode_ci;

DROP TABLE IF EXISTS `craft_assettransforms`;


--
-- Schema for table `craft_assettransforms`
--
CREATE TABLE `craft_assettransforms` (
  `id` int(11) NOT NULL AUTO_INCREMENT,
  `name` varchar(255) COLLATE utf8_unicode_ci NOT NULL,
  `handle` varchar(255) COLLATE utf8_unicode_ci NOT NULL,
  `mode` enum('stretch','fit','crop') COLLATE utf8_unicode_ci NOT NULL DEFAULT 'crop',
  `position` enum('top-left','top-center','top-right','center-left','center-center','center-right','bottom-left','bottom-center','bottom-right') COLLATE utf8_unicode_ci NOT NULL DEFAULT 'center-center',
  `height` int(10) DEFAULT NULL,
  `width` int(10) DEFAULT NULL,
  `format` varchar(255) COLLATE utf8_unicode_ci DEFAULT NULL,
  `quality` int(10) DEFAULT NULL,
  `dimensionChangeTime` datetime DEFAULT NULL,
  `dateCreated` datetime NOT NULL,
  `dateUpdated` datetime NOT NULL,
  `uid` char(36) COLLATE utf8_unicode_ci NOT NULL DEFAULT '0',
  PRIMARY KEY (`id`),
  UNIQUE KEY `craft_assettransforms_name_unq_idx` (`name`),
  UNIQUE KEY `craft_assettransforms_handle_unq_idx` (`handle`)
) ENGINE=InnoDB AUTO_INCREMENT=6 DEFAULT CHARSET=utf8 COLLATE=utf8_unicode_ci;

--
-- Data for table `craft_assettransforms`
--

INSERT INTO `craft_assettransforms` (`id`, `name`, `handle`, `mode`, `position`, `height`, `width`, `format`, `quality`, `dimensionChangeTime`, `dateCreated`, `dateUpdated`, `uid`) VALUES
 ('1', 'Team Photo Resize', 'teamPhotoResize', 'crop', 'center-center', '280', '320', 'jpg', '60', '2016-08-05 14:50:17', '2016-08-05 14:50:17', '2016-08-05 14:50:17', 'b445db4b-6180-4c45-8d69-f9860fa23118'),
 ('2', 'Crop 70 x 70', 'crop70x70', 'crop', 'center-center', '70', '70', 'jpg', '100', '2016-08-05 15:41:39', '2016-08-05 15:36:01', '2016-08-09 14:00:17', 'ca7ef354-d6b5-4703-88ef-fa0f9c2a6b9c'),
 ('3', 'Crop 700 x 280', 'crop700x280', 'crop', 'center-center', '280', '700', 'jpg', '82', '2016-08-09 13:41:45', '2016-08-09 13:37:59', '2016-08-09 13:41:45', '4edecf15-ad4f-4891-9508-e461b5482a1c'),
 ('4', 'fit700', 'fit700', 'fit', 'center-center', NULL, '700', 'jpg', '82', '2016-08-11 13:55:44', '2016-08-11 13:55:45', '2016-08-11 13:55:45', 'b3ddd38e-743c-43de-a57c-4e9e820b48bf'),
 ('5', 'fit1600', 'fit1600', 'fit', 'center-center', NULL, '1600', 'jpg', '82', '2016-08-12 10:07:10', '2016-08-12 10:07:10', '2016-08-12 10:07:10', '4e504333-a3b8-46ce-ad02-51a9d880ee4f');



DROP TABLE IF EXISTS `craft_categories`;


--
-- Schema for table `craft_categories`
--
CREATE TABLE `craft_categories` (
  `id` int(11) NOT NULL,
  `groupId` int(11) NOT NULL,
  `dateCreated` datetime NOT NULL,
  `dateUpdated` datetime NOT NULL,
  `uid` char(36) COLLATE utf8_unicode_ci NOT NULL DEFAULT '0',
  PRIMARY KEY (`id`),
  KEY `craft_categories_groupId_fk` (`groupId`)
) ENGINE=InnoDB DEFAULT CHARSET=utf8 COLLATE=utf8_unicode_ci;

--
-- Data for table `craft_categories`
--

INSERT INTO `craft_categories` (`id`, `groupId`, `dateCreated`, `dateUpdated`, `uid`) VALUES
 ('61', '1', '2016-08-08 11:42:00', '2016-08-08 11:42:00', 'd1b7d6be-9c97-4ec2-8305-4b68bbd457b0'),
 ('62', '1', '2016-08-08 11:42:12', '2016-08-08 11:42:12', '129d698d-1cd9-425e-b3b5-f057c5fe9dcd'),
 ('63', '1', '2016-08-08 11:42:36', '2016-08-08 13:56:44', '044938f2-2252-4d5f-afa5-4c12c1f28260'),
 ('64', '1', '2016-08-08 11:42:56', '2016-08-08 11:43:03', '44788782-c5d7-4f5c-81d9-0ce9f309fd3f'),
 ('65', '2', '2016-08-08 15:53:37', '2016-08-08 15:53:37', '44949455-202c-4c72-92e7-332d12727f6b'),
 ('66', '2', '2016-08-08 15:53:42', '2016-08-08 15:53:42', '41d3719f-c56e-4f6d-881d-8c2922194d19'),
 ('67', '2', '2016-08-08 15:53:47', '2016-08-08 15:53:47', '0f431695-a789-469d-8cd2-2d8ef87db6bb');



DROP TABLE IF EXISTS `craft_categorygroups`;


--
-- Schema for table `craft_categorygroups`
--
CREATE TABLE `craft_categorygroups` (
  `id` int(11) NOT NULL AUTO_INCREMENT,
  `structureId` int(11) NOT NULL,
  `fieldLayoutId` int(11) DEFAULT NULL,
  `name` varchar(255) COLLATE utf8_unicode_ci NOT NULL,
  `handle` varchar(255) COLLATE utf8_unicode_ci NOT NULL,
  `hasUrls` tinyint(1) unsigned NOT NULL DEFAULT '1',
  `template` varchar(500) COLLATE utf8_unicode_ci DEFAULT NULL,
  `dateCreated` datetime NOT NULL,
  `dateUpdated` datetime NOT NULL,
  `uid` char(36) COLLATE utf8_unicode_ci NOT NULL DEFAULT '0',
  PRIMARY KEY (`id`),
  UNIQUE KEY `craft_categorygroups_name_unq_idx` (`name`),
  UNIQUE KEY `craft_categorygroups_handle_unq_idx` (`handle`),
  KEY `craft_categorygroups_structureId_fk` (`structureId`),
  KEY `craft_categorygroups_fieldLayoutId_fk` (`fieldLayoutId`)
) ENGINE=InnoDB AUTO_INCREMENT=3 DEFAULT CHARSET=utf8 COLLATE=utf8_unicode_ci;

--
-- Data for table `craft_categorygroups`
--

INSERT INTO `craft_categorygroups` (`id`, `structureId`, `fieldLayoutId`, `name`, `handle`, `hasUrls`, `template`, `dateCreated`, `dateUpdated`, `uid`) VALUES
 ('1', '1', '39', 'Event Type', 'eventType', '1', 'events/category.html', '2016-08-08 11:41:05', '2016-08-08 14:08:28', '8b943af8-d18c-49c2-a9ba-42e255af9657'),
 ('2', '2', '41', 'Connect Group', 'connectGroup', '0', NULL, '2016-08-08 15:53:21', '2016-08-08 15:53:21', 'edda0c75-617a-430e-bbfe-147eef147a90');



DROP TABLE IF EXISTS `craft_categorygroups_i18n`;


--
-- Schema for table `craft_categorygroups_i18n`
--
CREATE TABLE `craft_categorygroups_i18n` (
  `id` int(11) NOT NULL AUTO_INCREMENT,
  `groupId` int(11) NOT NULL,
  `locale` char(12) COLLATE utf8_unicode_ci NOT NULL,
  `urlFormat` text COLLATE utf8_unicode_ci,
  `nestedUrlFormat` text COLLATE utf8_unicode_ci,
  `dateCreated` datetime NOT NULL,
  `dateUpdated` datetime NOT NULL,
  `uid` char(36) COLLATE utf8_unicode_ci NOT NULL DEFAULT '0',
  PRIMARY KEY (`id`),
  UNIQUE KEY `craft_categorygroups_i18n_groupId_locale_unq_idx` (`groupId`,`locale`),
  KEY `craft_categorygroups_i18n_locale_fk` (`locale`)
) ENGINE=InnoDB AUTO_INCREMENT=3 DEFAULT CHARSET=utf8 COLLATE=utf8_unicode_ci;

--
-- Data for table `craft_categorygroups_i18n`
--

INSERT INTO `craft_categorygroups_i18n` (`id`, `groupId`, `locale`, `urlFormat`, `nestedUrlFormat`, `dateCreated`, `dateUpdated`, `uid`) VALUES
 ('1', '1', 'en_gb', 'events/category/{slug}', '{parent.uri}/{slug}', '2016-08-08 11:41:05', '2016-08-08 11:41:05', '052fbfbd-674e-4a3d-afcf-f0af0f0a7a1a'),
 ('2', '2', 'en_gb', NULL, NULL, '2016-08-08 15:53:21', '2016-08-08 15:53:21', 'fa251aa9-cbc1-455c-b836-7ab0b2a2f542');



DROP TABLE IF EXISTS `craft_content`;


--
-- Schema for table `craft_content`
--
CREATE TABLE `craft_content` (
  `id` int(11) NOT NULL AUTO_INCREMENT,
  `elementId` int(11) NOT NULL,
  `locale` char(12) COLLATE utf8_unicode_ci NOT NULL,
  `title` varchar(255) COLLATE utf8_unicode_ci DEFAULT NULL,
  `field_body` text COLLATE utf8_unicode_ci,
  `field_siteUrl` text COLLATE utf8_unicode_ci,
  `field_whyDoesTheChurchNeedMe` text COLLATE utf8_unicode_ci,
  `field_whatNext` text COLLATE utf8_unicode_ci,
  `field_pageDescription` text COLLATE utf8_unicode_ci,
  `field_mediaType` varchar(255) COLLATE utf8_unicode_ci DEFAULT NULL,
  `field_mediaLink` text COLLATE utf8_unicode_ci,
  `field_text` text COLLATE utf8_unicode_ci,
  `field_faq` text COLLATE utf8_unicode_ci,
  `field_beTransformedToTransform` text COLLATE utf8_unicode_ci,
  `field_mainMeetingTimes` text COLLATE utf8_unicode_ci,
  `field_timesLocation` text COLLATE utf8_unicode_ci,
  `field_whatToExpect` text COLLATE utf8_unicode_ci,
  `field_getConnected` text COLLATE utf8_unicode_ci,
  `field_role` text COLLATE utf8_unicode_ci,
  `field_twitterLink` text COLLATE utf8_unicode_ci,
  `field_facebookLink` text COLLATE utf8_unicode_ci,
  `field_email` text COLLATE utf8_unicode_ci,
  `field_description` text COLLATE utf8_unicode_ci,
  `field_moreInfoLink` text COLLATE utf8_unicode_ci,
  `field_timeAndDate` datetime DEFAULT NULL,
  `field_connectDescription` text COLLATE utf8_unicode_ci,
  `field_videoUrl` text COLLATE utf8_unicode_ci,
  `field_blogCategory` varchar(255) COLLATE utf8_unicode_ci DEFAULT NULL,
  `dateCreated` datetime NOT NULL,
  `dateUpdated` datetime NOT NULL,
  `uid` char(36) COLLATE utf8_unicode_ci NOT NULL DEFAULT '0',
  PRIMARY KEY (`id`),
  UNIQUE KEY `craft_content_elementId_locale_unq_idx` (`elementId`,`locale`),
  KEY `craft_content_title_idx` (`title`),
  KEY `craft_content_locale_fk` (`locale`)
) ENGINE=InnoDB AUTO_INCREMENT=126 DEFAULT CHARSET=utf8 COLLATE=utf8_unicode_ci;

--
-- Data for table `craft_content`
--

INSERT INTO `craft_content` (`id`, `elementId`, `locale`, `title`, `field_body`, `field_siteUrl`, `field_whyDoesTheChurchNeedMe`, `field_whatNext`, `field_pageDescription`, `field_mediaType`, `field_mediaLink`, `field_text`, `field_faq`, `field_beTransformedToTransform`, `field_mainMeetingTimes`, `field_timesLocation`, `field_whatToExpect`, `field_getConnected`, `field_role`, `field_twitterLink`, `field_facebookLink`, `field_email`, `field_description`, `field_moreInfoLink`, `field_timeAndDate`, `field_connectDescription`, `field_videoUrl`, `field_blogCategory`, `dateCreated`, `dateUpdated`, `uid`) VALUES
 ('1', '1', 'en_gb', NULL, NULL, NULL, NULL, NULL, NULL, NULL, NULL, NULL, NULL, NULL, NULL, NULL, NULL, NULL, NULL, NULL, NULL, NULL, NULL, NULL, NULL, NULL, NULL, NULL, '2016-07-28 10:42:15', '2016-07-28 10:42:15', '9d1b3c1a-9caf-47f2-bd73-8de4a887a010'),
 ('4', '4', 'en_gb', NULL, NULL, 'https://twitter.com/t_c_lisburn', NULL, NULL, NULL, NULL, NULL, NULL, NULL, NULL, NULL, NULL, NULL, NULL, NULL, NULL, NULL, NULL, NULL, NULL, NULL, NULL, NULL, NULL, '2016-08-04 12:25:50', '2016-08-04 13:11:57', '92de1abc-3656-40b6-8175-15c0c6c56d06'),
 ('5', '5', 'en_gb', NULL, NULL, 'https://www.facebook.com/transformation.centre.7', NULL, NULL, NULL, NULL, NULL, NULL, NULL, NULL, NULL, NULL, NULL, NULL, NULL, NULL, NULL, NULL, NULL, NULL, NULL, NULL, NULL, NULL, '2016-08-04 12:25:58', '2016-08-04 13:11:50', '1908c7a2-64c4-439a-ac44-2741c6d8a1d0'),
 ('6', '6', 'en_gb', NULL, NULL, 'https://vimeo.com/user54531083', NULL, NULL, NULL, NULL, NULL, NULL, NULL, NULL, NULL, NULL, NULL, NULL, NULL, NULL, NULL, NULL, NULL, NULL, NULL, NULL, NULL, NULL, '2016-08-04 13:12:14', '2016-08-18 14:57:23', '9c162188-c756-4152-ad79-731090ec2c31'),
 ('7', '7', 'en_gb', 'Connect', NULL, NULL, 'Sure, maybe it doesn’t look like it, but you are our greatest asset. You are the reason people are welcomed through the doors, experience an atmosphere for worship and truly grow in community. We believe that if you know Jesus and you have made Transformation Centre your home that you are called to serve as part of the body. You gifts may be the one thing someone needs to find their way home.', 'Have a look below at the main ministries and fill in the form appropriately. A member of the pastoral team will be in touch with you as soon as possible to discuss your involvement. If your passion and area of ministry cannot be found in the list below, please let us know. we would love to explore with you the formation of a new ministry.\r\n\r\nA list of all areas of ministry plus others (please specify in a few words)', 'Our mission is to be transformed to transform. That is why we want to be a healthy community of holy people; multiplying disciples, leaders, groups and churches. We do that by loving God, loving others and making disciples. We would like you to join this vision, not just another church.', NULL, NULL, NULL, NULL, NULL, NULL, NULL, NULL, NULL, NULL, NULL, NULL, NULL, NULL, NULL, NULL, NULL, NULL, NULL, '2016-08-04 13:13:04', '2016-08-08 14:34:10', 'a4384400-6201-4589-b877-e0f2475763a1'),
 ('8', '8', 'en_gb', 'Stock 1', NULL, NULL, NULL, NULL, NULL, NULL, NULL, NULL, NULL, NULL, NULL, NULL, NULL, NULL, NULL, NULL, NULL, NULL, NULL, NULL, NULL, NULL, NULL, NULL, '2016-08-04 14:53:02', '2016-08-04 14:53:02', '9a27ae38-3b31-49d5-856b-a19169700a09'),
 ('9', '9', 'en_gb', 'Back to Basics - How to encounter God everday', NULL, NULL, NULL, NULL, NULL, 'soundCloud', 'https://soundcloud.com/tc-lisburn/24716pm-pastornickserb-b2b-howtoencountergodeveryday-sermon', NULL, NULL, NULL, NULL, NULL, NULL, NULL, NULL, NULL, NULL, NULL, NULL, NULL, NULL, NULL, NULL, NULL, '2016-08-04 14:57:05', '2016-08-18 11:55:42', '010271e5-e7ed-42cd-ae09-ab42c416ca0a'),
 ('10', '10', 'en_gb', 'Liberating Truth', NULL, NULL, NULL, NULL, NULL, 'soundCloud', 'https://soundcloud.com/tc-lisburn/2016-07-24_am_liberating-truth_pastor-nick-serb', NULL, NULL, NULL, NULL, NULL, NULL, NULL, NULL, NULL, NULL, NULL, NULL, NULL, NULL, NULL, NULL, NULL, '2016-08-04 14:59:42', '2016-08-18 11:55:42', 'fc9d8bb0-7502-4746-907d-3682a768ba24'),
 ('11', '11', 'en_gb', '#1 Session \"Men for God\" conference 2015 ', NULL, NULL, NULL, NULL, NULL, 'youtube', 'https://www.youtube.com/watch?v=o2__FxD7AoY', NULL, NULL, NULL, NULL, NULL, NULL, NULL, NULL, NULL, NULL, NULL, NULL, NULL, NULL, NULL, NULL, NULL, '2016-08-04 15:48:10', '2016-08-18 11:55:42', 'b3ffcdf9-b996-4e55-a590-cc565b2700f1'),
 ('12', '12', 'en_gb', 'Free at last - Karl Niblock', NULL, NULL, NULL, NULL, NULL, 'soundCloud', 'https://soundcloud.com/tc-lisburn/2016-07-10_am-free-at-last_mr-karl-niblock', NULL, NULL, NULL, NULL, NULL, NULL, NULL, NULL, NULL, NULL, NULL, NULL, NULL, NULL, NULL, NULL, NULL, '2016-08-04 15:53:59', '2016-08-18 11:55:42', '5418cd8f-fb9e-43ae-970d-60ebf156fde4'),
 ('13', '13', 'en_gb', NULL, '<p><strong>Sunday:</strong> 11:00am/6:30pm - <strong>Wednesday:</strong> Prayer 7:30pm</p>', NULL, NULL, NULL, NULL, NULL, NULL, 'Sunday: 11.00 am / 6.30 pm \r\nWednesday: Prayer: 7.30 pm', NULL, NULL, NULL, NULL, NULL, NULL, NULL, NULL, NULL, NULL, NULL, NULL, NULL, NULL, NULL, NULL, '2016-08-05 08:26:22', '2016-08-05 08:29:27', '32ade8fd-d2e0-4cdb-b587-d1b6bf4e0bda'),
 ('14', '14', 'en_gb', 'Connect Img 1', NULL, NULL, NULL, NULL, NULL, NULL, NULL, NULL, NULL, NULL, NULL, NULL, NULL, NULL, NULL, NULL, NULL, NULL, NULL, NULL, NULL, NULL, NULL, NULL, '2016-08-05 08:48:52', '2016-08-05 08:48:52', '4c2c4071-b4c3-4c5f-90e4-5303857f5a5f'),
 ('15', '15', 'en_gb', 'Connect Img 2', NULL, NULL, NULL, NULL, NULL, NULL, NULL, NULL, NULL, NULL, NULL, NULL, NULL, NULL, NULL, NULL, NULL, NULL, NULL, NULL, NULL, NULL, NULL, NULL, '2016-08-05 08:48:52', '2016-08-05 08:48:52', 'eea5c925-f3d8-4d1a-90ed-4bb06bb97687'),
 ('16', '16', 'en_gb', 'New Here', NULL, NULL, NULL, NULL, NULL, NULL, NULL, NULL, '[{\"col1\":\"What\\u2019s the Leadership Structure?\",\"col2\":\"The church is lead by a team of Elders and Deacons. The role of elders is to look after the spiritual life of every believer in the church and to teach the Bible. They do this with a serving heart and a leader\\u2019s mind. The deacons look after the administrative side of the ministry, offering spiritual insight into the practical life of the church. Nick Serb is a full time paid pastor and a very much integral part of the Elders\\u2019 team. His passion for teaching and vision is reflected in his leadership.\"},{\"col1\":\"What denomination is Transformation Centre?\",\"col2\":\"Transformation Centre is part of the Free Methodist Church Family in Europe. We hold to aWesleyan theology but above all to a Biblical and Orthodox heritage. Have a look at ourCore Beliefs here (link to a pdf document). What are the core beliefs? \"},{\"col1\":\"What\\u2019s the purpose \\/ vision of Transformation Centre?\",\"col2\":\"Our purpose statement is: Be Transformed To Transform. The idea is that Christ transforms us as we come to faith in Jesus Christ. (2 Cor. 5: 17) and as we are transformed daily (Romans 12: 1 -2) others are touched and called to transformation. As we serve God here on earth we also look for our final transformation when Jesus comes back to take us home. (Phil. 3: 21) It is our mission to improve the well being of everyone in the community by providing for their physical, mental and spiritual health. We do that by introducing people to the transforming love of God. Our goal is to love God, love others and make disciples. \"},{\"col1\":\"What role does Prayer have for Transformation Centre?\",\"col2\":\"We believe a church is lead from the prayer room not the board room. This means that everything we do stands because of Prayer. We emphasise a strong personal life of prayer but also a united Corporate Prayer Ministry. To us prayer is as vital as breathing. On Wednesday night you can expect to come and simply spend time with God, pray (out loud if you wish) and have others pray for you if you have a need. Prayer is where everything starts, because being Christians is having a personal encounter with God. \"},{\"col1\":\"How can I get involved?\",\"col2\":\"First of all we want to invite all people to know Jesus as their Lord and personal Saviour. As we can to this saving faith we want to encourage and equip believers to serve God according to their passion and gifts. Have a look at out Connect Page and see if there is anything that matches your passion. We are also looking to see people starting new things and serving God in new ways. Go to Join us Page, fill in the form and we will get in touch with you as soon as possible. \"}]', '<p>Welcome to TRANSFORMATION CENTRE (former Mount Zion). The church started around 30 years ago when a group of sincere believers sought to meet for fellowship and Bible study. It was their desire from the beginning to be real and honest about their faith. Now the church has a growing congregation built on the same principles of real and honest Christianity. Our purpose is to make disciples who glorify Christ in all things. We want to be as Biblical as possible, in doctrine and practice. I hope we can be a blessing to you, as you browse this site.</p>', '<p>On Sunday mornings we meet for worship and praise, the children have a time of singing and prayer, then there is preaching. Usually pastor Nick Serb preaches but sometimes we have other elders or guest speakers.The preaching is conversational, passionate and simple. On Sunday evenings we usually have a time of sharing when people talk about their experiences with God or whatever they struggle with, followed by a Bible study. On Wednesdays we meet to pray together and minister to one another.</p>', '<p>Sunday services are at 11.00 am and 6.30 pm. The prayer time on Wednesday is at 7.30 pm. For other events and times please look at our <a href=\"/events\">Events Page</a> and <a href=\"/connect\">Connect Page</a>.</p>', '<p>We know visiting a new church for the first time can be a bit overwhelming. Here at Transformation Centre, we have intentionally built a culture that is casual and friendly, where you can truly be yourself. We are a very informal and family friendly church. The music combines both familiar and not so familiar songs, lead from the front by a team of musicians. The preaching is most of the time dynamic and conversational where people are free to ask questions, join in and become part of the service.</p>', '<p>The best way to connect with us is to become part of the various ministries that take place in the church, getting to know the people, joining in our fellowship lunches and informal worship times. If you like sport we organise nights of football and volleyball. We would love the chance to know you better over a cup of coffee or tea. Find out more on our <a href=\"/connect\">connect page</a>.</p>', NULL, NULL, NULL, NULL, NULL, NULL, NULL, NULL, NULL, NULL, '2016-08-05 11:11:39', '2016-08-23 16:07:24', '4251e9c6-659f-4a65-b94f-e4de32045a8f'),
 ('17', '17', 'en_gb', 'About Us', '<p>We are a community church which started around 40 years ago, when a group of sincere believers sought to meet for fellowship and Bible study in Lisburn, Northern Ireland. From the beginning, their desire was to be real and honest about their faith. Now the church has a growing congregation built on the same principle of real and honest Christianity. As a community our purpose is to be transformed so others can know the transforming love of Jesus. We believe the Gospel of Jesus Christ, the Good News, is what transforms us. </p>\n\n<blockquote>“Our vision is to improve the well being of everyone in our community and to provide for their physical, mental and spiritual health.”</blockquote>\n\n\n\n\n\n<p>We believe in the transformational power of God, therefore we believe that God can transform anyone, no matter how sinful they think they are. We are an informal church and building relationships with people is very important to us. We want to get to know people and help where possible. Loving God, loving others and making disciples sums up all that we do.</p>\n\n\n\n\n\n<h3>What to Expect</h3>\n\n\n\n\n\n<hr /><p>On Sunday mornings we meet for worship and praise, the children have a time of singing and prayer, and then there is preaching. Usually pastor Nick Serb preaches but sometimes we have other elders or guest speakers. The preaching is conversational, passionate and simple. On Sunday evenings we usually have a time of sharing when people talk about their experiences with God or whatever they struggle with, followed by a Bible study. On Wednesdays we meet to pray together and minister to one another. </p>\n\n\n\n\n\n<p>We are a very informal and family friendly church. We like to think we are friendly and loving, and we are doing our best to welcome everyone. The music combines both the old and the contemporary, lead from the front by a team of musicians. The preaching is dynamic and people are free to ask questions, join in and become part of the service.</p>', NULL, NULL, NULL, NULL, NULL, NULL, NULL, NULL, NULL, NULL, NULL, NULL, NULL, NULL, NULL, NULL, NULL, NULL, NULL, NULL, NULL, NULL, NULL, '2016-08-05 13:44:45', '2016-08-23 16:07:54', 'e166a277-5d2b-46a2-bcc1-533bd127995f'),
 ('18', '18', 'en_gb', 'Nick Serb', NULL, NULL, NULL, NULL, NULL, NULL, NULL, NULL, NULL, NULL, NULL, NULL, NULL, NULL, NULL, NULL, NULL, NULL, NULL, NULL, NULL, NULL, NULL, NULL, '2016-08-05 14:45:05', '2016-08-05 14:45:05', 'db8f64ff-fcac-40a2-ae42-6aa3ffc64343'),
 ('19', '19', 'en_gb', 'Nick Serb', NULL, NULL, NULL, NULL, NULL, NULL, NULL, NULL, NULL, NULL, NULL, NULL, NULL, NULL, 'Pastor', 'https://twitter.com/t_c_lisburn', 'https://www.facebook.com/transformation.centre.7', 'nick@transformationcentre.co.uk', NULL, NULL, NULL, NULL, NULL, NULL, '2016-08-05 14:53:45', '2016-08-18 11:21:17', '5260942e-5223-47eb-bcb5-9e0bd75eaaac'),
 ('20', '20', 'en_gb', 'Andy Irwin', NULL, NULL, NULL, NULL, NULL, NULL, NULL, NULL, NULL, NULL, NULL, NULL, NULL, NULL, NULL, NULL, NULL, NULL, NULL, NULL, NULL, NULL, NULL, NULL, '2016-08-05 15:11:55', '2016-08-05 15:11:55', 'a1a36db5-f627-4c05-9626-413c8d5a4b49'),
 ('21', '21', 'en_gb', 'Andy Irwin', NULL, NULL, NULL, NULL, NULL, NULL, NULL, NULL, NULL, NULL, NULL, NULL, NULL, NULL, 'TBC', '', '', '', NULL, NULL, NULL, NULL, NULL, NULL, '2016-08-05 15:12:03', '2016-08-18 11:21:17', '32056812-8ba3-4bc2-9d16-93cc2eca6d4f'),
 ('22', '22', 'en_gb', 'Norman Moore', NULL, NULL, NULL, NULL, NULL, NULL, NULL, NULL, NULL, NULL, NULL, NULL, NULL, NULL, NULL, NULL, NULL, NULL, NULL, NULL, NULL, NULL, NULL, NULL, '2016-08-05 15:12:17', '2016-08-05 15:12:17', '4886c03a-3c38-4dd4-bb98-20c79fb5589e'),
 ('23', '23', 'en_gb', 'Norman Moore', NULL, NULL, NULL, NULL, NULL, NULL, NULL, NULL, NULL, NULL, NULL, NULL, NULL, NULL, 'TBC', '', '', '', NULL, NULL, NULL, NULL, NULL, NULL, '2016-08-05 15:12:29', '2016-08-18 11:21:17', '71e70b0e-733c-4e2e-a14a-a5ae14819f95'),
 ('24', '24', 'en_gb', 'Jll Bird', NULL, NULL, NULL, NULL, NULL, NULL, NULL, NULL, NULL, NULL, NULL, NULL, NULL, NULL, NULL, NULL, NULL, NULL, NULL, NULL, NULL, NULL, NULL, NULL, '2016-08-05 15:12:43', '2016-08-05 15:12:43', 'ecaae253-bcc4-4535-805d-86c22f1b59fb'),
 ('25', '25', 'en_gb', 'Jill Bird', NULL, NULL, NULL, NULL, NULL, NULL, NULL, NULL, NULL, NULL, NULL, NULL, NULL, NULL, 'Deaconess', '', '', '', NULL, NULL, NULL, NULL, NULL, NULL, '2016-08-05 15:12:49', '2016-08-18 11:21:17', 'c3960236-cae5-4f28-b46e-a5f75a9811b8'),
 ('26', '26', 'en_gb', 'Jim Bell', NULL, NULL, NULL, NULL, NULL, NULL, NULL, NULL, NULL, NULL, NULL, NULL, NULL, NULL, NULL, NULL, NULL, NULL, NULL, NULL, NULL, NULL, NULL, NULL, '2016-08-05 15:13:28', '2016-08-05 15:13:28', '30c8615b-48d3-4268-81b8-2d2243c1c368'),
 ('27', '27', 'en_gb', 'Jim Bell', NULL, NULL, NULL, NULL, NULL, NULL, NULL, NULL, NULL, NULL, NULL, NULL, NULL, NULL, 'Deacon', '', '', '', NULL, NULL, NULL, NULL, NULL, NULL, '2016-08-05 15:13:31', '2016-08-18 11:21:17', 'da24a59f-77a0-400f-b035-6d1e804decd1'),
 ('28', '28', 'en_gb', 'Clifford Irwin', NULL, NULL, NULL, NULL, NULL, NULL, NULL, NULL, NULL, NULL, NULL, NULL, NULL, NULL, NULL, NULL, NULL, NULL, NULL, NULL, NULL, NULL, NULL, NULL, '2016-08-05 15:17:33', '2016-08-05 15:17:33', '9002e49e-9e98-4d34-8509-1655af7cc10d'),
 ('29', '29', 'en_gb', 'Clifford Irwin', NULL, NULL, NULL, NULL, NULL, NULL, NULL, NULL, NULL, NULL, NULL, NULL, NULL, NULL, 'Deacon', '', '', '', NULL, NULL, NULL, NULL, NULL, NULL, '2016-08-05 15:17:36', '2016-08-18 11:21:17', '9bb6bcb6-343c-4e53-9f14-a8cddee75175'),
 ('30', '30', 'en_gb', 'Paul Dubei', NULL, NULL, NULL, NULL, NULL, NULL, NULL, NULL, NULL, NULL, NULL, NULL, NULL, NULL, NULL, NULL, NULL, NULL, NULL, NULL, NULL, NULL, NULL, NULL, '2016-08-05 15:18:36', '2016-08-05 15:18:36', '61448ef0-5f90-495e-b64b-ff40961e9cf4'),
 ('31', '31', 'en_gb', 'Peter Havenaar', NULL, NULL, NULL, NULL, NULL, NULL, NULL, NULL, NULL, NULL, NULL, NULL, NULL, NULL, NULL, NULL, NULL, NULL, NULL, NULL, NULL, NULL, NULL, NULL, '2016-08-05 15:18:36', '2016-08-05 15:18:36', '54dba4cd-37e6-4076-8c8e-9e66cba918ca'),
 ('32', '32', 'en_gb', 'Peter Havenaar', NULL, NULL, NULL, NULL, NULL, NULL, NULL, NULL, NULL, NULL, NULL, NULL, NULL, NULL, 'Deacon', '', '', '', NULL, NULL, NULL, NULL, NULL, NULL, '2016-08-05 15:18:41', '2016-08-18 11:21:17', '840a000d-8137-4f57-a3e4-5cfd3ad648f0'),
 ('33', '33', 'en_gb', 'Paul Debei', NULL, NULL, NULL, NULL, NULL, NULL, NULL, NULL, NULL, NULL, NULL, NULL, NULL, NULL, 'Deacon', '', '', '', NULL, NULL, NULL, NULL, NULL, NULL, '2016-08-05 15:19:03', '2016-08-18 11:21:17', '623a7caf-112b-4abd-8bb9-43c2b9225e0b'),
 ('34', '34', 'en_gb', 'Norman Wright', NULL, NULL, NULL, NULL, NULL, NULL, NULL, NULL, NULL, NULL, NULL, NULL, NULL, NULL, NULL, NULL, NULL, NULL, NULL, NULL, NULL, NULL, NULL, NULL, '2016-08-05 15:20:52', '2016-08-05 15:20:52', '9c00ef7a-db14-4379-b8e3-f34aafabb074'),
 ('35', '35', 'en_gb', 'Stephen Megrath', NULL, NULL, NULL, NULL, NULL, NULL, NULL, NULL, NULL, NULL, NULL, NULL, NULL, NULL, NULL, NULL, NULL, NULL, NULL, NULL, NULL, NULL, NULL, NULL, '2016-08-05 15:20:52', '2016-08-05 15:20:52', '68426dea-a182-443e-9a0b-a31643838a60'),
 ('36', '36', 'en_gb', 'Victor Irwin', NULL, NULL, NULL, NULL, NULL, NULL, NULL, NULL, NULL, NULL, NULL, NULL, NULL, NULL, NULL, NULL, NULL, NULL, NULL, NULL, NULL, NULL, NULL, NULL, '2016-08-05 15:20:52', '2016-08-05 15:20:52', 'ead338fe-5523-438b-b692-f8cf4ee6f5fa'),
 ('37', '37', 'en_gb', 'Norman Wright', NULL, NULL, NULL, NULL, NULL, NULL, NULL, NULL, NULL, NULL, NULL, NULL, NULL, NULL, 'Deacon', '', '', '', NULL, NULL, NULL, NULL, NULL, NULL, '2016-08-05 15:20:59', '2016-08-18 11:21:17', 'e551fb2f-0855-4c30-ab32-9693bbc025a9'),
 ('38', '38', 'en_gb', 'Victor Irwin', NULL, NULL, NULL, NULL, NULL, NULL, NULL, NULL, NULL, NULL, NULL, NULL, NULL, NULL, 'Deacon', '', '', '', NULL, NULL, NULL, NULL, NULL, NULL, '2016-08-05 15:21:28', '2016-08-18 11:21:17', '17f92018-ae53-46ad-ba52-b0c21fa08a6d'),
 ('39', '39', 'en_gb', 'Stephen Megrath', NULL, NULL, NULL, NULL, NULL, NULL, NULL, NULL, NULL, NULL, NULL, NULL, NULL, NULL, 'Deacon', '', '', '', NULL, NULL, NULL, NULL, NULL, NULL, '2016-08-05 15:21:37', '2016-08-18 11:21:17', 'a45cc965-01b1-4bb0-97a7-790cccbeea1d'),
 ('40', '40', 'en_gb', 'Care And Counsel Harmony Kennedy', NULL, NULL, NULL, NULL, NULL, NULL, NULL, NULL, NULL, NULL, NULL, NULL, NULL, NULL, NULL, NULL, NULL, NULL, NULL, NULL, NULL, NULL, NULL, NULL, '2016-08-05 15:23:47', '2016-08-05 15:23:47', 'b3a9e8e9-1d28-4480-8914-4b34d903e14f'),
 ('41', '41', 'en_gb', 'Impact Youth Nathan', NULL, NULL, NULL, NULL, NULL, NULL, NULL, NULL, NULL, NULL, NULL, NULL, NULL, NULL, NULL, NULL, NULL, NULL, NULL, NULL, NULL, NULL, NULL, NULL, '2016-08-05 15:23:48', '2016-08-05 15:23:48', '8523e6e5-c2bf-4b3d-9e21-bebce74925ad'),
 ('42', '42', 'en_gb', 'Pa To Pastor Nick Serb Derek Bird', NULL, NULL, NULL, NULL, NULL, NULL, NULL, NULL, NULL, NULL, NULL, NULL, NULL, NULL, NULL, NULL, NULL, NULL, NULL, NULL, NULL, NULL, NULL, NULL, '2016-08-05 15:23:48', '2016-08-05 15:23:48', '149a8ed7-a9a9-468e-abf9-e1057e89ab51'),
 ('43', '43', 'en_gb', 'Derek Bird', NULL, NULL, NULL, NULL, NULL, NULL, NULL, NULL, NULL, NULL, NULL, NULL, NULL, NULL, 'PA to Pastor Nick Serb', '', '', '', NULL, NULL, NULL, NULL, NULL, NULL, '2016-08-05 15:24:00', '2016-08-18 11:21:17', '3ccbb6fa-c157-41d5-9265-251543d3625a'),
 ('44', '44', 'en_gb', 'Harmony Kennedy', NULL, NULL, NULL, NULL, NULL, NULL, NULL, NULL, NULL, NULL, NULL, NULL, NULL, NULL, 'Care and Counsel', '', '', '', NULL, NULL, NULL, NULL, NULL, NULL, '2016-08-05 15:24:16', '2016-08-18 11:21:17', '044110fe-60e5-4a70-92e1-bd8f75d2d347'),
 ('45', '45', 'en_gb', 'Nathan Ivonici', NULL, NULL, NULL, NULL, NULL, NULL, NULL, NULL, NULL, NULL, NULL, NULL, NULL, NULL, 'Impact Youth', '', '', '', NULL, NULL, NULL, NULL, NULL, NULL, '2016-08-05 15:24:49', '2016-08-18 11:21:18', '4801f316-96a6-43f7-bbc7-ec02caf0c2a4'),
 ('46', '46', 'en_gb', 'Education Works Kerri Pinkerton', NULL, NULL, NULL, NULL, NULL, NULL, NULL, NULL, NULL, NULL, NULL, NULL, NULL, NULL, NULL, NULL, NULL, NULL, NULL, NULL, NULL, NULL, NULL, NULL, '2016-08-05 15:25:59', '2016-08-05 15:25:59', '7e17c499-fd58-43bc-9450-34577ce3cb3a'),
 ('47', '47', 'en_gb', 'Family Support Cathal Cullen', NULL, NULL, NULL, NULL, NULL, NULL, NULL, NULL, NULL, NULL, NULL, NULL, NULL, NULL, NULL, NULL, NULL, NULL, NULL, NULL, NULL, NULL, NULL, NULL, '2016-08-05 15:26:00', '2016-08-05 15:26:00', 'e08d3aa4-9fb6-48bd-b3b4-339d9cc70e31'),
 ('48', '48', 'en_gb', 'Music Matters Mark Ferguson', NULL, NULL, NULL, NULL, NULL, NULL, NULL, NULL, NULL, NULL, NULL, NULL, NULL, NULL, NULL, NULL, NULL, NULL, NULL, NULL, NULL, NULL, NULL, NULL, '2016-08-05 15:26:00', '2016-08-05 15:26:00', '4b7188ef-a7fd-4157-86a7-eba035cd3f2f'),
 ('49', '49', 'en_gb', 'Cathal Cullen', NULL, NULL, NULL, NULL, NULL, NULL, NULL, NULL, NULL, NULL, NULL, NULL, NULL, NULL, 'Family Support', '', '', '', NULL, NULL, NULL, NULL, NULL, NULL, '2016-08-05 15:26:10', '2016-08-18 11:21:18', '0e558e72-cf29-4747-9eb6-45b07ac1e2e3'),
 ('50', '50', 'en_gb', 'Kerry Pinkerton', NULL, NULL, NULL, NULL, NULL, NULL, NULL, NULL, NULL, NULL, NULL, NULL, NULL, NULL, 'Education Works', '', '', '', NULL, NULL, NULL, NULL, NULL, NULL, '2016-08-05 15:26:40', '2016-08-18 11:21:18', '24ab4755-58dd-4fda-869e-b7e1642b05f6'),
 ('51', '51', 'en_gb', 'Mark Ferguson', NULL, NULL, NULL, NULL, NULL, NULL, NULL, NULL, NULL, NULL, NULL, NULL, NULL, NULL, 'Music Matters', '', '', '', NULL, NULL, NULL, NULL, NULL, NULL, '2016-08-05 15:27:05', '2016-08-18 11:21:18', '60fb24a2-270b-45d5-8bd1-e9b44808d93d'),
 ('52', '52', 'en_gb', 'Kidsfor God Ruth Connolly', NULL, NULL, NULL, NULL, NULL, NULL, NULL, NULL, NULL, NULL, NULL, NULL, NULL, NULL, NULL, NULL, NULL, NULL, NULL, NULL, NULL, NULL, NULL, NULL, '2016-08-05 15:27:57', '2016-08-05 15:27:57', '0ebcefe0-3ef3-4b59-89cf-b5ecc98ff83f'),
 ('53', '53', 'en_gb', 'Missions Irene Cummings', NULL, NULL, NULL, NULL, NULL, NULL, NULL, NULL, NULL, NULL, NULL, NULL, NULL, NULL, NULL, NULL, NULL, NULL, NULL, NULL, NULL, NULL, NULL, NULL, '2016-08-05 15:27:57', '2016-08-05 15:27:57', 'cdac39bc-2bae-4dab-b5b2-e7978579c457'),
 ('54', '54', 'en_gb', 'Irene Cummings', NULL, NULL, NULL, NULL, NULL, NULL, NULL, NULL, NULL, NULL, NULL, NULL, NULL, NULL, 'Missions', '', '', '', NULL, NULL, NULL, NULL, NULL, NULL, '2016-08-05 15:28:06', '2016-08-18 11:21:18', 'a8e2cf7d-512f-4dce-866f-8e444c986428'),
 ('55', '55', 'en_gb', 'Ruth Connolly', NULL, NULL, NULL, NULL, NULL, NULL, NULL, NULL, NULL, NULL, NULL, NULL, NULL, NULL, 'Kids for God', '', '', '', NULL, NULL, NULL, NULL, NULL, NULL, '2016-08-05 15:28:24', '2016-08-18 11:21:18', '00ab5667-61e8-414a-abf1-66f35451ed6d'),
 ('56', '56', 'en_gb', 'Deathto Stock Energyand Serenity2', NULL, NULL, NULL, NULL, NULL, NULL, NULL, NULL, NULL, NULL, NULL, NULL, NULL, NULL, NULL, NULL, NULL, NULL, NULL, NULL, NULL, NULL, NULL, NULL, '2016-08-08 09:03:32', '2016-08-08 09:03:32', 'f8ebd340-3b31-4b83-b1af-d2cca37c026c'),
 ('57', '57', 'en_gb', 'Dscf7252', NULL, NULL, NULL, NULL, NULL, NULL, NULL, NULL, NULL, NULL, NULL, NULL, NULL, NULL, NULL, NULL, NULL, NULL, NULL, NULL, NULL, NULL, NULL, NULL, '2016-08-08 09:04:43', '2016-08-08 09:04:43', '4d1a34eb-cfca-407e-a74c-62af0f38d1c4'),
 ('58', '58', 'en_gb', 'Death To Stock Photography Weekend Work 10 Of 10', NULL, NULL, NULL, NULL, NULL, NULL, NULL, NULL, NULL, NULL, NULL, NULL, NULL, NULL, NULL, NULL, NULL, NULL, NULL, NULL, NULL, NULL, NULL, NULL, '2016-08-08 09:06:16', '2016-08-08 09:06:16', '78853ef6-0297-48a6-b45d-c8818d53b3ff'),
 ('59', '59', 'en_gb', 'Maecenas nisi risus, mollis sed ligula', '', '', NULL, NULL, NULL, NULL, NULL, NULL, NULL, NULL, NULL, NULL, NULL, NULL, NULL, NULL, NULL, NULL, 'Vestibulum sodales et dui placerat feugiat. Etiam vitae purus aliquam, pretium urna ut, elementum leo. Pellentesque et libero suscipit, luctus metus sed, blandit leo. Class aptent taciti sociosqu ad litora torquent per conubia nostra, per inceptos himenaeos. Donec at lorem volutpat, blandit arcu a, venenatis magna. Morbi quis erat ligula. Sed tempor turpis tellus, non finibus ex condimentum at. Pellentesque congue diam non metus consectetur, ut fringilla ex commodo. Donec quis nulla ac tortor convallis interdum.', 'http://sugarrushcreative.com/', '2016-08-16 12:00:00', NULL, NULL, NULL, '2016-08-08 09:07:03', '2016-08-18 11:35:35', 'bd9d79d5-b59b-4a7d-a374-fc2f0aa3f8cb'),
 ('60', '60', 'en_gb', 'Nulla laoreet nibh sit amet', NULL, NULL, NULL, NULL, NULL, NULL, NULL, NULL, NULL, NULL, NULL, NULL, NULL, NULL, NULL, NULL, NULL, NULL, 'Sed quis purus sit amet mauris tincidunt mattis congue vel risus. Donec vel lacinia dolor, porttitor pellentesque purus. Donec ornare luctus orci a tempus. Sed tincidunt blandit urna euismod posuere. Nulla laoreet nibh sit amet tellus rhoncus, ac maximus urna commodo. Quisque eleifend urna eget ante ullamcorper efficitur. Nullam quis augue metus. Nam ut hendrerit ligula, at fermentum odio. Pellentesque imperdiet est turpis, sit amet convallis turpis faucibus eget. Pellentesque id ex in nisi luctus placerat.', '', '2016-08-12 20:00:00', NULL, NULL, NULL, '2016-08-08 09:15:45', '2016-08-18 11:35:35', '6bddd933-24db-423f-aab2-215bdb9f067c'),
 ('61', '61', 'en_gb', 'Men For God', NULL, NULL, NULL, NULL, NULL, NULL, NULL, NULL, NULL, NULL, NULL, NULL, NULL, NULL, NULL, NULL, NULL, NULL, NULL, NULL, NULL, NULL, NULL, NULL, '2016-08-08 11:42:00', '2016-08-08 11:42:00', 'c822e43e-0786-42c5-9a54-60dc3c78d6c0'),
 ('62', '62', 'en_gb', 'Women For God', NULL, NULL, NULL, NULL, NULL, NULL, NULL, NULL, NULL, NULL, NULL, NULL, NULL, NULL, NULL, NULL, NULL, NULL, NULL, NULL, NULL, NULL, NULL, NULL, '2016-08-08 11:42:12', '2016-08-08 11:42:12', 'ecf4d1a8-a316-449b-b075-435a9cfa4560'),
 ('63', '63', 'en_gb', 'Youth For God', NULL, NULL, NULL, NULL, NULL, NULL, NULL, NULL, NULL, NULL, NULL, NULL, NULL, NULL, NULL, NULL, NULL, NULL, NULL, NULL, NULL, NULL, NULL, NULL, '2016-08-08 11:42:36', '2016-08-08 13:56:43', 'dff14c65-7b3d-4a83-84db-ede4f18f1abf'),
 ('64', '64', 'en_gb', 'Kids For God', NULL, NULL, NULL, NULL, NULL, NULL, NULL, NULL, NULL, NULL, NULL, NULL, NULL, NULL, NULL, NULL, NULL, NULL, NULL, NULL, NULL, NULL, NULL, NULL, '2016-08-08 11:42:55', '2016-08-08 11:43:03', '71ffdaf0-d9a4-4f53-b8e4-d2bb74dd0f05'),
 ('65', '65', 'en_gb', 'Church', NULL, NULL, NULL, NULL, NULL, NULL, NULL, NULL, NULL, NULL, NULL, NULL, NULL, NULL, NULL, NULL, NULL, NULL, NULL, NULL, NULL, NULL, NULL, NULL, '2016-08-08 15:53:37', '2016-08-08 15:53:37', '643adfce-d19d-4d46-837f-bddb2bc9b78e'),
 ('66', '66', 'en_gb', 'Community', NULL, NULL, NULL, NULL, NULL, NULL, NULL, NULL, NULL, NULL, NULL, NULL, NULL, NULL, NULL, NULL, NULL, NULL, NULL, NULL, NULL, NULL, NULL, NULL, '2016-08-08 15:53:42', '2016-08-08 15:53:42', 'b46eb670-b391-4555-8f49-3cc2ab8494c3'),
 ('67', '67', 'en_gb', 'Care', NULL, NULL, NULL, NULL, NULL, NULL, NULL, NULL, NULL, NULL, NULL, NULL, NULL, NULL, NULL, NULL, NULL, NULL, NULL, NULL, NULL, NULL, NULL, NULL, '2016-08-08 15:53:47', '2016-08-08 15:53:47', '9c6b3d0e-5ba2-47cb-95b0-8278585e356a'),
 ('68', '68', 'en_gb', 'Creativity Works', NULL, NULL, NULL, NULL, NULL, NULL, NULL, NULL, NULL, NULL, NULL, NULL, NULL, NULL, NULL, NULL, NULL, NULL, NULL, NULL, NULL, NULL, NULL, NULL, '2016-08-08 15:56:57', '2016-08-08 15:56:57', 'd91fbd1b-f8ca-47f7-9244-e9c108e689f0'),
 ('69', '69', 'en_gb', 'Discipleship Works', NULL, NULL, NULL, NULL, NULL, NULL, NULL, NULL, NULL, NULL, NULL, NULL, NULL, NULL, NULL, NULL, NULL, NULL, NULL, NULL, NULL, NULL, NULL, NULL, '2016-08-08 15:56:58', '2016-08-08 15:56:58', 'b087aec9-df12-4562-8723-954e124fb49b'),
 ('70', '70', 'en_gb', 'Education Works', NULL, NULL, NULL, NULL, NULL, NULL, NULL, NULL, NULL, NULL, NULL, NULL, NULL, NULL, NULL, NULL, NULL, NULL, NULL, NULL, NULL, NULL, NULL, NULL, '2016-08-08 15:56:58', '2016-08-08 15:56:58', '967d9177-e0b7-49bc-81c3-a37d7e36a729'),
 ('71', '71', 'en_gb', 'Family Support', NULL, NULL, NULL, NULL, NULL, NULL, NULL, NULL, NULL, NULL, NULL, NULL, NULL, NULL, NULL, NULL, NULL, NULL, NULL, NULL, NULL, NULL, NULL, NULL, '2016-08-08 15:56:58', '2016-08-08 15:56:58', '54148c9b-71b5-42db-8209-b0b7beaa2443'),
 ('72', '72', 'en_gb', 'Friendship Works', NULL, NULL, NULL, NULL, NULL, NULL, NULL, NULL, NULL, NULL, NULL, NULL, NULL, NULL, NULL, NULL, NULL, NULL, NULL, NULL, NULL, NULL, NULL, NULL, '2016-08-08 15:56:58', '2016-08-08 15:56:58', 'aff32c51-430d-4dbf-8e3b-fcd62abf7477'),
 ('73', '73', 'en_gb', 'Higher Ground', NULL, NULL, NULL, NULL, NULL, NULL, NULL, NULL, NULL, NULL, NULL, NULL, NULL, NULL, NULL, NULL, NULL, NULL, NULL, NULL, NULL, NULL, NULL, NULL, '2016-08-08 15:56:59', '2016-08-08 15:56:59', '329b9b17-c82c-4274-9b20-6a7bb9a5a92b'),
 ('74', '74', 'en_gb', 'Impact Ministries', NULL, NULL, NULL, NULL, NULL, NULL, NULL, NULL, NULL, NULL, NULL, NULL, NULL, NULL, NULL, NULL, NULL, NULL, NULL, NULL, NULL, NULL, NULL, NULL, '2016-08-08 15:56:59', '2016-08-08 15:56:59', '3d6a1951-a4d7-4ef9-85b5-dadc6ffab874'),
 ('75', '75', 'en_gb', 'Inclusion Works', NULL, NULL, NULL, NULL, NULL, NULL, NULL, NULL, NULL, NULL, NULL, NULL, NULL, NULL, NULL, NULL, NULL, NULL, NULL, NULL, NULL, NULL, NULL, NULL, '2016-08-08 15:56:59', '2016-08-08 15:56:59', 'fb45c228-5492-4245-b4df-a342471d8ab9'),
 ('76', '76', 'en_gb', 'Kids For God', NULL, NULL, NULL, NULL, NULL, NULL, NULL, NULL, NULL, NULL, NULL, NULL, NULL, NULL, NULL, NULL, NULL, NULL, NULL, NULL, NULL, NULL, NULL, NULL, '2016-08-08 15:57:00', '2016-08-08 15:57:00', 'c98fbf3f-a129-4954-817a-e1776014b583'),
 ('77', '77', 'en_gb', 'Leadership Works', NULL, NULL, NULL, NULL, NULL, NULL, NULL, NULL, NULL, NULL, NULL, NULL, NULL, NULL, NULL, NULL, NULL, NULL, NULL, NULL, NULL, NULL, NULL, NULL, '2016-08-08 15:57:00', '2016-08-08 15:57:00', 'dfb886d4-e6b6-4811-903f-c06838d2a224'),
 ('78', '78', 'en_gb', 'Media Works', NULL, NULL, NULL, NULL, NULL, NULL, NULL, NULL, NULL, NULL, NULL, NULL, NULL, NULL, NULL, NULL, NULL, NULL, NULL, NULL, NULL, NULL, NULL, NULL, '2016-08-08 15:57:00', '2016-08-08 15:57:00', '7c6f4d46-b936-4afa-9ae2-20efaf470855'),
 ('79', '79', 'en_gb', 'Men For God', NULL, NULL, NULL, NULL, NULL, NULL, NULL, NULL, NULL, NULL, NULL, NULL, NULL, NULL, NULL, NULL, NULL, NULL, NULL, NULL, NULL, NULL, NULL, NULL, '2016-08-08 15:57:00', '2016-08-08 15:57:00', 'a9201532-ab05-4923-ac85-2270a0fa80ba'),
 ('80', '80', 'en_gb', 'Music Works', NULL, NULL, NULL, NULL, NULL, NULL, NULL, NULL, NULL, NULL, NULL, NULL, NULL, NULL, NULL, NULL, NULL, NULL, NULL, NULL, NULL, NULL, NULL, NULL, '2016-08-08 15:57:01', '2016-08-08 15:57:01', '79c813e8-f951-4935-85fc-8465dd74a488'),
 ('81', '81', 'en_gb', 'Prayer Works', NULL, NULL, NULL, NULL, NULL, NULL, NULL, NULL, NULL, NULL, NULL, NULL, NULL, NULL, NULL, NULL, NULL, NULL, NULL, NULL, NULL, NULL, NULL, NULL, '2016-08-08 15:57:01', '2016-08-08 15:57:01', '9afc3626-67ef-43b6-8796-e23f2524f1f7'),
 ('82', '82', 'en_gb', 'Sheltered Housing', NULL, NULL, NULL, NULL, NULL, NULL, NULL, NULL, NULL, NULL, NULL, NULL, NULL, NULL, NULL, NULL, NULL, NULL, NULL, NULL, NULL, NULL, NULL, NULL, '2016-08-08 15:57:01', '2016-08-08 15:57:01', 'e10ca88f-65d4-40b7-a788-75799816d2d3'),
 ('83', '83', 'en_gb', 'Sport Works', NULL, NULL, NULL, NULL, NULL, NULL, NULL, NULL, NULL, NULL, NULL, NULL, NULL, NULL, NULL, NULL, NULL, NULL, NULL, NULL, NULL, NULL, NULL, NULL, '2016-08-08 15:57:02', '2016-08-08 15:57:02', '53922884-adf4-4064-b5d3-2f37649289c8'),
 ('84', '84', 'en_gb', 'Women For God', NULL, NULL, NULL, NULL, NULL, NULL, NULL, NULL, NULL, NULL, NULL, NULL, NULL, NULL, NULL, NULL, NULL, NULL, NULL, NULL, NULL, NULL, NULL, NULL, '2016-08-08 15:57:02', '2016-08-08 15:57:02', '909dc219-f631-4e9d-b0b1-d859de7a9f79'),
 ('85', '85', 'en_gb', 'Church Planting', NULL, NULL, NULL, NULL, NULL, NULL, NULL, NULL, NULL, NULL, NULL, NULL, NULL, NULL, NULL, NULL, NULL, NULL, NULL, NULL, NULL, NULL, NULL, NULL, '2016-08-08 15:57:15', '2016-08-08 15:57:15', 'a8f1112b-535c-48a0-841f-a565f27a772b'),
 ('86', '86', 'en_gb', 'Kids for God', NULL, NULL, NULL, NULL, NULL, NULL, NULL, 'This is a ministry to children. Children church takes place during the morning service on Sundays. Children are taught in an age appropriate environment from nursery age to year 1 in high school. Kid zone takes place on a Friday night where children can have some fun and learn about God.', NULL, NULL, NULL, NULL, NULL, NULL, NULL, NULL, NULL, NULL, NULL, NULL, NULL, '<p>This is a ministry to children. Children church takes place during the morning service on Sundays. Children are taught in an age appropriate environment from nursery age to year 1 in high school. Kid zone takes place on a Friday night where children can have some fun and learn about God.<br /></p>', NULL, NULL, '2016-08-08 16:00:03', '2016-08-08 16:03:00', '6ded8555-31f7-4ab2-8d3e-1d03d809ba4a'),
 ('87', '87', 'en_gb', 'Youth for God', NULL, NULL, NULL, NULL, NULL, NULL, NULL, 'Impact is a ministry to Teens, Youth and Young adults. It reaches out to those who are not usually represented by traditional ministries. It has a mission emphasis, by purposely reaching out to young people of all ages in the community, creating a safe environment, away from any harmful influences. Some parts of this project are still being developed. ', NULL, NULL, NULL, NULL, NULL, NULL, NULL, NULL, NULL, NULL, NULL, NULL, NULL, '<p>Youth for God reaches out to younger people in our community, especially those who are not usually represented by traditional ministries. It has a mission emphasis, by purposely reaching out to young people of all ages in the community, creating a safe environment, away from any harmful influences.  </p>', NULL, NULL, '2016-08-08 16:00:45', '2016-08-23 16:38:18', 'db721855-0bb0-4075-9d5f-6197cebf9654'),
 ('88', '88', 'en_gb', 'Men for God', NULL, NULL, NULL, NULL, NULL, NULL, NULL, NULL, NULL, NULL, NULL, NULL, NULL, NULL, NULL, NULL, NULL, NULL, NULL, NULL, NULL, '<p>The purpose for this ministry is to revive the men of Ireland. The men meet every other Monday night for discipleship and fellowship. There are annual conferences and retreats which enable men to grow together in their faith. For more details visit <a href=\"http://www.menforgod.co.uk\">www.menforgod.co.uk</a><br /></p>', NULL, NULL, '2016-08-08 16:03:54', '2016-08-08 16:03:54', '667e612e-0549-43ad-ae1e-f82dc41bd51f'),
 ('89', '89', 'en_gb', 'Women for God', NULL, NULL, NULL, NULL, NULL, NULL, NULL, NULL, NULL, NULL, NULL, NULL, NULL, NULL, NULL, NULL, NULL, NULL, NULL, NULL, NULL, '<p>The purpose for this ministry us to create an environment for women to support one another and learn together how to grow in faith. The women meed every other Monday night for a Bible study, discussing and good fun and fellowship. There are also conferences organised with topics related to women. For more details visit <a href=\"http://www.womenforgod.co.uk\">www.womenforgod.co.uk</a><br /></p>', NULL, NULL, '2016-08-08 16:13:15', '2016-08-08 16:13:15', '943013ac-cfb5-4ce4-8f95-19eae8dac05c'),
 ('90', '90', 'en_gb', 'Music Works', NULL, NULL, NULL, NULL, NULL, NULL, NULL, NULL, NULL, NULL, NULL, NULL, NULL, NULL, NULL, NULL, NULL, NULL, NULL, NULL, NULL, '<p>Our music ministry is developed to encourage the church to worship and not just sing songs. We want to encourage all those with a gift and a desire for singing to get involved and grow in their gifts. The music team meets every first Saturday in the month for fellowship, rehearsal and practical workshops for different instruments.<br /></p>', NULL, NULL, '2016-08-08 16:14:39', '2016-08-08 16:14:39', '5cfb7272-0fff-4a31-b87e-2284573238d9'),
 ('91', '91', 'en_gb', 'Media Works', NULL, NULL, NULL, NULL, NULL, NULL, NULL, NULL, NULL, NULL, NULL, NULL, NULL, NULL, NULL, NULL, NULL, NULL, NULL, NULL, NULL, '<p>This is a ministry that takes the message of transformation through the power of the Gospel and creatively spreads it through the internet and the social media. The media team is developing ways in which we can communicate with the world, audio and video, and share the transforming love of God.</p>', NULL, NULL, '2016-08-08 16:15:29', '2016-08-08 16:15:29', '94007fae-fac9-4151-bac6-a94937c20452'),
 ('92', '92', 'en_gb', 'Church Planting', NULL, NULL, NULL, NULL, NULL, NULL, NULL, NULL, NULL, NULL, NULL, NULL, NULL, NULL, NULL, NULL, NULL, NULL, NULL, NULL, NULL, '<p>It is all about spreading the Good News of Jesus Christ and taking this Gospel to places that are in need. This means locally and all over the world. We aim at preparing and training church planters who are ready to pioneer church plants in Ireland (North and South) and beyond. </p>', NULL, NULL, '2016-08-08 16:16:07', '2016-08-18 09:22:20', '8ab4470a-f606-4b9c-b531-46365f5f5b9a'),
 ('93', '93', 'en_gb', 'Prayer Works', NULL, NULL, NULL, NULL, NULL, NULL, NULL, NULL, NULL, NULL, NULL, NULL, NULL, NULL, NULL, NULL, NULL, NULL, NULL, NULL, NULL, '<p>Prayer is the power engine of everything we do. We meet regularly, on Wednesdays, to pray for one another, for the church and for the community. We believe that prayer works, therefore we pray for the sick and the needy. We want to offer prayer to all those in need of prayer support. For how that works please visit <a href=\"http://www.prayerworks.co.uk\">www.prayerworks.co.uk</a></p>', NULL, NULL, '2016-08-09 08:24:58', '2016-08-09 08:25:06', '6c387cb4-c169-4384-b0cf-9e1cd9eacec5'),
 ('94', '94', 'en_gb', 'Higher Ground', NULL, NULL, NULL, NULL, NULL, NULL, NULL, NULL, NULL, NULL, NULL, NULL, NULL, NULL, NULL, NULL, NULL, NULL, NULL, NULL, NULL, '<p>We want to provide a community space where people can enjoy healthy food with quality coffee and tea. We value the building of healthy relationships and community integration for all people. Higher Ground has operated before as a coffee shop in Gregg Street. <br /></p>', NULL, NULL, '2016-08-09 08:25:43', '2016-08-18 14:49:59', '789e3acb-f49c-4139-ba79-4dd0c8992cee'),
 ('95', '95', 'en_gb', 'Education Works', NULL, NULL, NULL, NULL, NULL, NULL, NULL, NULL, NULL, NULL, NULL, NULL, NULL, NULL, NULL, NULL, NULL, NULL, NULL, NULL, NULL, '<p>This is a project that supports Primary and Secondary school children with their Reading and Writing skills. It also develops courses for the elderly on basic skills computer and internet basic skills. Our centre is equipped with a computer room. We value good education and support for all people to achieve and do better in their education. </p>', NULL, NULL, '2016-08-09 08:26:31', '2016-08-18 09:23:18', '1d2facf7-f1b3-4b68-9fd7-65b3150e9c46'),
 ('96', '96', 'en_gb', 'Creativity Works', NULL, NULL, NULL, NULL, NULL, NULL, NULL, NULL, NULL, NULL, NULL, NULL, NULL, NULL, NULL, NULL, NULL, NULL, NULL, NULL, NULL, '<p>This is a project that encourages people who are creative or passionate about the creative arts. We want to use our creativity and the artistic skills to share the wonderful message of God’s transforming love. Art is an amazing tool for allowing people to express themselves.  </p>', NULL, NULL, '2016-08-09 08:27:07', '2016-08-18 14:47:57', 'eb6e26e6-d434-4919-af93-5d49f0bcfb08'),
 ('97', '97', 'en_gb', 'Sport Works', NULL, NULL, NULL, NULL, NULL, NULL, NULL, NULL, NULL, NULL, NULL, NULL, NULL, NULL, NULL, NULL, NULL, NULL, NULL, NULL, NULL, '<p>We value the health of our body, soul and spirit. For that we encourage people to do sport as a way to keep our bodies healthy. We have regular sessions where we teach people how to play volleyball and have fun with it. For those that love football, there is a weekly session organised for fun and exercise. Please <a href=\"http://transformationcentre.sugarrushdemo.com/contact\">contact us</a> for more details. </p>', NULL, NULL, '2016-08-09 08:27:41', '2016-08-18 14:48:49', '42a36595-40bc-4cb5-b503-a3bfb3c82461'),
 ('98', '98', 'en_gb', 'Leadership Works', NULL, NULL, NULL, NULL, NULL, NULL, NULL, NULL, NULL, NULL, NULL, NULL, NULL, NULL, NULL, NULL, NULL, NULL, NULL, NULL, NULL, '<p>Every church must be lead by a group of spiritual leaders who understand their responsibility and fulfil it with joy. But this is not just about church leadership, but any leadership. All those who are in a place of leadership, at home or at work, are being trained and advised on how to become better leaders. This is done by one off seminars, one to one mentoring and training programmes. </p>', NULL, NULL, '2016-08-09 08:28:19', '2016-08-09 08:28:19', 'f07507e0-b916-4573-b075-c3417d2bb53d'),
 ('99', '99', 'en_gb', 'Family Support', NULL, NULL, NULL, NULL, NULL, NULL, NULL, NULL, NULL, NULL, NULL, NULL, NULL, NULL, NULL, NULL, NULL, NULL, NULL, NULL, NULL, '<p>We value family as being the foundation of every society. A healthy and loving environment at home will create healthy characters in our children. We are passionate about family and encourage every family, including the single parents family, to be part of this amazing project. We will be offering parenting seminars and workshops with other specific activities for family. </p>', NULL, NULL, '2016-08-09 08:28:51', '2016-08-18 09:22:50', 'b16ffca9-9f59-4134-bafd-fe93e60311c3'),
 ('100', '100', 'en_gb', 'Care And Counsel', NULL, NULL, NULL, NULL, NULL, NULL, NULL, NULL, NULL, NULL, NULL, NULL, NULL, NULL, NULL, NULL, NULL, NULL, NULL, NULL, NULL, NULL, NULL, NULL, '2016-08-09 08:32:16', '2016-08-09 08:32:16', '25d0511d-c7ea-49ee-9e45-73bab9ea2d6a'),
 ('101', '101', 'en_gb', 'Care and Counsel', NULL, NULL, NULL, NULL, NULL, NULL, NULL, NULL, NULL, NULL, NULL, NULL, NULL, NULL, NULL, NULL, NULL, NULL, NULL, NULL, NULL, '<p>We have a team of dedicated volunteers to support you in your time of need. Whether you have a mental health issue of simply struggle with difficulties in life, we want to be there for you. You can <a href=\"http://transformationcentre.sugarrushdemo.com/contact\">contact us</a> by phone, email or fill in the form on the contact page. We will be in touch with you for an appointment within a week.</p>', NULL, NULL, '2016-08-09 08:32:25', '2016-08-18 14:52:23', '8c05e8ee-1164-438d-86d3-2e678897405d'),
 ('102', '102', 'en_gb', 'Discipleship Works', NULL, NULL, NULL, NULL, NULL, NULL, NULL, NULL, NULL, NULL, NULL, NULL, NULL, NULL, NULL, NULL, NULL, NULL, NULL, NULL, NULL, '<p>The great commission was given to us to make disciples not converts. The discipleship course: Back to Basics is run every three years and also when it becomes necessary. It aims at teaching every person the most basics elements of the Christian faith in a very dynamic and interactive way. Please <a href=\"http://transformationcentre.sugarrushdemo.com/contact\">contact us</a> for more details. <br /></p>', NULL, NULL, '2016-08-09 08:33:01', '2016-08-18 14:50:47', 'e06df3f7-80a3-4099-8548-ce1b99426d9d');
INSERT INTO `craft_content` (`id`, `elementId`, `locale`, `title`, `field_body`, `field_siteUrl`, `field_whyDoesTheChurchNeedMe`, `field_whatNext`, `field_pageDescription`, `field_mediaType`, `field_mediaLink`, `field_text`, `field_faq`, `field_beTransformedToTransform`, `field_mainMeetingTimes`, `field_timesLocation`, `field_whatToExpect`, `field_getConnected`, `field_role`, `field_twitterLink`, `field_facebookLink`, `field_email`, `field_description`, `field_moreInfoLink`, `field_timeAndDate`, `field_connectDescription`, `field_videoUrl`, `field_blogCategory`, `dateCreated`, `dateUpdated`, `uid`) VALUES
 ('103', '103', 'en_gb', 'Inclusion Works', NULL, NULL, NULL, NULL, NULL, NULL, NULL, NULL, NULL, NULL, NULL, NULL, NULL, NULL, NULL, NULL, NULL, NULL, NULL, NULL, NULL, '<p>This is a project for those who physical and intellectual disability. We understand the value of belonging and inclusion within a community. We are developing a Sensory Room for children and adults with sensory disability. Our team is dedicated to make the best of every opportunity to include children and adults with any kind of disability. </p>', NULL, NULL, '2016-08-09 08:33:44', '2016-08-18 09:23:55', 'c111fc99-0f94-4298-a135-c0b1bebb720b'),
 ('104', '104', 'en_gb', 'Friendship Works', NULL, NULL, NULL, NULL, NULL, NULL, NULL, NULL, NULL, NULL, NULL, NULL, NULL, NULL, NULL, NULL, NULL, NULL, NULL, NULL, NULL, '<p>Loneliness is one of the main causes to a poor mental health. The Friendship Club has been creating a space for people to get together and fight against loneliness. We do this by organising monthly activities and annual trips for all those who are in need of friendship. <strong>Currently, this project is being redeveloped for September 2016.</strong></p>', NULL, NULL, '2016-08-09 08:34:21', '2016-08-09 08:34:21', 'da5f926b-bbb1-45bd-9668-ea436ae78fb5'),
 ('105', '105', 'en_gb', 'Sheltered Housing', NULL, NULL, NULL, NULL, NULL, NULL, NULL, NULL, NULL, NULL, NULL, NULL, NULL, NULL, NULL, NULL, NULL, NULL, NULL, NULL, NULL, '<p>Homelessness is a frightening prospective and as a church we would like to be able to provide temporary accommodation for those who are homeless or in the process of acquiring permanent accommodation. It is also vital for those recovering from addiction or trying to move away from a toxic environment to be able to have temporary shelter. </p>', NULL, NULL, '2016-08-09 08:35:01', '2016-08-18 09:23:42', '89bcc617-6473-4ca7-9249-739315c6a03a'),
 ('109', '109', 'en_gb', 'Encountering God – 26th October 2013', '<p>Maecenas bibendum urna sapien, mattis convallis nisi tempor vel. Praesent auctor ipsum non feugiat efficitur. Vestibulum viverra, purus eget condimentum vulputate, quam mauris rutrum nulla, non molestie nisi quam vitae justo. Ut consectetur dui ullamcorper pharetra condimentum. Aliquam imperdiet nulla sit amet blandit luctus. Curabitur non bibendum nibh. Nulla congue nibh quam, sed iaculis lorem egestas maximus. Maecenas libero justo, eleifend euismod libero eget, pulvinar aliquet ligula. Vivamus eget leo nulla. Vestibulum augue felis, maximus a ipsum id, luctus porta turpis. Nunc rhoncus venenatis quam sed maximus. Ut a lorem consectetur, vulputate metus eu, dictum mauris. Donec fermentum aliquam interdum. Nulla in orci vitae metus ornare viverra. Phasellus sed nisi interdum metus faucibus dictum. Nam porttitor porttitor sapien</p>\n\n<p>Vestibulum ante ipsum primis in faucibus orci luctus et ultrices posuere cubilia Curae; Vivamus consequat et nibh imperdiet feugiat. Donec efficitur orci eu nisl aliquet efficitur. Nunc nec dolor et erat porttitor sodales. Vestibulum massa velit, tempor eu condimentum eget, lobortis a ex. Nullam ornare vel nibh hendrerit bibendum. Etiam vitae est id neque lobortis gravida sit amet pharetra dui.</p>\n\n\n\n<p>Morbi tempor nunc eget ex tincidunt gravida et a ex. Nunc at felis sapien. Maecenas quis lobortis felis. Suspendisse ultrices eu orci id pulvinar. Sed sagittis arcu eget suscipit tristique. Donec gravida felis vestibulum enim viverra condimentum. Mauris eleifend luctus arcu, sed vestibulum velit sodales ac</p>', NULL, NULL, NULL, NULL, NULL, NULL, NULL, NULL, NULL, NULL, NULL, NULL, NULL, NULL, NULL, NULL, NULL, NULL, NULL, NULL, NULL, '', 'news', '2016-08-09 11:03:00', '2016-08-18 11:24:05', '9c6c1816-aff5-4ad3-9291-cc8332796e0f'),
 ('110', '110', 'en_gb', 'Phasellus accumsan quis', '<p>Maecenas bibendum urna sapien, mattis convallis nisi tempor vel. Praesent auctor ipsum non feugiat efficitur. Vestibulum viverra, purus eget condimentum vulputate, quam mauris rutrum nulla, non molestie nisi quam vitae justo. Ut consectetur dui ullamcorper pharetra condimentum. Aliquam imperdiet nulla sit amet blandit luctus. Curabitur non bibendum nibh. Nulla congue nibh quam, sed iaculis lorem egestas maximus. Maecenas libero justo, eleifend euismod libero eget, pulvinar aliquet ligula. Vivamus eget leo nulla. Vestibulum augue felis, maximus a ipsum id, luctus porta turpis. Nunc rhoncus venenatis quam sed maximus. Ut a lorem consectetur, vulputate metus eu, dictum mauris. Donec fermentum aliquam interdum. Nulla in orci vitae metus ornare viverra. Phasellus sed nisi interdum metus faucibus dictum. Nam porttitor porttitor sapien.</p>\n\n<p>Vestibulum ante ipsum primis in faucibus orci luctus et ultrices posuere cubilia Curae; Vivamus consequat et nibh imperdiet feugiat. Donec efficitur orci eu nisl aliquet efficitur. Nunc nec dolor et erat porttitor sodales. Vestibulum massa velit, tempor eu condimentum eget, lobortis a ex. Nullam ornare vel nibh hendrerit bibendum. Etiam vitae est id neque lobortis gravida sit amet pharetra dui.</p>\n\n\n\n\n\n<p>Morbi tempor nunc eget ex tincidunt gravida et a ex. Nunc at felis sapien. Maecenas quis lobortis felis. Suspendisse ultrices eu orci id pulvinar. Sed sagittis arcu eget suscipit tristique. Donec gravida felis vestibulum enim viverra condimentum. Mauris eleifend luctus arcu, sed vestibulum velit sodales ac.</p>', NULL, NULL, NULL, NULL, NULL, NULL, NULL, NULL, NULL, NULL, NULL, NULL, NULL, NULL, NULL, NULL, NULL, NULL, NULL, NULL, NULL, '', 'blog', '2016-08-09 11:03:34', '2016-08-18 11:24:05', '66ff2a73-dc5f-4370-9b04-8b77fe78fa8a'),
 ('111', '111', 'en_gb', 'Donec a malesuada sapien', '<p>Pellentesque nisi felis, malesuada ut accumsan id, euismod id lacus. Sed id rhoncus nunc. Duis consectetur fringilla justo, ac euismod ipsum ornare sed. Nullam et sollicitudin nunc. Quisque sagittis nisl sed dignissim aliquam. Nulla facilisi. In mattis turpis sit amet nisi auctor lacinia. Proin auctor ligula sed purus venenatis pharetra. Pellentesque sagittis nibh erat, quis eleifend diam hendrerit sit amet. Sed a felis ac ante pellentesque dapibus. Donec a malesuada sapien. Sed pulvinar risus erat, in dictum nibh eleifend ac. Pellentesque sapien arcu, laoreet id posuere vitae, eleifend sit amet magna. Cras et tincidunt odio, ac rhoncus lectus. Aenean eget cursus tortor.</p>\n\n<p>In fringilla suscipit orci quis ultricies. Nam est lectus, facilisis vel vulputate volutpat, feugiat at nibh. Donec accumsan malesuada mauris ac feugiat. Mauris sodales, urna id volutpat cursus, augue felis tristique orci, ac convallis neque ante eu sem. Integer aliquet et risus sed semper. Aenean fermentum sed urna non eleifend. Integer sit amet nulla ac risus luctus scelerisque ac et nulla. Donec faucibus lobortis orci eget feugiat. Donec sed auctor ipsum. Curabitur porttitor pulvinar neque ut mattis. Integer non imperdiet sapien. Nulla congue quis est id finibus.</p>', NULL, NULL, NULL, NULL, NULL, NULL, NULL, NULL, NULL, NULL, NULL, NULL, NULL, NULL, NULL, NULL, NULL, NULL, NULL, NULL, NULL, 'https://www.youtube.com/watch?v=o2__FxD7AoY', 'vlog', '2016-08-09 11:47:51', '2016-08-18 11:24:05', '4dee1b49-4a2f-401c-9fc0-c83b9498d2af'),
 ('112', '112', 'en_gb', 'Deathto Stock Not Stock7', NULL, NULL, NULL, NULL, NULL, NULL, NULL, NULL, NULL, NULL, NULL, NULL, NULL, NULL, NULL, NULL, NULL, NULL, NULL, NULL, NULL, NULL, NULL, NULL, '2016-08-10 08:58:04', '2016-08-10 08:58:04', '740fb106-2291-4693-9c30-174e9684845e'),
 ('113', '113', 'en_gb', 'Consectetur Lacinia', '<p>Cum sociis natoque penatibus et magnis dis parturient montes, nascetur ridiculus mus. Aliquam velit eros, pretium at sem ut, aliquam consequat erat. Duis mollis ultrices orci vel euismod. Quisque vel dolor at metus aliquet consectetur. Praesent at cursus sem. Donec sit amet suscipit lacus. Cras tincidunt malesuada enim, nec rutrum sem scelerisque sed.</p>\n\n<p>Proin id ipsum condimentum, commodo elit ut, fermentum est. Pellentesque in lorem lectus. Nam sed orci at libero efficitur cursus. Sed quis placerat orci. In sed vehicula est. In consectetur lacinia erat, nec consequat urna bibendum et. Nam condimentum, lectus eget iaculis lacinia, justo nulla placerat sapien, eu laoreet eros dolor at tortor. Interdum et malesuada fames ac ante ipsum primis in faucibus. Fusce ut sem ac magna feugiat aliquet ac luctus leo. Morbi non nibh et justo interdum viverra. In porta turpis at nunc porta, elementum varius libero dictum</p>', NULL, NULL, NULL, NULL, NULL, NULL, NULL, NULL, NULL, NULL, NULL, NULL, NULL, NULL, NULL, NULL, NULL, NULL, NULL, NULL, NULL, '', 'news', '2016-08-10 08:58:17', '2016-08-18 11:24:05', 'bbe541e5-dd46-46ff-872e-d2cd4be6a379'),
 ('114', '114', 'en_gb', 'Alt Site Oct 15', NULL, NULL, NULL, NULL, NULL, NULL, NULL, NULL, NULL, NULL, NULL, NULL, NULL, NULL, NULL, NULL, NULL, NULL, NULL, NULL, NULL, NULL, NULL, NULL, '2016-08-10 10:46:16', '2016-08-10 10:46:16', '3a378dd6-6a0c-44f3-afb6-18373af08ca9'),
 ('115', '115', 'en_gb', 'Test PDF', NULL, NULL, NULL, NULL, NULL, 'pdf', '', NULL, NULL, NULL, NULL, NULL, NULL, NULL, NULL, NULL, NULL, NULL, NULL, NULL, NULL, NULL, NULL, NULL, '2016-08-10 10:46:20', '2016-08-18 11:55:42', 'eb28a60b-ea76-4563-827e-13444d569cfc'),
 ('116', '116', 'en_gb', 'Death To Stock Photography Weekend Work 3 Of 10', NULL, NULL, NULL, NULL, NULL, NULL, NULL, NULL, NULL, NULL, NULL, NULL, NULL, NULL, NULL, NULL, NULL, NULL, NULL, NULL, NULL, NULL, NULL, NULL, '2016-08-11 08:23:44', '2016-08-11 08:23:44', '2d975f52-dea3-4525-99f0-7c912b1365b6'),
 ('117', '117', 'en_gb', 'Maecenas quis turpis nec velit aliquet tincidunt', '<p>Sed eget tincidunt magna. Praesent quis tincidunt velit. Sed id lectus elementum, ultrices dui tincidunt, blandit odio. Morbi et metus quis felis cursus volutpat eget vitae odio. Suspendisse dignissim, sapien nec scelerisque vestibulum, nibh dolor eleifend elit, ac fermentum justo tellus ac sapien. Etiam ultricies pretium venenatis. Etiam eu feugiat urna. Cras eget consectetur quam. Maecenas elementum nibh nisi, ut molestie enim pulvinar nec. Etiam at nisl placerat, hendrerit ex vitae, bibendum nibh. Maecenas ut lorem vel ex vehicula finibus. Suspendisse sed congue lectus, id ultricies libero. Nullam massa tellus, tempor eu urna in, molestie fermentum nibh.</p>\n\n<p>Mauris vehicula tellus ac erat dignissim convallis. Ut dapibus lacus at nisl iaculis, a sodales odio facilisis. Etiam in pulvinar sem. Pellentesque justo tortor, gravida sit amet sem faucibus, dapibus volutpat neque. Vestibulum ultrices placerat posuere. Cum sociis natoque penatibus et magnis dis parturient montes, nascetur ridiculus mus. Nulla non purus id lorem gravida tempus. Maecenas quis turpis nec velit aliquet tincidunt. Fusce et fermentum lacus. Praesent vel aliquam ipsum, non suscipit turpis. Nullam sed elit quis augue euismod ornare sit amet a augue. Aliquam erat volutpat. Nunc eleifend hendrerit justo. Aliquam a dui sed lacus pulvinar dignissim sit amet ut elit. Etiam vitae pellentesque ante, in molestie felis.</p>\n\n<p>Donec varius mattis imperdiet. Integer hendrerit mauris sit amet egestas mattis. Vestibulum semper metus a mi condimentum volutpat. Vivamus lacinia, mi sed rhoncus sagittis, sapien metus sodales risus, id ultricies lacus justo et lectus. Ut ut feugiat magna. Fusce efficitur lorem id pulvinar pharetra. Sed a sollicitudin massa. Vivamus suscipit auctor odio, vel molestie ex dapibus at.</p>', NULL, NULL, NULL, NULL, NULL, NULL, NULL, NULL, NULL, NULL, NULL, NULL, NULL, NULL, NULL, NULL, NULL, NULL, NULL, NULL, NULL, '', 'blog', '2016-08-11 08:23:58', '2016-08-18 11:24:05', 'b1dd8009-b21f-4bde-97de-8236ed00804b'),
 ('118', '118', 'en_gb', 'Deathto Stock Energyand Serenity4', NULL, NULL, NULL, NULL, NULL, NULL, NULL, NULL, NULL, NULL, NULL, NULL, NULL, NULL, NULL, NULL, NULL, NULL, NULL, NULL, NULL, NULL, NULL, NULL, '2016-08-11 08:25:13', '2016-08-11 08:25:13', '41813c30-13fb-47b9-98e5-5eb6218f14b5'),
 ('119', '119', 'en_gb', 'Nulla venenatis viverra purus, ut tempor sapien sagittis', '<p>Lorem ipsum dolor sit amet, consectetur adipiscing elit. Suspendisse faucibus tortor ac sapien posuere, quis congue urna mollis. Praesent vehicula, nulla eget dictum commodo, augue magna faucibus elit, sit amet tincidunt sem sapien quis turpis. Mauris orci ipsum, molestie finibus consequat in, faucibus sit amet lectus. Donec cursus, ante et imperdiet tristique, enim augue mattis tortor, vitae sodales dui dolor non mi. Nam a eros et enim faucibus semper. Nulla consectetur convallis lectus at ornare. Pellentesque nibh sapien, tincidunt ut convallis eu, finibus nec orci. Mauris vitae leo nulla. Nullam ultrices eros eget metus consectetur rutrum. Ut finibus eros lorem, in bibendum tellus pharetra et. Praesent accumsan, metus tempor facilisis ultricies, augue lacus accumsan sem, at consequat lacus felis in ex. Duis egestas sed metus ut ullamcorper.</p>\n\n<p>Phasellus non odio et orci fermentum commodo. Integer pharetra quis mi nec fermentum. Vivamus nec justo ut nulla mollis mattis. Curabitur ut venenatis nibh, at maximus diam. Sed sed mi velit. Etiam vel neque id augue feugiat sagittis. Cum sociis natoque penatibus et magnis dis parturient montes, nascetur ridiculus mus. Maecenas scelerisque pharetra purus, eu luctus tellus.</p>\n\n<p>In ultricies leo justo, faucibus pulvinar eros commodo et. Maecenas sodales a neque eu vestibulum. Suspendisse potenti. Nunc at augue sit amet ante convallis tristique in a lacus. Sed erat nisl, pharetra nec laoreet ut, pharetra ut justo. Duis sodales libero at ligula consectetur, in faucibus purus dictum. Aenean consectetur pharetra molestie. Maecenas vulputate consectetur erat, non auctor elit ullamcorper quis. Aenean malesuada mollis tortor, nec pharetra nulla pellentesque nec. Nulla venenatis viverra purus, ut tempor sapien sagittis a. Morbi finibus diam dolor, vitae ornare urna viverra a. Donec vulputate sollicitudin enim. Quisque porttitor dignissim leo, quis venenatis nisi elementum id. Vestibulum ultricies eros a elit tristique varius. Vestibulum tincidunt, quam ac rutrum fringilla, turpis felis ullamcorper tortor, at accumsan urna augue sit amet justo.</p>', NULL, NULL, NULL, NULL, NULL, NULL, NULL, NULL, NULL, NULL, NULL, NULL, NULL, NULL, NULL, NULL, NULL, NULL, NULL, NULL, NULL, '', 'blog', '2016-08-11 08:25:19', '2016-08-18 11:24:05', '4aa5fa0f-5bd9-4823-b75e-b221e88278bb'),
 ('120', '120', 'en_gb', 'Youth For God', NULL, NULL, NULL, NULL, NULL, NULL, NULL, NULL, NULL, NULL, NULL, NULL, NULL, NULL, NULL, NULL, NULL, NULL, NULL, NULL, NULL, NULL, NULL, NULL, '2016-08-15 11:02:19', '2016-08-15 11:02:19', '3885b8d8-5ee3-4d8d-8c3e-18adac47c51d'),
 ('121', '121', 'en_gb', 'Meet Us', NULL, NULL, NULL, NULL, NULL, NULL, NULL, 'Transformation Centre is lead by a team of elders and deacons. Each of them have responsibilities according to their spiritual gifts and particular callings. The elders are the one looking after the spiritual life of the community while the deacons lead in a more practical way. Some of them are also directors who have the extra responsibility of the day to day running. Every department or project has a core team that looks after the needs of every ministry. We aim at empowering people for ministry and developing their skills to be effective not just in church but also in their everyday life. We have a leadership pipeline that develops the leaders for tomorrow. The Leadership Team is open and ready to listen to your ideas and passions. Look up their details below.', NULL, NULL, NULL, NULL, NULL, NULL, NULL, NULL, NULL, NULL, NULL, NULL, NULL, NULL, NULL, NULL, '2016-08-18 11:21:42', '2016-08-18 11:22:09', '66dff068-d831-4137-85a7-928f5a793dc0'),
 ('122', '122', 'en_gb', 'Blog', NULL, NULL, NULL, NULL, NULL, NULL, NULL, 'We have gathered here some resources, articles and devotionals written by our church and ministry leaders. We pray this blog will be a great blessing to you. ', NULL, NULL, NULL, NULL, NULL, NULL, NULL, NULL, NULL, NULL, NULL, NULL, NULL, NULL, NULL, NULL, '2016-08-18 11:24:14', '2016-08-18 11:26:47', '3f1302ba-e52a-440e-ba35-b630dc4038f5'),
 ('124', '124', 'en_gb', 'Events', NULL, NULL, NULL, NULL, NULL, NULL, NULL, 'The following events cover all areas of ministry as well as training opportunities and conferences. You can either choose the category above or follow the date list below. We look forward to seeing you soon.', NULL, NULL, NULL, NULL, NULL, NULL, NULL, NULL, NULL, NULL, NULL, NULL, NULL, NULL, NULL, NULL, '2016-08-18 11:46:29', '2016-08-18 11:47:15', 'ab5f9ffc-937e-4352-a502-c4bc0af57ba1'),
 ('125', '125', 'en_gb', 'Media', NULL, NULL, NULL, NULL, NULL, NULL, NULL, 'Welcome to our Media Page. Here you will find sermons, videos and other resources. We want to provide quality Biblical teaching that will help you grow in your faith and Christian service. Every week we get together to read the Bible, to pray and to worship. We talk and discuss about the way Jesus can transform our lives and our world.', NULL, NULL, NULL, NULL, NULL, NULL, NULL, NULL, NULL, NULL, NULL, NULL, NULL, NULL, NULL, NULL, '2016-08-18 11:55:51', '2016-08-18 11:56:13', '6d51e37d-adfc-4c39-85c4-f8eb33f2f9f4');



DROP TABLE IF EXISTS `craft_deprecationerrors`;


--
-- Schema for table `craft_deprecationerrors`
--
CREATE TABLE `craft_deprecationerrors` (
  `id` int(11) NOT NULL AUTO_INCREMENT,
  `key` varchar(255) COLLATE utf8_unicode_ci NOT NULL,
  `fingerprint` varchar(255) COLLATE utf8_unicode_ci NOT NULL,
  `lastOccurrence` datetime NOT NULL,
  `file` varchar(255) COLLATE utf8_unicode_ci NOT NULL,
  `line` smallint(6) unsigned NOT NULL,
  `class` varchar(255) COLLATE utf8_unicode_ci DEFAULT NULL,
  `method` varchar(255) COLLATE utf8_unicode_ci DEFAULT NULL,
  `template` varchar(255) COLLATE utf8_unicode_ci DEFAULT NULL,
  `templateLine` smallint(6) unsigned DEFAULT NULL,
  `message` varchar(255) COLLATE utf8_unicode_ci DEFAULT NULL,
  `traces` text COLLATE utf8_unicode_ci,
  `dateCreated` datetime NOT NULL,
  `dateUpdated` datetime NOT NULL,
  `uid` char(36) COLLATE utf8_unicode_ci NOT NULL DEFAULT '0',
  PRIMARY KEY (`id`),
  UNIQUE KEY `craft_deprecationerrors_key_fingerprint_unq_idx` (`key`,`fingerprint`)
) ENGINE=InnoDB DEFAULT CHARSET=utf8 COLLATE=utf8_unicode_ci;

DROP TABLE IF EXISTS `craft_elementindexsettings`;


--
-- Schema for table `craft_elementindexsettings`
--
CREATE TABLE `craft_elementindexsettings` (
  `id` int(11) NOT NULL AUTO_INCREMENT,
  `type` varchar(150) COLLATE utf8_unicode_ci NOT NULL,
  `settings` text COLLATE utf8_unicode_ci,
  `dateCreated` datetime NOT NULL,
  `dateUpdated` datetime NOT NULL,
  `uid` char(36) COLLATE utf8_unicode_ci NOT NULL DEFAULT '0',
  PRIMARY KEY (`id`),
  UNIQUE KEY `craft_elementindexsettings_type_unq_idx` (`type`)
) ENGINE=InnoDB AUTO_INCREMENT=2 DEFAULT CHARSET=utf8 COLLATE=utf8_unicode_ci;

--
-- Data for table `craft_elementindexsettings`
--

INSERT INTO `craft_elementindexsettings` (`id`, `type`, `settings`, `dateCreated`, `dateUpdated`, `uid`) VALUES
 ('1', 'Entry', '{\"sources\":{\"section:9\":{\"tableAttributes\":{\"1\":\"postDate\",\"2\":\"expiryDate\",\"3\":\"link\",\"4\":\"field:31\"}},\"section:8\":{\"tableAttributes\":{\"1\":\"postDate\",\"2\":\"expiryDate\",\"3\":\"link\"}}}}', '2016-08-09 08:29:30', '2016-08-09 08:29:30', '2b6f1f93-560f-422d-8e30-63d21c25c476');



DROP TABLE IF EXISTS `craft_elements`;


--
-- Schema for table `craft_elements`
--
CREATE TABLE `craft_elements` (
  `id` int(11) NOT NULL AUTO_INCREMENT,
  `type` varchar(150) COLLATE utf8_unicode_ci NOT NULL,
  `enabled` tinyint(1) unsigned NOT NULL DEFAULT '1',
  `archived` tinyint(1) unsigned NOT NULL DEFAULT '0',
  `dateCreated` datetime NOT NULL,
  `dateUpdated` datetime NOT NULL,
  `uid` char(36) COLLATE utf8_unicode_ci NOT NULL DEFAULT '0',
  PRIMARY KEY (`id`),
  KEY `craft_elements_type_idx` (`type`),
  KEY `craft_elements_enabled_idx` (`enabled`),
  KEY `craft_elements_archived_dateCreated_idx` (`archived`,`dateCreated`)
) ENGINE=InnoDB AUTO_INCREMENT=126 DEFAULT CHARSET=utf8 COLLATE=utf8_unicode_ci;

--
-- Data for table `craft_elements`
--

INSERT INTO `craft_elements` (`id`, `type`, `enabled`, `archived`, `dateCreated`, `dateUpdated`, `uid`) VALUES
 ('1', 'User', '1', '0', '2016-07-28 10:42:15', '2016-07-28 10:42:15', 'ecbefb47-7f3d-4109-8225-432756efbcba'),
 ('4', 'GlobalSet', '1', '0', '2016-08-04 12:25:50', '2016-08-04 13:11:57', 'baf97b7f-bcb6-4e88-886b-94e29e56900f'),
 ('5', 'GlobalSet', '1', '0', '2016-08-04 12:25:58', '2016-08-04 13:11:50', 'f6ed8975-04b0-4321-8d1b-f1aa5daea908'),
 ('6', 'GlobalSet', '1', '0', '2016-08-04 13:12:14', '2016-08-18 14:57:23', '355c9120-95fe-47c2-86fc-27a9c6625e82'),
 ('7', 'Entry', '1', '0', '2016-08-04 13:13:04', '2016-08-08 14:34:10', '1a8d2d6e-3424-4279-bbf4-8ea0558035a3'),
 ('8', 'Asset', '1', '0', '2016-08-04 14:53:02', '2016-08-04 14:53:02', '388cb825-9996-42a7-b4a6-3045e6b80046'),
 ('9', 'Entry', '1', '0', '2016-08-04 14:57:05', '2016-08-18 11:55:42', 'efbb5221-2353-4518-b48f-4bdc1f51b021'),
 ('10', 'Entry', '1', '0', '2016-08-04 14:59:42', '2016-08-18 11:55:42', '0a0a677b-b4f8-4b7d-bf19-2a7b07d6a20d'),
 ('11', 'Entry', '1', '0', '2016-08-04 15:48:10', '2016-08-18 11:55:42', '306f5a28-5d4a-4101-88ec-4b041bc7a626'),
 ('12', 'Entry', '1', '0', '2016-08-04 15:53:59', '2016-08-18 11:55:42', '27ae1b99-6b4d-47b5-aea4-89419603244a'),
 ('13', 'GlobalSet', '1', '0', '2016-08-05 08:26:22', '2016-08-05 08:29:27', '933025c0-275a-4f71-a39a-3c246aa2b064'),
 ('14', 'Asset', '1', '0', '2016-08-05 08:48:52', '2016-08-05 08:48:52', '915cc26f-50e7-404c-ae16-a4583bea1408'),
 ('15', 'Asset', '1', '0', '2016-08-05 08:48:52', '2016-08-05 08:48:52', 'e64d7b34-b5e2-4785-8e4d-74919cc2a151'),
 ('16', 'Entry', '1', '0', '2016-08-05 11:11:39', '2016-08-23 16:07:24', '68da8c2a-90e4-44a8-9579-6ef7d29a9fd3'),
 ('17', 'Entry', '1', '0', '2016-08-05 13:44:45', '2016-08-23 16:07:54', '581f5a1f-2036-4a03-ace3-3f3120591047'),
 ('18', 'Asset', '1', '0', '2016-08-05 14:45:04', '2016-08-05 14:45:04', '32fe445d-f3e9-4f0e-840c-1840000f6042'),
 ('19', 'Entry', '1', '0', '2016-08-05 14:53:45', '2016-08-18 11:21:17', '8d9bf10a-118f-4131-8a1e-5fe1815bdb47'),
 ('20', 'Asset', '1', '0', '2016-08-05 15:11:55', '2016-08-05 15:11:55', '8a6b667e-a8d6-42a4-911c-f107f8e376b2'),
 ('21', 'Entry', '1', '0', '2016-08-05 15:12:03', '2016-08-18 11:21:17', '145d300c-d7b9-4601-afd2-774af249ea5d'),
 ('22', 'Asset', '1', '0', '2016-08-05 15:12:17', '2016-08-05 15:12:17', '33489989-5738-4f15-b8cd-a77c12c1da25'),
 ('23', 'Entry', '1', '0', '2016-08-05 15:12:29', '2016-08-18 11:21:17', '5c8e14bb-1cbb-44e7-9394-35a9a9ba0381'),
 ('24', 'Asset', '1', '0', '2016-08-05 15:12:43', '2016-08-05 15:12:43', '19b77c0b-b75e-4e83-aaef-b3363f8c1ead'),
 ('25', 'Entry', '1', '0', '2016-08-05 15:12:49', '2016-08-18 11:21:17', 'eada1cc7-98b5-43be-a852-4248933732a6'),
 ('26', 'Asset', '1', '0', '2016-08-05 15:13:28', '2016-08-05 15:13:28', 'd3c9d673-81aa-4141-b583-a014ee4d555c'),
 ('27', 'Entry', '1', '0', '2016-08-05 15:13:31', '2016-08-18 11:21:17', 'd7f5c654-4c54-4883-b308-e89289fa4273'),
 ('28', 'Asset', '1', '0', '2016-08-05 15:17:33', '2016-08-05 15:17:33', 'ab21b659-8b2c-45be-8ffc-c23813b040ad'),
 ('29', 'Entry', '1', '0', '2016-08-05 15:17:36', '2016-08-18 11:21:17', '15f652cb-d488-4f92-85d0-9c9ba88602a1'),
 ('30', 'Asset', '1', '0', '2016-08-05 15:18:36', '2016-08-05 15:18:36', 'da25989a-e6d4-4015-bb30-6ade19de7d7c'),
 ('31', 'Asset', '1', '0', '2016-08-05 15:18:36', '2016-08-05 15:18:36', 'b2644f2f-67e4-4e93-9e9c-6bea924b2239'),
 ('32', 'Entry', '1', '0', '2016-08-05 15:18:41', '2016-08-18 11:21:17', '52667999-12ca-4084-88d5-98f4f0671c30'),
 ('33', 'Entry', '1', '0', '2016-08-05 15:19:03', '2016-08-18 11:21:17', '0925cd27-2337-405d-b835-36eced3cae0c'),
 ('34', 'Asset', '1', '0', '2016-08-05 15:20:52', '2016-08-05 15:20:52', 'b0f611c7-3c94-4dcf-9ded-ada2ea300f81'),
 ('35', 'Asset', '1', '0', '2016-08-05 15:20:52', '2016-08-05 15:20:52', 'b82b0c0f-b20a-4bb7-804a-6d6147fa664b'),
 ('36', 'Asset', '1', '0', '2016-08-05 15:20:52', '2016-08-05 15:20:52', '4af56092-d523-4988-95eb-8fb93aa6c46b'),
 ('37', 'Entry', '1', '0', '2016-08-05 15:20:59', '2016-08-18 11:21:17', '3a8f198d-2b87-49f6-a775-b914f10a58f1'),
 ('38', 'Entry', '1', '0', '2016-08-05 15:21:28', '2016-08-18 11:21:17', '3e19e1b4-04bc-4774-9358-29f19343128e'),
 ('39', 'Entry', '1', '0', '2016-08-05 15:21:37', '2016-08-18 11:21:17', '5f1b936c-466b-4710-8eaf-5dfc8ab4d423'),
 ('40', 'Asset', '1', '0', '2016-08-05 15:23:47', '2016-08-05 15:23:47', '611ff79b-a63d-4ce6-a007-a1dda550ce85'),
 ('41', 'Asset', '1', '0', '2016-08-05 15:23:48', '2016-08-05 15:23:48', '4af773d1-da5d-4258-8587-93ea0b4ecfe0'),
 ('42', 'Asset', '1', '0', '2016-08-05 15:23:48', '2016-08-05 15:23:48', '8c5fb7d6-6982-42a9-aaee-c969a8225de2'),
 ('43', 'Entry', '1', '0', '2016-08-05 15:24:00', '2016-08-18 11:21:17', '66f0572e-8d53-4876-a8e9-7fa19e1dc25f'),
 ('44', 'Entry', '1', '0', '2016-08-05 15:24:16', '2016-08-18 11:21:17', '1b0725a0-2700-4aec-9209-f791f99e9429'),
 ('45', 'Entry', '1', '0', '2016-08-05 15:24:49', '2016-08-18 11:21:18', '547bd3d8-9415-40f6-a7c6-4ab0f35f078b'),
 ('46', 'Asset', '1', '0', '2016-08-05 15:25:59', '2016-08-05 15:25:59', '5d84420a-e07c-49f0-937d-a1e52850aa23'),
 ('47', 'Asset', '1', '0', '2016-08-05 15:26:00', '2016-08-05 15:26:00', '5dd140ab-2d9c-4607-a3d3-865bf992713c'),
 ('48', 'Asset', '1', '0', '2016-08-05 15:26:00', '2016-08-05 15:26:00', '53b41eaa-3dad-41e9-a600-5fba3bbe40e5'),
 ('49', 'Entry', '1', '0', '2016-08-05 15:26:10', '2016-08-18 11:21:18', 'dc6f0594-ae27-44dc-8d59-1d970c4f789e'),
 ('50', 'Entry', '1', '0', '2016-08-05 15:26:40', '2016-08-18 11:21:18', 'bee7e4d8-a30f-4d4f-85f4-14a36f08cd71'),
 ('51', 'Entry', '1', '0', '2016-08-05 15:27:05', '2016-08-18 11:21:18', '1cdd5c4a-74c6-40f1-98dc-e3cf46c9853f'),
 ('52', 'Asset', '1', '0', '2016-08-05 15:27:57', '2016-08-05 15:27:57', '0f4e0c23-ccc1-464f-866b-511af24f7212'),
 ('53', 'Asset', '1', '0', '2016-08-05 15:27:57', '2016-08-05 15:27:57', '60e6fc65-f8b8-4649-b8ea-7b8afdd9fc3d'),
 ('54', 'Entry', '1', '0', '2016-08-05 15:28:06', '2016-08-18 11:21:18', '281bcefa-4a98-4cdb-934d-329293720778'),
 ('55', 'Entry', '1', '0', '2016-08-05 15:28:24', '2016-08-18 11:21:18', '153bfda3-d10c-4e6b-b96c-4a9253a365a3'),
 ('56', 'Asset', '1', '0', '2016-08-08 09:03:32', '2016-08-08 09:03:32', '4a97c30e-3c31-4e26-b268-be7bea71645a'),
 ('57', 'Asset', '1', '0', '2016-08-08 09:04:43', '2016-08-08 09:04:43', '6a2f6265-2edf-4571-8329-612983666710'),
 ('58', 'Asset', '1', '0', '2016-08-08 09:06:16', '2016-08-08 09:06:16', '5462b80c-918a-4b28-af00-9f0465341b85'),
 ('59', 'Entry', '1', '0', '2016-08-08 09:07:03', '2016-08-18 11:35:35', '65999f28-6b72-4a4b-b365-ea921e78ea09'),
 ('60', 'Entry', '1', '0', '2016-08-08 09:15:45', '2016-08-18 11:35:35', '0ec3604a-78c6-4743-bbca-525180531b0a'),
 ('61', 'Category', '1', '0', '2016-08-08 11:42:00', '2016-08-08 11:42:00', 'f37d1806-aeb6-4940-a125-ee0bc690584c'),
 ('62', 'Category', '1', '0', '2016-08-08 11:42:12', '2016-08-08 11:42:12', 'f02699a0-2b66-4f0d-bc49-a9d89b74d8b4'),
 ('63', 'Category', '1', '0', '2016-08-08 11:42:36', '2016-08-08 13:56:43', '4162231f-33ce-4217-b561-264acf8092eb'),
 ('64', 'Category', '1', '0', '2016-08-08 11:42:55', '2016-08-08 11:43:03', '5e865360-2b23-461b-894f-b095e062fd59'),
 ('65', 'Category', '1', '0', '2016-08-08 15:53:37', '2016-08-08 15:53:37', '65e11661-02e0-4c17-ac4c-ad7184eab2d4'),
 ('66', 'Category', '1', '0', '2016-08-08 15:53:42', '2016-08-08 15:53:42', '5427a731-9888-4745-8875-a7473ce4e45f'),
 ('67', 'Category', '1', '0', '2016-08-08 15:53:47', '2016-08-08 15:53:47', 'd9e88b1f-9191-4c28-82b5-2a7412c97aa0'),
 ('68', 'Asset', '1', '0', '2016-08-08 15:56:57', '2016-08-08 15:56:57', '10b1f49f-5973-40d3-984a-620f8900f708'),
 ('69', 'Asset', '1', '0', '2016-08-08 15:56:58', '2016-08-08 15:56:58', 'cdc6ff87-2552-4595-a270-bc16cbdd5651'),
 ('70', 'Asset', '1', '0', '2016-08-08 15:56:58', '2016-08-08 15:56:58', '6edff52f-7f87-4f05-85bc-5e0d1b798e9d'),
 ('71', 'Asset', '1', '0', '2016-08-08 15:56:58', '2016-08-08 15:56:58', 'c5ffdffc-2ea0-4e09-85a2-f4167e45b102'),
 ('72', 'Asset', '1', '0', '2016-08-08 15:56:58', '2016-08-08 15:56:58', '567f8b18-0175-4819-a515-3c5ee4a1e58e'),
 ('73', 'Asset', '1', '0', '2016-08-08 15:56:59', '2016-08-08 15:56:59', '340881bb-da55-4581-93a3-25b74f181a1c'),
 ('74', 'Asset', '1', '0', '2016-08-08 15:56:59', '2016-08-08 15:56:59', 'd23c0774-29c4-46fd-8651-68000cfdf9c5'),
 ('75', 'Asset', '1', '0', '2016-08-08 15:56:59', '2016-08-08 15:56:59', 'e36fceaf-d0dd-4481-b4c6-e61f2dbc535d'),
 ('76', 'Asset', '1', '0', '2016-08-08 15:57:00', '2016-08-08 15:57:00', 'c2cb0909-1e19-402d-ac07-88d085a2834f'),
 ('77', 'Asset', '1', '0', '2016-08-08 15:57:00', '2016-08-08 15:57:00', '5988f03f-2dbb-45ad-b740-fcb55d08cee1'),
 ('78', 'Asset', '1', '0', '2016-08-08 15:57:00', '2016-08-08 15:57:00', '69e3ab20-adae-4517-b713-9edf5536b0ba'),
 ('79', 'Asset', '1', '0', '2016-08-08 15:57:00', '2016-08-08 15:57:00', '3b34a11f-9faa-4d17-9c8c-59eb9462a890'),
 ('80', 'Asset', '1', '0', '2016-08-08 15:57:01', '2016-08-08 15:57:01', '4241c731-4b4d-4a29-ab0d-1edc44a001be'),
 ('81', 'Asset', '1', '0', '2016-08-08 15:57:01', '2016-08-08 15:57:01', '181a7745-0682-41e7-b4c7-a8a340363e68'),
 ('82', 'Asset', '1', '0', '2016-08-08 15:57:01', '2016-08-08 15:57:01', '73c5b814-4c46-4be9-93cb-4e856d56b9a5'),
 ('83', 'Asset', '1', '0', '2016-08-08 15:57:02', '2016-08-08 15:57:02', 'f75035ec-b295-47a2-8b02-f21be7cc9e60'),
 ('84', 'Asset', '1', '0', '2016-08-08 15:57:02', '2016-08-08 15:57:02', 'efbe7e69-cd49-489c-8066-0d6c3f7ca2f0'),
 ('85', 'Asset', '1', '0', '2016-08-08 15:57:15', '2016-08-08 15:57:15', 'fac7f00d-98fd-4763-9bbf-9d8238fac615'),
 ('86', 'Entry', '1', '0', '2016-08-08 16:00:03', '2016-08-08 16:03:00', 'bf61d7c7-0786-40ad-997c-e157d45fc8ca'),
 ('87', 'Entry', '1', '0', '2016-08-08 16:00:45', '2016-08-23 16:38:18', 'ee25cf37-3abb-4dca-8485-157d406402de'),
 ('88', 'Entry', '1', '0', '2016-08-08 16:03:54', '2016-08-08 16:03:54', 'ce5dd5b8-2544-475b-b126-81f914bd7d8d'),
 ('89', 'Entry', '1', '0', '2016-08-08 16:13:15', '2016-08-08 16:13:15', 'd7c52cec-563e-4f3c-b616-4a167529333e'),
 ('90', 'Entry', '1', '0', '2016-08-08 16:14:39', '2016-08-08 16:14:39', 'c895f8e3-baad-48ff-8e4a-667972066046'),
 ('91', 'Entry', '1', '0', '2016-08-08 16:15:29', '2016-08-08 16:15:29', '8f029fba-0397-4608-bd9e-a82932e40a2d'),
 ('92', 'Entry', '1', '0', '2016-08-08 16:16:07', '2016-08-18 09:22:20', 'b9310df7-0494-4e00-8591-d2709848959a'),
 ('93', 'Entry', '1', '0', '2016-08-09 08:24:58', '2016-08-09 08:25:06', '79570fde-d928-41b7-8f6b-c8aa5319d318'),
 ('94', 'Entry', '1', '0', '2016-08-09 08:25:43', '2016-08-18 14:49:59', '7d485c81-ce50-4de5-9852-e3e5be9f1200'),
 ('95', 'Entry', '1', '0', '2016-08-09 08:26:31', '2016-08-18 09:23:18', 'c3fb5210-a438-43f7-87bc-3ed0c7ae6a0e'),
 ('96', 'Entry', '1', '0', '2016-08-09 08:27:07', '2016-08-18 14:47:57', '09a729ec-8567-4759-9524-1f3b62596fee'),
 ('97', 'Entry', '1', '0', '2016-08-09 08:27:41', '2016-08-18 14:48:49', '467123d9-af08-4f21-8f47-6ebfc56d930b'),
 ('98', 'Entry', '1', '0', '2016-08-09 08:28:19', '2016-08-09 08:28:19', '7f695ca8-fb5c-4e93-a644-b4d80ab3a371'),
 ('99', 'Entry', '1', '0', '2016-08-09 08:28:51', '2016-08-18 09:22:50', '93ebc37e-8de1-4554-bd2b-d61d7b2f4b42'),
 ('100', 'Asset', '1', '0', '2016-08-09 08:32:16', '2016-08-09 08:32:16', '154fe762-c452-499b-935c-a1c14df453e8'),
 ('101', 'Entry', '1', '0', '2016-08-09 08:32:25', '2016-08-18 14:52:23', '505eabcb-6c08-4e26-9c47-e96e5d4a34e6'),
 ('102', 'Entry', '1', '0', '2016-08-09 08:33:01', '2016-08-18 14:50:47', 'ed25f32e-25ad-421a-9ee7-3bbccc3e83c8');
INSERT INTO `craft_elements` (`id`, `type`, `enabled`, `archived`, `dateCreated`, `dateUpdated`, `uid`) VALUES
 ('103', 'Entry', '1', '0', '2016-08-09 08:33:44', '2016-08-18 09:23:55', 'ac72d9b3-495d-4fab-87f4-a527c7b59865'),
 ('104', 'Entry', '1', '0', '2016-08-09 08:34:21', '2016-08-09 08:34:21', '6617649e-9d0c-4258-b2da-875fbb101cb1'),
 ('105', 'Entry', '1', '0', '2016-08-09 08:35:01', '2016-08-18 09:23:42', 'd7ce65aa-6ec0-4425-a078-7eedba227579'),
 ('109', 'Entry', '1', '0', '2016-08-09 11:03:00', '2016-08-18 11:24:05', 'a54fff0e-9a73-44ac-afd6-eaefcaac2d70'),
 ('110', 'Entry', '1', '0', '2016-08-09 11:03:34', '2016-08-18 11:24:05', '9039f845-867a-4e4f-b693-e9c3f33451de'),
 ('111', 'Entry', '1', '0', '2016-08-09 11:47:51', '2016-08-18 11:24:05', '81036007-580d-4e53-81ab-f963ccf18c48'),
 ('112', 'Asset', '1', '0', '2016-08-10 08:58:04', '2016-08-10 08:58:04', '30726e3b-9f85-4890-b3ec-0ec834ecc66b'),
 ('113', 'Entry', '1', '0', '2016-08-10 08:58:17', '2016-08-18 11:24:05', '71c78bd1-2871-49d2-ae57-1549ba81a9bc'),
 ('114', 'Asset', '1', '0', '2016-08-10 10:46:16', '2016-08-10 10:46:16', '63f9a376-ae71-4155-923e-549d746b844e'),
 ('115', 'Entry', '1', '0', '2016-08-10 10:46:20', '2016-08-18 11:55:42', 'f71a172d-2a96-4323-9574-fdb1bbf535af'),
 ('116', 'Asset', '1', '0', '2016-08-11 08:23:44', '2016-08-11 08:23:44', '3bd88ca7-f6c4-49af-a30b-e0e004f76d4c'),
 ('117', 'Entry', '1', '0', '2016-08-11 08:23:58', '2016-08-18 11:24:05', 'a11a4e69-97b1-4745-b560-669d5481e26e'),
 ('118', 'Asset', '1', '0', '2016-08-11 08:25:13', '2016-08-11 08:25:13', '68e15535-4466-41f0-97bb-9dd529134943'),
 ('119', 'Entry', '1', '0', '2016-08-11 08:25:19', '2016-08-18 11:24:05', '7a0d43ed-ff12-46da-a2b2-8d513553544f'),
 ('120', 'Asset', '1', '0', '2016-08-15 11:02:19', '2016-08-15 11:02:19', '5c23b494-f6e8-4afd-9360-9dafa0ce5a1d'),
 ('121', 'Entry', '1', '0', '2016-08-18 11:21:42', '2016-08-18 11:22:09', 'b143612c-60fb-46fd-a86c-aee2c3d6a321'),
 ('122', 'Entry', '1', '0', '2016-08-18 11:24:14', '2016-08-18 11:26:47', 'afda47c1-60f8-4f85-af9c-d38178e1cbee'),
 ('124', 'Entry', '1', '0', '2016-08-18 11:46:29', '2016-08-18 11:47:15', 'a4063aa7-ebb7-497a-8f23-51d104ad78b8'),
 ('125', 'Entry', '1', '0', '2016-08-18 11:55:51', '2016-08-18 11:56:13', 'fc7c2eb6-705a-46d5-b97d-1d16ac50a7ac');



DROP TABLE IF EXISTS `craft_elements_i18n`;


--
-- Schema for table `craft_elements_i18n`
--
CREATE TABLE `craft_elements_i18n` (
  `id` int(11) NOT NULL AUTO_INCREMENT,
  `elementId` int(11) NOT NULL,
  `locale` char(12) COLLATE utf8_unicode_ci NOT NULL,
  `slug` varchar(255) COLLATE utf8_unicode_ci DEFAULT NULL,
  `uri` varchar(255) COLLATE utf8_unicode_ci DEFAULT NULL,
  `enabled` tinyint(1) unsigned NOT NULL DEFAULT '1',
  `dateCreated` datetime NOT NULL,
  `dateUpdated` datetime NOT NULL,
  `uid` char(36) COLLATE utf8_unicode_ci NOT NULL DEFAULT '0',
  PRIMARY KEY (`id`),
  UNIQUE KEY `craft_elements_i18n_elementId_locale_unq_idx` (`elementId`,`locale`),
  UNIQUE KEY `craft_elements_i18n_uri_locale_unq_idx` (`uri`,`locale`),
  KEY `craft_elements_i18n_slug_locale_idx` (`slug`,`locale`),
  KEY `craft_elements_i18n_enabled_idx` (`enabled`),
  KEY `craft_elements_i18n_locale_fk` (`locale`)
) ENGINE=InnoDB AUTO_INCREMENT=126 DEFAULT CHARSET=utf8 COLLATE=utf8_unicode_ci;

--
-- Data for table `craft_elements_i18n`
--

INSERT INTO `craft_elements_i18n` (`id`, `elementId`, `locale`, `slug`, `uri`, `enabled`, `dateCreated`, `dateUpdated`, `uid`) VALUES
 ('1', '1', 'en_gb', '', NULL, '1', '2016-07-28 10:42:16', '2016-07-28 10:42:16', 'f146b4db-f104-4c98-8dcb-3a1e49a80907'),
 ('4', '4', 'en_gb', '', NULL, '1', '2016-08-04 12:25:50', '2016-08-04 13:11:57', '5b5c7fe5-3c2c-45b3-bcb9-7d309209802b'),
 ('5', '5', 'en_gb', '', NULL, '1', '2016-08-04 12:25:58', '2016-08-04 13:11:50', '603e0f13-cdc3-41f1-9083-10196779aba2'),
 ('6', '6', 'en_gb', '', NULL, '1', '2016-08-04 13:12:14', '2016-08-18 14:57:23', '0dde2baa-27e8-4a57-a8e7-81bd9d4582d7'),
 ('7', '7', 'en_gb', 'connect', 'join-us', '1', '2016-08-04 13:13:04', '2016-08-08 14:34:10', 'bbe543af-3a17-4ae4-a1b4-c572d17f9df8'),
 ('8', '8', 'en_gb', 'stock-1', NULL, '1', '2016-08-04 14:53:02', '2016-08-04 14:53:02', 'b1db2b8f-e634-483e-ac0b-c5ddaaf4be51'),
 ('9', '9', 'en_gb', 'the-book-of-romans', 'media/the-book-of-romans', '1', '2016-08-04 14:57:05', '2016-08-18 11:55:42', '9c6e8429-c965-484d-813d-fef1251c2858'),
 ('10', '10', 'en_gb', 'liberating-truth', 'media/liberating-truth', '1', '2016-08-04 14:59:43', '2016-08-18 11:55:42', 'fb557080-6936-4e03-920d-57d72f9e872c'),
 ('11', '11', 'en_gb', '1-session-men-for-god-conference-2015', 'media/1-session-men-for-god-conference-2015', '1', '2016-08-04 15:48:10', '2016-08-18 11:55:42', '4f6baf18-b6a7-44c3-9f4c-fedbd9e62af3'),
 ('12', '12', 'en_gb', 'free-at-last-karl-niblock', 'media/free-at-last-karl-niblock', '1', '2016-08-04 15:53:59', '2016-08-18 11:55:42', '48ffbbfe-e1a3-441a-a072-9b5ff0a1bdcf'),
 ('13', '13', 'en_gb', '', NULL, '1', '2016-08-05 08:26:22', '2016-08-05 08:29:27', '5b6d315b-b39d-4b96-80b7-7faa56764215'),
 ('14', '14', 'en_gb', 'connect-img-1', NULL, '1', '2016-08-05 08:48:52', '2016-08-05 08:48:52', '5ecd2adb-ede4-4cbd-88f8-6e7c2ecc0072'),
 ('15', '15', 'en_gb', 'connect-img-2', NULL, '1', '2016-08-05 08:48:52', '2016-08-05 08:48:52', '8e87ba7a-fb4a-49b7-bd48-31d6aabfdb58'),
 ('16', '16', 'en_gb', 'new-here', 'new-here', '1', '2016-08-05 11:11:39', '2016-08-23 16:07:24', 'd862a9cb-748f-446d-85d9-e45ac8bf97e8'),
 ('17', '17', 'en_gb', 'about', 'about-us', '1', '2016-08-05 13:44:45', '2016-08-23 16:07:54', '824daab7-1ccd-4a76-b0b0-8d618b89d6f5'),
 ('18', '18', 'en_gb', 'nick-serb', NULL, '1', '2016-08-05 14:45:05', '2016-08-05 14:45:05', 'f016c0d6-a09a-4244-9d53-6a7479e5d054'),
 ('19', '19', 'en_gb', 'nick-serb', NULL, '1', '2016-08-05 14:53:45', '2016-08-18 11:21:17', '117e20b7-4cf2-4027-971e-5ce69695e26d'),
 ('20', '20', 'en_gb', 'andy-irwin', NULL, '1', '2016-08-05 15:11:55', '2016-08-05 15:11:55', '05dd19dc-f6f0-4bb8-8dab-2e6f0db7ea29'),
 ('21', '21', 'en_gb', 'andy-irwin', NULL, '1', '2016-08-05 15:12:03', '2016-08-18 11:21:17', '501004eb-2f23-469f-9e38-2f3d18f15286'),
 ('22', '22', 'en_gb', 'norman-moore', NULL, '1', '2016-08-05 15:12:17', '2016-08-05 15:12:17', 'ebae5de7-752a-41fe-a7b9-0ad6500eb8bc'),
 ('23', '23', 'en_gb', 'norman-moore', NULL, '1', '2016-08-05 15:12:29', '2016-08-18 11:21:17', '2d15768a-fa7f-4bd4-96d9-d027e25e8d9e'),
 ('24', '24', 'en_gb', 'jll-bird', NULL, '1', '2016-08-05 15:12:43', '2016-08-05 15:12:43', '38803317-be45-4add-8046-061c4144c08d'),
 ('25', '25', 'en_gb', 'jill-bird', NULL, '1', '2016-08-05 15:12:49', '2016-08-18 11:21:17', 'acb1507e-aa79-45c6-a548-e5aaacefddf4'),
 ('26', '26', 'en_gb', 'jim-bell', NULL, '1', '2016-08-05 15:13:28', '2016-08-05 15:13:28', '98868008-9e36-4f2b-9236-de6e6c875423'),
 ('27', '27', 'en_gb', 'jim-bell', NULL, '1', '2016-08-05 15:13:31', '2016-08-18 11:21:17', 'db74a791-3a1e-4c07-b3f8-422701267929'),
 ('28', '28', 'en_gb', 'clifford-irwin', NULL, '1', '2016-08-05 15:17:33', '2016-08-05 15:17:33', '537d2514-98c8-4c15-ac4b-9114eeffd19e'),
 ('29', '29', 'en_gb', 'clifford-irwin', NULL, '1', '2016-08-05 15:17:36', '2016-08-18 11:21:17', 'f872afde-7126-4cca-ab8e-e2c75782ecfa'),
 ('30', '30', 'en_gb', 'paul-dubei', NULL, '1', '2016-08-05 15:18:36', '2016-08-05 15:18:36', '22130a1e-11c1-40ad-a684-c75653018ddd'),
 ('31', '31', 'en_gb', 'peter-havenaar', NULL, '1', '2016-08-05 15:18:36', '2016-08-05 15:18:36', 'ef23aa14-a962-459f-994f-ce0d35178db1'),
 ('32', '32', 'en_gb', 'peter-havenaar', NULL, '1', '2016-08-05 15:18:42', '2016-08-18 11:21:17', '28704370-a822-441b-9880-8b9f11576e06'),
 ('33', '33', 'en_gb', 'paul-debei', NULL, '1', '2016-08-05 15:19:03', '2016-08-18 11:21:17', '2e575a31-1bac-4143-86d9-061ebf2832cb'),
 ('34', '34', 'en_gb', 'norman-wright', NULL, '1', '2016-08-05 15:20:52', '2016-08-05 15:20:52', 'ccf98993-3d2d-447b-8a80-5e55f607ebf3'),
 ('35', '35', 'en_gb', 'stephen-megrath', NULL, '1', '2016-08-05 15:20:52', '2016-08-05 15:20:52', '3c4c1633-b5d9-4339-a916-db4682c65e5b'),
 ('36', '36', 'en_gb', 'victor-irwin', NULL, '1', '2016-08-05 15:20:52', '2016-08-05 15:20:52', 'd16e8395-2887-4d3b-a203-ec862cca4ddb'),
 ('37', '37', 'en_gb', 'norman-wright', NULL, '1', '2016-08-05 15:20:59', '2016-08-18 11:21:17', 'd40993f2-458d-4096-8cd5-1cc53276af7d'),
 ('38', '38', 'en_gb', 'victor-irwin', NULL, '1', '2016-08-05 15:21:28', '2016-08-18 11:21:17', 'f0a3716b-4b38-408a-979a-db82c09bfc7e'),
 ('39', '39', 'en_gb', 'stephen-megrath', NULL, '1', '2016-08-05 15:21:37', '2016-08-18 11:21:17', 'd656c590-128d-4217-84c3-f576a0b55160'),
 ('40', '40', 'en_gb', 'care-and-counsel-harmony-kennedy', NULL, '1', '2016-08-05 15:23:47', '2016-08-05 15:23:47', '79d8a1d7-e458-4ae9-b53f-abf3b0c3ebe6'),
 ('41', '41', 'en_gb', 'impact-youth-nathan', NULL, '1', '2016-08-05 15:23:48', '2016-08-05 15:23:48', '4eb8fcbf-68d9-486f-9790-019bee8463ec'),
 ('42', '42', 'en_gb', 'pa-to-pastor-nick-serb-derek-bird', NULL, '1', '2016-08-05 15:23:48', '2016-08-05 15:23:48', '3f226048-a52e-4f4c-9c0d-d3dc8b1653fb'),
 ('43', '43', 'en_gb', 'derek-bird', NULL, '1', '2016-08-05 15:24:00', '2016-08-18 11:21:17', 'fd1ecae8-b636-46cb-aa88-819a0671f950'),
 ('44', '44', 'en_gb', 'harmony-kennedy', NULL, '1', '2016-08-05 15:24:16', '2016-08-18 11:21:18', '774525cc-f8d8-423b-a8bc-1a8b17a191f3'),
 ('45', '45', 'en_gb', 'nathan-ivonici', NULL, '1', '2016-08-05 15:24:49', '2016-08-18 11:21:18', '8287e847-d2e9-4597-8f2d-dcba47f6dd03'),
 ('46', '46', 'en_gb', 'education-works-kerri-pinkerton', NULL, '1', '2016-08-05 15:25:59', '2016-08-05 15:25:59', 'd0021a2e-dd56-4107-a87f-055e4adbf37e'),
 ('47', '47', 'en_gb', 'family-support-cathal-cullen', NULL, '1', '2016-08-05 15:26:00', '2016-08-05 15:26:00', 'be85ead7-6e1f-49b9-98f8-ed31b7bda9a8'),
 ('48', '48', 'en_gb', 'music-matters-mark-ferguson', NULL, '1', '2016-08-05 15:26:00', '2016-08-05 15:26:00', '11a01148-5e53-447e-814d-c45bcd9ffdfb'),
 ('49', '49', 'en_gb', 'cathal-cullen', NULL, '1', '2016-08-05 15:26:10', '2016-08-18 11:21:18', '0b179a2f-cac6-4fbb-9f76-5f4c77a02a65'),
 ('50', '50', 'en_gb', 'kerry-pinkerton', NULL, '1', '2016-08-05 15:26:40', '2016-08-18 11:21:18', '941c0a5c-ceb2-4ed7-ae10-9e3d765dd238'),
 ('51', '51', 'en_gb', 'mark-ferguson', NULL, '1', '2016-08-05 15:27:05', '2016-08-18 11:21:18', '59fae92c-7941-4039-b722-fdd513f44c0e'),
 ('52', '52', 'en_gb', 'kidsfor-god-ruth-connolly', NULL, '1', '2016-08-05 15:27:57', '2016-08-05 15:27:57', '902c7d65-cf51-4c16-afcb-f29efae72244'),
 ('53', '53', 'en_gb', 'missions-irene-cummings', NULL, '1', '2016-08-05 15:27:57', '2016-08-05 15:27:57', '4394c2d6-f7f8-4b89-9b84-1e442c7e38e6'),
 ('54', '54', 'en_gb', 'irene-cummings', NULL, '1', '2016-08-05 15:28:06', '2016-08-18 11:21:18', '5717ce38-396f-4137-8ccc-f2112e07de53'),
 ('55', '55', 'en_gb', 'ruth-connolly', NULL, '1', '2016-08-05 15:28:25', '2016-08-18 11:21:18', '3a947640-0a1f-4a87-a661-9699cfa6de5c'),
 ('56', '56', 'en_gb', 'deathto-stock-energyand-serenity2', NULL, '1', '2016-08-08 09:03:32', '2016-08-08 09:03:32', '48540a1d-7536-458d-8528-1165c612525a'),
 ('57', '57', 'en_gb', 'dscf7252', NULL, '1', '2016-08-08 09:04:43', '2016-08-08 09:04:43', '8a5d958a-eaab-484c-9ee8-cc2ade839dd7'),
 ('58', '58', 'en_gb', 'death-to-stock-photography-weekend-work-10-of-10', NULL, '1', '2016-08-08 09:06:16', '2016-08-08 09:06:16', '32b90cf8-dbac-420b-ada4-0fcb6b6c174c'),
 ('59', '59', 'en_gb', 'maecenas-nisi-risus-mollis-sed-ligula', 'events/maecenas-nisi-risus-mollis-sed-ligula', '1', '2016-08-08 09:07:03', '2016-08-18 11:35:35', '3436558e-82e8-440f-8830-7f7ccf3aa7d0'),
 ('60', '60', 'en_gb', 'nulla-laoreet-nibh-sit-amet', 'events/nulla-laoreet-nibh-sit-amet', '1', '2016-08-08 09:15:45', '2016-08-18 11:35:35', 'ff2dcf3f-c904-4903-a73d-6d2a9128f3c2'),
 ('61', '61', 'en_gb', 'men-for-god', 'events/category/men-for-god', '1', '2016-08-08 11:42:00', '2016-08-08 11:42:00', '736cd99c-db70-4c6a-acdc-0dc2e16db1a7'),
 ('62', '62', 'en_gb', 'women-for-god', 'events/category/women-for-god', '1', '2016-08-08 11:42:12', '2016-08-08 11:42:12', '5d23e957-676b-4314-b091-10ebc890c248'),
 ('63', '63', 'en_gb', 'youth-for-god', 'events/category/youth-for-god', '1', '2016-08-08 11:42:36', '2016-08-08 13:56:44', '784ab123-e586-4d2c-abff-c4d5e40abb13'),
 ('64', '64', 'en_gb', 'kids-for-god', 'events/category/kids-for-god', '1', '2016-08-08 11:42:56', '2016-08-08 11:43:03', '07d92831-c719-4dbb-84d1-c138eee565c3'),
 ('65', '65', 'en_gb', 'church', NULL, '1', '2016-08-08 15:53:37', '2016-08-08 15:53:38', '56690fac-61de-46b4-849e-2238d9872af3'),
 ('66', '66', 'en_gb', 'community', NULL, '1', '2016-08-08 15:53:42', '2016-08-08 15:53:42', 'c9b42639-5d37-4c52-962d-0e35e9b0290f'),
 ('67', '67', 'en_gb', 'care', NULL, '1', '2016-08-08 15:53:47', '2016-08-08 15:53:47', 'a9447ceb-696b-4142-9600-a0c570b8c6bd'),
 ('68', '68', 'en_gb', 'creativity-works', NULL, '1', '2016-08-08 15:56:57', '2016-08-08 15:56:57', '1bcd9338-819d-4ac5-af30-9f7b49ffe90c'),
 ('69', '69', 'en_gb', 'discipleship-works', NULL, '1', '2016-08-08 15:56:58', '2016-08-08 15:56:58', 'f870c024-7789-4ba7-8fdf-d5312fefe0a2'),
 ('70', '70', 'en_gb', 'education-works', NULL, '1', '2016-08-08 15:56:58', '2016-08-08 15:56:58', '0917079c-d4fa-4b1a-86a6-0ee7c6b061a5'),
 ('71', '71', 'en_gb', 'family-support', NULL, '1', '2016-08-08 15:56:58', '2016-08-08 15:56:58', '6253ee90-1de5-44bb-be07-04513b7bb19e'),
 ('72', '72', 'en_gb', 'friendship-works', NULL, '1', '2016-08-08 15:56:58', '2016-08-08 15:56:58', '7ed3ece3-1c7c-4433-9c7c-c60ebc1a8b46'),
 ('73', '73', 'en_gb', 'higher-ground', NULL, '1', '2016-08-08 15:56:59', '2016-08-08 15:56:59', 'ab1e9847-2edb-41cf-8c9f-ba24eff74a11'),
 ('74', '74', 'en_gb', 'impact-ministries', NULL, '1', '2016-08-08 15:56:59', '2016-08-08 15:56:59', 'a5ec4280-c2f9-45a2-bdeb-8191c861c9c1'),
 ('75', '75', 'en_gb', 'inclusion-works', NULL, '1', '2016-08-08 15:56:59', '2016-08-08 15:56:59', '4a181e7b-24be-4363-bac3-f24869287048'),
 ('76', '76', 'en_gb', 'kids-for-god', NULL, '1', '2016-08-08 15:57:00', '2016-08-08 15:57:00', '4d139f91-cda8-4259-b1bf-c018e30f497e'),
 ('77', '77', 'en_gb', 'leadership-works', NULL, '1', '2016-08-08 15:57:00', '2016-08-08 15:57:00', '23716d53-c39b-4db1-b5f3-f23a777c0307'),
 ('78', '78', 'en_gb', 'media-works', NULL, '1', '2016-08-08 15:57:00', '2016-08-08 15:57:00', 'c664a897-f1d5-4163-9d81-4e6435c0c988'),
 ('79', '79', 'en_gb', 'men-for-god', NULL, '1', '2016-08-08 15:57:00', '2016-08-08 15:57:00', '27628e31-b284-4477-8c13-0228adbfb00c'),
 ('80', '80', 'en_gb', 'music-works', NULL, '1', '2016-08-08 15:57:01', '2016-08-08 15:57:01', '1cef5023-73b0-46a4-8223-3c84ea267bcc'),
 ('81', '81', 'en_gb', 'prayer-works', NULL, '1', '2016-08-08 15:57:01', '2016-08-08 15:57:01', '2bee9a34-0ba9-40eb-a184-439050edfa4a'),
 ('82', '82', 'en_gb', 'sheltered-housing', NULL, '1', '2016-08-08 15:57:01', '2016-08-08 15:57:01', 'e60e5789-4903-487e-9063-ccb9a23a64ed'),
 ('83', '83', 'en_gb', 'sport-works', NULL, '1', '2016-08-08 15:57:02', '2016-08-08 15:57:02', 'b888da4e-ff12-493c-91cb-d9e634774a04'),
 ('84', '84', 'en_gb', 'women-for-god', NULL, '1', '2016-08-08 15:57:02', '2016-08-08 15:57:02', 'd0ffc328-50ef-4c26-ac63-3088d44a36fc'),
 ('85', '85', 'en_gb', 'church-planting', NULL, '1', '2016-08-08 15:57:15', '2016-08-08 15:57:15', '8bfa331f-22e7-4968-b7da-2a5d84b9fd9d'),
 ('86', '86', 'en_gb', 'kids-for-god', NULL, '1', '2016-08-08 16:00:03', '2016-08-08 16:03:01', '38eca479-04a6-4771-a6ba-07980b9519c2'),
 ('87', '87', 'en_gb', 'youth-for-god', NULL, '1', '2016-08-08 16:00:46', '2016-08-23 16:38:18', '6347e047-27d4-4404-a6aa-a304928c393b'),
 ('88', '88', 'en_gb', 'men-for-god', NULL, '1', '2016-08-08 16:03:54', '2016-08-08 16:03:54', '8dfdaddf-9af8-428a-a7af-c5663b4c279a'),
 ('89', '89', 'en_gb', 'women-for-god', NULL, '1', '2016-08-08 16:13:15', '2016-08-08 16:13:15', '6d77b6b9-70ff-4840-affd-330bcd4ed375'),
 ('90', '90', 'en_gb', 'music-works', NULL, '1', '2016-08-08 16:14:39', '2016-08-08 16:14:39', 'a47b5258-81b0-42e2-bfd7-128c619f3f4d'),
 ('91', '91', 'en_gb', 'media-works', NULL, '1', '2016-08-08 16:15:29', '2016-08-08 16:15:29', '5509329f-f3b1-4633-b1db-64869bc38134'),
 ('92', '92', 'en_gb', 'church-planting', NULL, '1', '2016-08-08 16:16:07', '2016-08-18 09:22:20', '514476b1-5524-4d33-b288-f15c1587ecfb'),
 ('93', '93', 'en_gb', 'prayer-works', NULL, '1', '2016-08-09 08:24:58', '2016-08-09 08:25:06', '0f0228b3-c6ad-408d-a7eb-67fe05c99b74'),
 ('94', '94', 'en_gb', 'higher-ground', NULL, '1', '2016-08-09 08:25:43', '2016-08-18 14:49:59', 'eb2fb5d1-746f-47cb-a123-d42ce2569317'),
 ('95', '95', 'en_gb', 'education-works', NULL, '1', '2016-08-09 08:26:31', '2016-08-18 09:23:18', 'ac2a331a-68ce-41d5-8075-c9c04ce6f2a6'),
 ('96', '96', 'en_gb', 'creativity-works', NULL, '1', '2016-08-09 08:27:07', '2016-08-18 14:47:58', '15d54bc0-df24-434e-bc72-7f27407baa3b'),
 ('97', '97', 'en_gb', 'sport-works', NULL, '1', '2016-08-09 08:27:41', '2016-08-18 14:48:49', 'ec147034-1e96-430a-ac05-17d389e34821'),
 ('98', '98', 'en_gb', 'leadership-works', NULL, '1', '2016-08-09 08:28:19', '2016-08-09 08:28:19', '51724295-1d08-42cf-b455-c02742335a16'),
 ('99', '99', 'en_gb', 'family-support', NULL, '1', '2016-08-09 08:28:51', '2016-08-18 09:22:50', '08b8b007-45b2-44a8-94e2-95ebe16594a5'),
 ('100', '100', 'en_gb', 'care-and-counsel', NULL, '1', '2016-08-09 08:32:16', '2016-08-09 08:32:16', 'c4546d80-4a76-4da5-b7d0-9a724d74a55f'),
 ('101', '101', 'en_gb', 'care-and-counsel', NULL, '1', '2016-08-09 08:32:25', '2016-08-18 14:52:23', '3fff3aac-37ea-45ef-a40d-783ba7850ac5'),
 ('102', '102', 'en_gb', 'discipleship-works', NULL, '1', '2016-08-09 08:33:02', '2016-08-18 14:50:47', '33e40a20-1036-4b8f-918d-9d2f88bcd43c');
INSERT INTO `craft_elements_i18n` (`id`, `elementId`, `locale`, `slug`, `uri`, `enabled`, `dateCreated`, `dateUpdated`, `uid`) VALUES
 ('103', '103', 'en_gb', 'inclusion-works', NULL, '1', '2016-08-09 08:33:44', '2016-08-18 09:23:55', '4f64a18c-102c-46c5-b6e9-40cc05c69861'),
 ('104', '104', 'en_gb', 'friendship-works', NULL, '1', '2016-08-09 08:34:22', '2016-08-09 08:34:22', '67733dec-9133-4d42-8074-5a76d954d28c'),
 ('105', '105', 'en_gb', 'sheltered-housing', NULL, '1', '2016-08-09 08:35:01', '2016-08-18 09:23:42', 'e7bcfd42-b424-4897-9f59-d9b25d3898f4'),
 ('109', '109', 'en_gb', 'encountering-god-26th-october-2013', 'blog/encountering-god-26th-october-2013', '1', '2016-08-09 11:03:00', '2016-08-18 11:24:05', '2d70e63f-c51c-44ef-b626-c5a5979dc0ab'),
 ('110', '110', 'en_gb', 'phasellus-accumsan-quis', 'blog/phasellus-accumsan-quis', '1', '2016-08-09 11:03:35', '2016-08-18 11:24:05', 'e86f5963-fd33-4e43-af0d-0ed29cd1c264'),
 ('111', '111', 'en_gb', 'donec-a-malesuada-sapien', 'blog/donec-a-malesuada-sapien', '1', '2016-08-09 11:47:51', '2016-08-18 11:24:05', 'b3f20ed8-c0f5-4a06-b2c2-359287f9c978'),
 ('112', '112', 'en_gb', 'deathto-stock-not-stock7', NULL, '1', '2016-08-10 08:58:04', '2016-08-10 08:58:04', '9ee87455-7139-4202-8b30-4200cdbb6d43'),
 ('113', '113', 'en_gb', 'consectetur-lacinia', 'blog/consectetur-lacinia', '1', '2016-08-10 08:58:17', '2016-08-18 11:24:05', 'be6443b9-0173-423d-a105-8a826b9ac7f9'),
 ('114', '114', 'en_gb', 'alt-site-oct-15', NULL, '1', '2016-08-10 10:46:16', '2016-08-10 10:46:16', 'a68df3ac-349f-4a60-ba9f-3b5e6d100938'),
 ('115', '115', 'en_gb', 'test-pdf', 'media/test-pdf', '1', '2016-08-10 10:46:20', '2016-08-18 11:55:42', '56b54827-f2bc-486a-b5c3-38dc1bf5f81d'),
 ('116', '116', 'en_gb', 'death-to-stock-photography-weekend-work-3-of-10', NULL, '1', '2016-08-11 08:23:44', '2016-08-11 08:23:44', 'cf3afd8e-dc65-4d9a-98f6-b29d8af517b9'),
 ('117', '117', 'en_gb', 'maecenas-quis-turpis-nec-velit-aliquet-tincidunt', 'blog/maecenas-quis-turpis-nec-velit-aliquet-tincidunt', '1', '2016-08-11 08:23:58', '2016-08-18 11:24:05', '991f3628-a446-4118-82ce-448e29d541ed'),
 ('118', '118', 'en_gb', 'deathto-stock-energyand-serenity4', NULL, '1', '2016-08-11 08:25:14', '2016-08-11 08:25:14', 'd3c86f16-0cb1-4e66-9d80-ca7bee92a518'),
 ('119', '119', 'en_gb', 'nulla-venenatis-viverra-purus-ut-tempor-sapien-sagittis', 'blog/nulla-venenatis-viverra-purus-ut-tempor-sapien-sagittis', '1', '2016-08-11 08:25:19', '2016-08-18 11:24:05', '31fbf24d-c4f0-44ab-b2d3-55cca1e7a269'),
 ('120', '120', 'en_gb', 'youth-for-god', NULL, '1', '2016-08-15 11:02:19', '2016-08-15 11:02:19', '779dc011-a126-4082-a164-f49eaf15f449'),
 ('121', '121', 'en_gb', 'meet-us', 'meet-us', '1', '2016-08-18 11:21:42', '2016-08-18 11:22:09', 'e2ad3149-e8a9-4a9c-b4e0-b6ec0057bfdf'),
 ('122', '122', 'en_gb', 'blog', 'blog', '1', '2016-08-18 11:24:14', '2016-08-18 11:26:47', '759e4533-97af-4261-b402-2cc21446d557'),
 ('124', '124', 'en_gb', 'events', 'events', '1', '2016-08-18 11:46:29', '2016-08-18 11:47:15', 'f64962e8-66c9-4668-b0dc-031658efbfd3'),
 ('125', '125', 'en_gb', 'media', 'media', '1', '2016-08-18 11:55:51', '2016-08-18 11:56:14', 'f476987a-2ecf-41bc-9881-8223019cf954');



DROP TABLE IF EXISTS `craft_emailmessages`;


--
-- Schema for table `craft_emailmessages`
--
CREATE TABLE `craft_emailmessages` (
  `id` int(11) NOT NULL AUTO_INCREMENT,
  `key` char(150) COLLATE utf8_unicode_ci NOT NULL,
  `locale` char(12) COLLATE utf8_unicode_ci NOT NULL,
  `subject` varchar(1000) COLLATE utf8_unicode_ci NOT NULL,
  `body` text COLLATE utf8_unicode_ci NOT NULL,
  `dateCreated` datetime NOT NULL,
  `dateUpdated` datetime NOT NULL,
  `uid` char(36) COLLATE utf8_unicode_ci NOT NULL DEFAULT '0',
  PRIMARY KEY (`id`),
  UNIQUE KEY `craft_emailmessages_key_locale_unq_idx` (`key`,`locale`),
  KEY `craft_emailmessages_locale_fk` (`locale`)
) ENGINE=InnoDB DEFAULT CHARSET=utf8 COLLATE=utf8_unicode_ci;

DROP TABLE IF EXISTS `craft_entries`;


--
-- Schema for table `craft_entries`
--
CREATE TABLE `craft_entries` (
  `id` int(11) NOT NULL,
  `sectionId` int(11) NOT NULL,
  `typeId` int(11) DEFAULT NULL,
  `authorId` int(11) DEFAULT NULL,
  `postDate` datetime DEFAULT NULL,
  `expiryDate` datetime DEFAULT NULL,
  `dateCreated` datetime NOT NULL,
  `dateUpdated` datetime NOT NULL,
  `uid` char(36) COLLATE utf8_unicode_ci NOT NULL DEFAULT '0',
  PRIMARY KEY (`id`),
  KEY `craft_entries_sectionId_idx` (`sectionId`),
  KEY `craft_entries_typeId_idx` (`typeId`),
  KEY `craft_entries_postDate_idx` (`postDate`),
  KEY `craft_entries_expiryDate_idx` (`expiryDate`),
  KEY `craft_entries_authorId_fk` (`authorId`)
) ENGINE=InnoDB DEFAULT CHARSET=utf8 COLLATE=utf8_unicode_ci;

--
-- Data for table `craft_entries`
--

INSERT INTO `craft_entries` (`id`, `sectionId`, `typeId`, `authorId`, `postDate`, `expiryDate`, `dateCreated`, `dateUpdated`, `uid`) VALUES
 ('7', '3', '3', NULL, '2016-08-08 14:34:10', NULL, '2016-08-04 13:13:04', '2016-08-08 14:34:10', 'd7af4ac9-7ac9-47d9-b983-aa1f3becd4aa'),
 ('9', '4', '4', '1', '2016-08-04 14:57:00', NULL, '2016-08-04 14:57:06', '2016-08-04 15:00:42', 'fb3416d3-d578-44cd-a012-83f5e995ff01'),
 ('10', '4', '4', '1', '2016-08-04 14:59:42', NULL, '2016-08-04 14:59:43', '2016-08-04 14:59:43', '3c9eedb7-c763-40f9-a645-df04467e47cb'),
 ('11', '4', '4', '1', '2016-08-04 15:48:10', NULL, '2016-08-04 15:48:10', '2016-08-04 15:48:10', '1de9b6ab-da1c-415f-9ec0-f45f072bcafc'),
 ('12', '4', '4', '1', '2016-08-04 15:53:59', NULL, '2016-08-04 15:53:59', '2016-08-04 15:53:59', '90e51bb3-af9c-4ac3-8aee-47e0a792038b'),
 ('16', '5', NULL, NULL, '2016-08-05 11:11:38', NULL, '2016-08-05 11:11:39', '2016-08-23 16:07:24', 'd7a6fc1a-1cfa-4feb-a574-4f8047f3165f'),
 ('17', '6', '6', NULL, '2016-08-05 13:45:28', NULL, '2016-08-05 13:44:45', '2016-08-23 16:07:54', '482f092d-9523-4b05-b77f-e1190825c06d'),
 ('19', '7', '7', '1', '2016-08-05 14:53:00', NULL, '2016-08-05 14:53:45', '2016-08-10 11:17:01', '563ad455-d359-4476-8ee0-aae0a7563b81'),
 ('21', '7', '7', '1', '2016-08-05 15:12:03', NULL, '2016-08-05 15:12:03', '2016-08-05 15:12:03', '7efdd78c-e95b-4acb-b1fe-b0bba4d4e0c5'),
 ('23', '7', '7', '1', '2016-08-05 15:12:29', NULL, '2016-08-05 15:12:29', '2016-08-05 15:12:29', '422ee4f1-a852-4ab2-a8cf-04b57542deb2'),
 ('25', '7', '7', '1', '2016-08-05 15:12:49', NULL, '2016-08-05 15:12:50', '2016-08-05 15:12:50', 'c52a74b8-f1c2-46e9-b3ae-2103aecc8f82'),
 ('27', '7', '7', '1', '2016-08-05 15:13:31', NULL, '2016-08-05 15:13:31', '2016-08-05 15:13:31', '25ec35ff-9bac-4263-bd7f-f4d39a85a3b2'),
 ('29', '7', '7', '1', '2016-08-05 15:17:36', NULL, '2016-08-05 15:17:36', '2016-08-05 15:17:36', '4724aa02-e6ee-4aff-a28a-ba72534ef75c'),
 ('32', '7', '7', '1', '2016-08-05 15:18:41', NULL, '2016-08-05 15:18:42', '2016-08-05 15:18:42', '62485553-e6ce-4e16-ad36-d7e0cd356971'),
 ('33', '7', '7', '1', '2016-08-05 15:19:02', NULL, '2016-08-05 15:19:04', '2016-08-05 15:19:04', 'bcd9b90e-8c74-4534-b08d-256a3529a1e5'),
 ('37', '7', '7', '1', '2016-08-05 15:20:59', NULL, '2016-08-05 15:20:59', '2016-08-05 15:20:59', '0f9b84fb-7010-4775-979b-7a806634c772'),
 ('38', '7', '7', '1', '2016-08-05 15:21:28', NULL, '2016-08-05 15:21:28', '2016-08-05 15:21:28', 'd1e71977-076b-4e35-a4af-41af544e563c'),
 ('39', '7', '7', '1', '2016-08-05 15:21:37', NULL, '2016-08-05 15:21:37', '2016-08-05 15:21:37', '8d786f20-db2d-4e5b-b5b3-8938c6d7b2c3'),
 ('43', '7', '7', '1', '2016-08-05 15:24:00', NULL, '2016-08-05 15:24:00', '2016-08-05 15:24:00', 'e10f3b67-2dac-463e-923b-41570bf29e03'),
 ('44', '7', '7', '1', '2016-08-05 15:24:16', NULL, '2016-08-05 15:24:16', '2016-08-05 15:24:16', '2216fdc6-db12-4283-a749-e5932bdd97c5'),
 ('45', '7', '7', '1', '2016-08-05 15:24:48', NULL, '2016-08-05 15:24:49', '2016-08-05 15:24:49', 'eadb0551-0bab-4ed9-8da5-d0a565113eae'),
 ('49', '7', '7', '1', '2016-08-05 15:26:10', NULL, '2016-08-05 15:26:10', '2016-08-05 15:26:10', 'bd72f724-94fb-4f17-bac8-c91f24d288bb'),
 ('50', '7', '7', '1', '2016-08-05 15:26:40', NULL, '2016-08-05 15:26:40', '2016-08-05 15:26:40', 'f5338540-a137-4e67-bb3b-3af25d1f5317'),
 ('51', '7', '7', '1', '2016-08-05 15:27:05', NULL, '2016-08-05 15:27:05', '2016-08-05 15:27:05', '01908c89-01f1-4ac1-a0b9-9b7da7a43326'),
 ('54', '7', '7', '1', '2016-08-05 15:28:06', NULL, '2016-08-05 15:28:07', '2016-08-05 15:28:07', '55294c67-f079-43a6-b57a-d37e0daa3db8'),
 ('55', '7', '7', '1', '2016-08-05 15:28:24', NULL, '2016-08-05 15:28:25', '2016-08-05 15:28:25', '81b45dcd-1bd6-40e1-b38f-6399adc6a3cc'),
 ('59', '8', '8', '1', '2016-08-08 09:07:00', NULL, '2016-08-08 09:07:03', '2016-08-08 13:39:19', '01896c35-0a42-4116-a250-1bca0124dcdf'),
 ('60', '8', '8', '1', '2016-08-08 09:15:00', NULL, '2016-08-08 09:15:45', '2016-08-08 13:39:09', 'eedd6baa-88a7-4c69-b791-59f4704cf703'),
 ('86', '9', '9', '1', '2016-08-08 16:00:00', NULL, '2016-08-08 16:00:03', '2016-08-08 16:03:01', '53f87dd6-f843-498d-a2c1-8a246f9c40c4'),
 ('87', '9', '9', '1', '2016-08-08 16:00:00', NULL, '2016-08-08 16:00:46', '2016-08-23 16:38:18', '7547a150-95d1-4e4a-bd33-219ac4ec7d88'),
 ('88', '9', '9', '1', '2016-08-08 16:03:54', NULL, '2016-08-08 16:03:55', '2016-08-08 16:03:55', '15775f5e-4de8-41e6-a266-bd13bc33fb73'),
 ('89', '9', '9', '1', '2016-08-08 16:13:14', NULL, '2016-08-08 16:13:15', '2016-08-08 16:13:15', '816cfb75-1106-4298-b3e5-f794f9a91c17'),
 ('90', '9', '9', '1', '2016-08-08 16:14:39', NULL, '2016-08-08 16:14:39', '2016-08-08 16:14:39', '2acf35f4-8fb5-47d1-94e6-b8e7f2a03a99'),
 ('91', '9', '9', '1', '2016-08-08 16:15:29', NULL, '2016-08-08 16:15:29', '2016-08-08 16:15:29', '18520618-79ee-4ed9-85b7-291429c6c9f0'),
 ('92', '9', '9', '1', '2016-08-08 16:16:00', NULL, '2016-08-08 16:16:07', '2016-08-18 09:22:20', '438f0426-fb5f-44c9-a09f-b9dbc7c7df98'),
 ('93', '9', '9', '1', '2016-08-09 08:24:00', NULL, '2016-08-09 08:24:59', '2016-08-09 08:25:06', '5b349b8d-893d-4927-ba73-2cbabc53b1c6'),
 ('94', '9', '9', '1', '2016-08-09 08:25:00', NULL, '2016-08-09 08:25:43', '2016-08-18 14:50:00', '0e095e5d-0db4-44ce-ac60-935f0e2f88e1'),
 ('95', '9', '9', '1', '2016-08-09 08:26:00', NULL, '2016-08-09 08:26:31', '2016-08-18 09:23:18', '8f715b34-7119-4390-b72c-a7e6f6791e52'),
 ('96', '9', '9', '1', '2016-08-09 08:27:00', NULL, '2016-08-09 08:27:07', '2016-08-18 14:47:58', 'f591a6b1-5aca-40ee-a0b9-babe009ed715'),
 ('97', '9', '9', '1', '2016-08-09 08:27:00', NULL, '2016-08-09 08:27:41', '2016-08-18 14:48:49', '0ab33f60-b23f-4625-8147-a84dd254f5cd'),
 ('98', '9', '9', '1', '2016-08-09 08:28:19', NULL, '2016-08-09 08:28:19', '2016-08-09 08:28:19', '01d184cb-dd2a-43fe-86e5-aef0064e374a'),
 ('99', '9', '9', '1', '2016-08-09 08:28:00', NULL, '2016-08-09 08:28:51', '2016-08-18 09:22:50', '0d7b7aec-9eca-461d-8403-740b8fa9667d'),
 ('101', '9', '9', '1', '2016-08-09 08:32:00', NULL, '2016-08-09 08:32:25', '2016-08-18 14:52:23', '8ae70d9b-70af-477c-8265-65712b392e43'),
 ('102', '9', '9', '1', '2016-08-09 08:33:00', NULL, '2016-08-09 08:33:02', '2016-08-18 14:50:47', '59e80e09-c3b2-4bb5-b01f-844f5c9384a4'),
 ('103', '9', '9', '1', '2016-08-09 08:33:00', NULL, '2016-08-09 08:33:44', '2016-08-18 09:23:55', 'b005094c-b5f2-490c-9954-6cb0bfd0bd28'),
 ('104', '9', '9', '1', '2016-08-09 08:34:21', NULL, '2016-08-09 08:34:22', '2016-08-09 08:34:22', 'faa13bb0-9918-43b1-b56f-e3e94dece58d'),
 ('105', '9', '9', '1', '2016-08-09 08:35:00', NULL, '2016-08-09 08:35:01', '2016-08-18 09:23:42', 'f675e557-7dd4-4915-8a50-183b09692fbf'),
 ('109', '10', '10', '1', '2016-08-09 11:03:00', NULL, '2016-08-09 11:03:00', '2016-08-09 15:57:36', 'b1e01220-0a27-404c-93ec-f4287cd3df46'),
 ('110', '10', '10', '1', '2016-08-09 11:03:00', NULL, '2016-08-09 11:03:35', '2016-08-09 15:57:41', '5b67aa8c-890c-4efb-a051-c7ee9f49bf7e'),
 ('111', '10', '10', '1', '2016-08-09 11:47:00', NULL, '2016-08-09 11:47:51', '2016-08-09 15:45:24', '2f24a536-c837-4a6b-b469-2615bb803c68'),
 ('113', '10', '10', '1', '2016-08-10 08:58:17', NULL, '2016-08-10 08:58:17', '2016-08-10 08:58:17', '8a050a97-613d-48ba-9c62-77106905f8b2'),
 ('115', '4', '4', '1', '2016-08-10 10:46:20', NULL, '2016-08-10 10:46:20', '2016-08-10 10:46:20', '000b354c-0338-4972-816b-82848a198870'),
 ('117', '10', '10', '1', '2016-08-11 08:23:58', NULL, '2016-08-11 08:23:58', '2016-08-11 08:23:58', '04314764-57bd-4dc4-bb24-0ab80a7ccb11'),
 ('119', '10', '10', '1', '2016-08-11 08:25:19', NULL, '2016-08-11 08:25:19', '2016-08-11 08:25:19', '9e7ba1b9-c413-4268-b32b-39f4e3fac944'),
 ('121', '11', NULL, NULL, '2016-08-18 11:21:42', NULL, '2016-08-18 11:21:42', '2016-08-18 11:22:09', 'c2b94b5c-67f3-43de-a822-cafc8f106b61'),
 ('122', '12', NULL, NULL, '2016-08-18 11:24:14', NULL, '2016-08-18 11:24:14', '2016-08-18 11:26:47', '6b43775e-c14a-46f2-a06a-852c7fed4629'),
 ('124', '14', NULL, NULL, '2016-08-18 11:46:29', NULL, '2016-08-18 11:46:29', '2016-08-18 11:47:16', '09a5cd4f-8001-422a-936a-4bf02e145b58'),
 ('125', '15', NULL, NULL, '2016-08-18 11:55:51', NULL, '2016-08-18 11:55:51', '2016-08-18 11:56:14', '8f2c5b58-1f09-4561-b72a-98aaaee7abde');



DROP TABLE IF EXISTS `craft_entrydrafts`;


--
-- Schema for table `craft_entrydrafts`
--
CREATE TABLE `craft_entrydrafts` (
  `id` int(11) NOT NULL AUTO_INCREMENT,
  `entryId` int(11) NOT NULL,
  `sectionId` int(11) NOT NULL,
  `creatorId` int(11) NOT NULL,
  `locale` char(12) COLLATE utf8_unicode_ci NOT NULL,
  `name` varchar(255) COLLATE utf8_unicode_ci NOT NULL,
  `notes` tinytext COLLATE utf8_unicode_ci,
  `data` mediumtext COLLATE utf8_unicode_ci NOT NULL,
  `dateCreated` datetime NOT NULL,
  `dateUpdated` datetime NOT NULL,
  `uid` char(36) COLLATE utf8_unicode_ci NOT NULL DEFAULT '0',
  PRIMARY KEY (`id`),
  KEY `craft_entrydrafts_entryId_locale_idx` (`entryId`,`locale`),
  KEY `craft_entrydrafts_sectionId_fk` (`sectionId`),
  KEY `craft_entrydrafts_creatorId_fk` (`creatorId`),
  KEY `craft_entrydrafts_locale_fk` (`locale`)
) ENGINE=InnoDB DEFAULT CHARSET=utf8 COLLATE=utf8_unicode_ci;

DROP TABLE IF EXISTS `craft_entrytypes`;


--
-- Schema for table `craft_entrytypes`
--
CREATE TABLE `craft_entrytypes` (
  `id` int(11) NOT NULL AUTO_INCREMENT,
  `sectionId` int(11) NOT NULL,
  `fieldLayoutId` int(11) DEFAULT NULL,
  `name` varchar(255) COLLATE utf8_unicode_ci NOT NULL,
  `handle` varchar(255) COLLATE utf8_unicode_ci NOT NULL,
  `hasTitleField` tinyint(1) unsigned NOT NULL DEFAULT '1',
  `titleLabel` varchar(255) COLLATE utf8_unicode_ci DEFAULT 'Title',
  `titleFormat` varchar(255) COLLATE utf8_unicode_ci DEFAULT NULL,
  `sortOrder` smallint(6) unsigned DEFAULT NULL,
  `dateCreated` datetime NOT NULL,
  `dateUpdated` datetime NOT NULL,
  `uid` char(36) COLLATE utf8_unicode_ci NOT NULL DEFAULT '0',
  PRIMARY KEY (`id`),
  UNIQUE KEY `craft_entrytypes_name_sectionId_unq_idx` (`name`,`sectionId`),
  UNIQUE KEY `craft_entrytypes_handle_sectionId_unq_idx` (`handle`,`sectionId`),
  KEY `craft_entrytypes_sectionId_fk` (`sectionId`),
  KEY `craft_entrytypes_fieldLayoutId_fk` (`fieldLayoutId`)
) ENGINE=InnoDB AUTO_INCREMENT=16 DEFAULT CHARSET=utf8 COLLATE=utf8_unicode_ci;

--
-- Data for table `craft_entrytypes`
--

INSERT INTO `craft_entrytypes` (`id`, `sectionId`, `fieldLayoutId`, `name`, `handle`, `hasTitleField`, `titleLabel`, `titleFormat`, `sortOrder`, `dateCreated`, `dateUpdated`, `uid`) VALUES
 ('3', '3', '25', 'Join Us', 'connect', '0', NULL, '{section.name|raw}', NULL, '2016-08-04 13:13:04', '2016-08-08 14:34:10', '72a9bdde-303a-4c1d-9a71-c8a04a2e5340'),
 ('4', '4', '21', 'Media', 'media', '1', 'Title', NULL, NULL, '2016-08-04 14:04:10', '2016-08-04 14:35:40', 'bc39ff4b-c110-430f-a06f-d500dbeb9106'),
 ('5', '5', '28', 'New Here', 'newHere', '0', NULL, '{section.name|raw}', NULL, '2016-08-05 11:11:38', '2016-08-05 11:54:12', 'cc8fe117-00af-4e3e-8af9-c2e79c510b20'),
 ('6', '6', '30', 'About Us', 'about', '0', NULL, '{section.name|raw}', NULL, '2016-08-05 13:44:45', '2016-08-05 13:45:40', '600016a2-418b-4f3d-8e8e-df8dc75e2505'),
 ('7', '7', '33', 'Meet Us', 'meetUs', '1', 'Name', NULL, NULL, '2016-08-05 14:03:27', '2016-08-05 14:08:11', '600b8e45-e5eb-4b9f-b5cf-f892e9a2b4dc'),
 ('8', '8', '38', 'Events', 'events', '1', 'Title', NULL, NULL, '2016-08-08 08:44:40', '2016-08-08 13:38:43', '978fdaf5-4f3b-4c21-8c45-80540f9302a7'),
 ('9', '9', '45', 'Connect', 'connect', '1', 'Title', NULL, NULL, '2016-08-08 15:54:29', '2016-08-08 16:02:33', '84d13ff3-55d8-49b4-85d5-9b96706decce'),
 ('10', '10', '53', 'Blog', 'blog', '1', 'Title', NULL, NULL, '2016-08-09 10:48:54', '2016-08-09 15:58:16', '618eacd5-88de-442c-ab9d-eb8c907fa15c'),
 ('11', '11', '55', 'Meet Us', 'meetUs', '0', NULL, '{section.name|raw}', NULL, '2016-08-18 11:21:42', '2016-08-18 11:21:52', 'f1d5ea94-7a42-4cda-ad57-f63cce4f947b'),
 ('12', '12', '57', 'Blog', 'blog', '0', NULL, '{section.name|raw}', NULL, '2016-08-18 11:24:14', '2016-08-18 11:25:53', '17382dae-0e0a-46eb-8b81-5d569efe2afc'),
 ('14', '14', '61', 'Events', 'events', '0', NULL, '{section.name|raw}', NULL, '2016-08-18 11:46:29', '2016-08-18 11:47:04', 'da07e775-7b76-4d3d-bc83-2fcf37392558'),
 ('15', '15', '63', 'Media', 'media', '0', NULL, '{section.name|raw}', NULL, '2016-08-18 11:55:51', '2016-08-18 11:56:00', '292a766c-496a-44c4-b51d-c34a1f6a7f6d');



DROP TABLE IF EXISTS `craft_entryversions`;


--
-- Schema for table `craft_entryversions`
--
CREATE TABLE `craft_entryversions` (
  `id` int(11) NOT NULL AUTO_INCREMENT,
  `entryId` int(11) NOT NULL,
  `sectionId` int(11) NOT NULL,
  `creatorId` int(11) DEFAULT NULL,
  `locale` char(12) COLLATE utf8_unicode_ci NOT NULL,
  `num` smallint(6) unsigned NOT NULL,
  `notes` tinytext COLLATE utf8_unicode_ci,
  `data` mediumtext COLLATE utf8_unicode_ci NOT NULL,
  `dateCreated` datetime NOT NULL,
  `dateUpdated` datetime NOT NULL,
  `uid` char(36) COLLATE utf8_unicode_ci NOT NULL DEFAULT '0',
  PRIMARY KEY (`id`),
  KEY `craft_entryversions_entryId_locale_idx` (`entryId`,`locale`),
  KEY `craft_entryversions_sectionId_fk` (`sectionId`),
  KEY `craft_entryversions_creatorId_fk` (`creatorId`),
  KEY `craft_entryversions_locale_fk` (`locale`)
) ENGINE=InnoDB AUTO_INCREMENT=117 DEFAULT CHARSET=utf8 COLLATE=utf8_unicode_ci;

--
-- Data for table `craft_entryversions`
--

INSERT INTO `craft_entryversions` (`id`, `entryId`, `sectionId`, `creatorId`, `locale`, `num`, `notes`, `data`, `dateCreated`, `dateUpdated`, `uid`) VALUES
 ('4', '7', '3', '1', 'en_gb', '1', NULL, '{\"typeId\":\"3\",\"authorId\":null,\"title\":\"Connect\",\"slug\":\"connect\",\"postDate\":1470316384,\"expiryDate\":null,\"enabled\":1,\"parentId\":null,\"fields\":[]}', '2016-08-04 13:13:04', '2016-08-04 13:13:04', '7236e735-607a-466e-bb13-fa33f2553e5f'),
 ('5', '7', '3', '1', 'en_gb', '2', '', '{\"typeId\":null,\"authorId\":null,\"title\":\"Connect\",\"slug\":\"connect\",\"postDate\":1470316384,\"expiryDate\":null,\"enabled\":1,\"parentId\":null,\"fields\":{\"7\":\"Our mission is to be transformed to transform. That is why we want to be a healthy community of holy people; multiplying disciples, leaders, groups and churches. We do that by loving God, loving others and making disciples. We would like you to join this vision, not just another church.\",\"5\":\"Have a look below at the main ministries and fill in the form appropriately. A member of the pastoral team will be in touch with you as soon as possible to discuss your involvement. If your passion and area of ministry cannot be found in the list below, please let us know. we would love to explore with you the formation of a new ministry.\\r\\n\\r\\nA list of all areas of ministry plus others (please specify in a few words)\",\"4\":\"Sure, maybe it doesn\\u2019t look like it, but you are our greatest asset. You are the reason people are welcomed through the doors, experience an atmosphere for worship and truly grow in community. We believe that if you know Jesus and you have made Transformation Centre your home that you are called to serve as part of the body. You gifts may be the one thing someone needs to find their way home.\"}}', '2016-08-04 13:15:44', '2016-08-04 13:15:44', '3e2cfa09-c7a2-40bd-85c3-3bf09f782af8'),
 ('6', '7', '3', '1', 'en_gb', '3', '', '{\"typeId\":null,\"authorId\":null,\"title\":\"Connect\",\"slug\":\"connect\",\"postDate\":1470316384,\"expiryDate\":null,\"enabled\":1,\"parentId\":null,\"fields\":{\"7\":\"Our mission is to be transformed to transform. That is why we want to be a healthy community of holy people; multiplying disciples, leaders, groups and churches. We do that by loving God, loving others and making disciples. We would like you to join this vision, not just another church.\",\"5\":\"Have a look below at the main ministries and fill in the form appropriately. A member of the pastoral team will be in touch with you as soon as possible to discuss your involvement. If your passion and area of ministry cannot be found in the list below, please let us know. we would love to explore with you the formation of a new ministry.\\r\\n\\r\\nA list of all areas of ministry plus others (please specify in a few words)\",\"4\":\"Sure, maybe it doesn\\u2019t look like it, but you are our greatest asset. You are the reason people are welcomed through the doors, experience an atmosphere for worship and truly grow in community. We believe that if you know Jesus and you have made Transformation Centre your home that you are called to serve as part of the body. You gifts may be the one thing someone needs to find their way home.\"}}', '2016-08-04 13:17:45', '2016-08-04 13:17:45', 'f6e12bc0-f1c6-4915-ae95-fe433e5749b4'),
 ('7', '9', '4', '1', 'en_gb', '1', '', '{\"typeId\":null,\"authorId\":\"1\",\"title\":\"The Book of Romans\",\"slug\":\"the-book-of-romans\",\"postDate\":1470322625,\"expiryDate\":null,\"enabled\":1,\"parentId\":null,\"fields\":{\"8\":[\"8\"],\"11\":\"https:\\/\\/soundcloud.com\\/tc-lisburn\\/24716pm-pastornickserb-b2b-howtoencountergodeveryday-sermon\",\"9\":\"soundCloud\",\"10\":\"\"}}', '2016-08-04 14:57:06', '2016-08-04 14:57:06', 'e8ef20ff-13a3-41c0-bbac-31d2498c61dc'),
 ('8', '10', '4', '1', 'en_gb', '1', '', '{\"typeId\":null,\"authorId\":\"1\",\"title\":\"Liberating Truth\",\"slug\":\"liberating-truth\",\"postDate\":1470322782,\"expiryDate\":null,\"enabled\":1,\"parentId\":null,\"fields\":{\"8\":[\"8\"],\"11\":\"https:\\/\\/soundcloud.com\\/tc-lisburn\\/2016-07-24_am_liberating-truth_pastor-nick-serb\",\"9\":\"soundCloud\",\"10\":\"\"}}', '2016-08-04 14:59:43', '2016-08-04 14:59:43', '3ace7e7b-e2f1-4bdd-86ee-5a0da3e87ddb'),
 ('9', '9', '4', '1', 'en_gb', '2', '', '{\"typeId\":\"4\",\"authorId\":\"1\",\"title\":\"Back to Basic - How to encounter God everday\",\"slug\":\"the-book-of-romans\",\"postDate\":1470322620,\"expiryDate\":null,\"enabled\":1,\"parentId\":null,\"fields\":{\"8\":[\"8\"],\"11\":\"https:\\/\\/soundcloud.com\\/tc-lisburn\\/24716pm-pastornickserb-b2b-howtoencountergodeveryday-sermon\",\"9\":\"soundCloud\",\"10\":\"\"}}', '2016-08-04 15:00:23', '2016-08-04 15:00:23', '1dd1195e-db63-4415-9440-9e4d779fd589'),
 ('10', '9', '4', '1', 'en_gb', '3', '', '{\"typeId\":\"4\",\"authorId\":\"1\",\"title\":\"Back to Basics - How to encounter God everday\",\"slug\":\"the-book-of-romans\",\"postDate\":1470322620,\"expiryDate\":null,\"enabled\":1,\"parentId\":null,\"fields\":{\"8\":[\"8\"],\"11\":\"https:\\/\\/soundcloud.com\\/tc-lisburn\\/24716pm-pastornickserb-b2b-howtoencountergodeveryday-sermon\",\"9\":\"soundCloud\",\"10\":\"\"}}', '2016-08-04 15:00:42', '2016-08-04 15:00:42', '52295e8b-68f1-41fc-b424-57a22f7ff017'),
 ('11', '11', '4', '1', 'en_gb', '1', '', '{\"typeId\":null,\"authorId\":\"1\",\"title\":\"#1 Session \\\"Men for God\\\" conference 2015 \",\"slug\":\"1-session-men-for-god-conference-2015\",\"postDate\":1470325690,\"expiryDate\":null,\"enabled\":1,\"parentId\":null,\"fields\":{\"8\":\"\",\"11\":\"https:\\/\\/www.youtube.com\\/watch?v=o2__FxD7AoY\",\"9\":\"youtube\",\"10\":\"\"}}', '2016-08-04 15:48:10', '2016-08-04 15:48:10', '5b8a16ef-1634-480d-9193-efeb79befb32'),
 ('12', '12', '4', '1', 'en_gb', '1', '', '{\"typeId\":null,\"authorId\":\"1\",\"title\":\"Free at last - Karl Niblock\",\"slug\":\"free-at-last-karl-niblock\",\"postDate\":1470326039,\"expiryDate\":null,\"enabled\":1,\"parentId\":null,\"fields\":{\"8\":[\"8\"],\"11\":\"https:\\/\\/soundcloud.com\\/tc-lisburn\\/2016-07-10_am-free-at-last_mr-karl-niblock\",\"9\":\"soundCloud\",\"10\":\"\"}}', '2016-08-04 15:53:59', '2016-08-04 15:53:59', '30a6a419-8087-4056-8a4d-7c982a0c5e2a'),
 ('13', '7', '3', '1', 'en_gb', '4', '', '{\"typeId\":null,\"authorId\":null,\"title\":\"Connect\",\"slug\":\"connect\",\"postDate\":1470316384,\"expiryDate\":null,\"enabled\":1,\"parentId\":null,\"fields\":{\"13\":[\"14\",\"15\"],\"7\":\"Our mission is to be transformed to transform. That is why we want to be a healthy community of holy people; multiplying disciples, leaders, groups and churches. We do that by loving God, loving others and making disciples. We would like you to join this vision, not just another church.\",\"5\":\"Have a look below at the main ministries and fill in the form appropriately. A member of the pastoral team will be in touch with you as soon as possible to discuss your involvement. If your passion and area of ministry cannot be found in the list below, please let us know. we would love to explore with you the formation of a new ministry.\\r\\n\\r\\nA list of all areas of ministry plus others (please specify in a few words)\",\"4\":\"Sure, maybe it doesn\\u2019t look like it, but you are our greatest asset. You are the reason people are welcomed through the doors, experience an atmosphere for worship and truly grow in community. We believe that if you know Jesus and you have made Transformation Centre your home that you are called to serve as part of the body. You gifts may be the one thing someone needs to find their way home.\"}}', '2016-08-05 08:49:00', '2016-08-05 08:49:00', 'e31293c7-d76e-465f-a95e-258c7ff2f239'),
 ('14', '16', '5', '1', 'en_gb', '1', NULL, '{\"typeId\":\"5\",\"authorId\":null,\"title\":\"New Here\",\"slug\":\"new-here\",\"postDate\":1470395498,\"expiryDate\":null,\"enabled\":1,\"parentId\":null,\"fields\":[]}', '2016-08-05 11:11:39', '2016-08-05 11:11:39', 'ae84adc5-958a-48a2-aadd-f60b0bd375f2'),
 ('15', '16', '5', '1', 'en_gb', '2', '', '{\"typeId\":null,\"authorId\":null,\"title\":\"New Here\",\"slug\":\"new-here\",\"postDate\":1470395498,\"expiryDate\":null,\"enabled\":1,\"parentId\":null,\"fields\":{\"14\":[{\"col1\":\"What\\u2019s the Leadership Structure?\",\"col2\":\"The church is lead by a team of Elders and Deacons. The role of elders is to look after the spiritual life of every believer in the church and to teach the Bible. They do this with a serving heart and a leader\\u2019s mind. The deacons look after the administrative side of the ministry, offering spiritual insight into the practical life of the church. Nick Serb is a full time paid pastor and a very much integral part of the Elders\\u2019 team. His passion for teaching and vision is reflected in his leadership.\"},{\"col1\":\"What denomination is Transformation Centre? \",\"col2\":\"Transformation Centre is part of the Free Methodist Church Family in Europe. We hold to aWesleyan theology but above all to a Biblical and Orthodox heritage. Have a look at ourCore Beliefs here (link to a pdf document). What are the core beliefs? \"}]}}', '2016-08-05 11:31:30', '2016-08-05 11:31:30', 'bf0e9aa4-75b3-4341-a98b-bc9207ea53a8'),
 ('16', '16', '5', '1', 'en_gb', '3', '', '{\"typeId\":null,\"authorId\":null,\"title\":\"New Here\",\"slug\":\"new-here\",\"postDate\":1470395498,\"expiryDate\":null,\"enabled\":1,\"parentId\":null,\"fields\":{\"14\":[{\"col1\":\"What\\u2019s the Leadership Structure?\",\"col2\":\"The church is lead by a team of Elders and Deacons. The role of elders is to look after the spiritual life of every believer in the church and to teach the Bible. They do this with a serving heart and a leader\\u2019s mind. The deacons look after the administrative side of the ministry, offering spiritual insight into the practical life of the church. Nick Serb is a full time paid pastor and a very much integral part of the Elders\\u2019 team. His passion for teaching and vision is reflected in his leadership.\"},{\"col1\":\"What denomination is Transformation Centre?\",\"col2\":\"Transformation Centre is part of the Free Methodist Church Family in Europe. We hold to aWesleyan theology but above all to a Biblical and Orthodox heritage. Have a look at ourCore Beliefs here (link to a pdf document). What are the core beliefs? \"},{\"col1\":\"What\\u2019s the purpose \\/ vision of Transformation Centre?\",\"col2\":\"Our purpose statement is: Be Transformed To Transform. The idea is that Christ transforms us as we come to faith in Jesus Christ. (2 Cor. 5: 17) and as we are transformed daily (Romans 12: 1 -2) others are touched and called to transformation. As we serve God here on earth we also look for our final transformation when Jesus comes back to take us home. (Phil. 3: 21) It is our mission to improve the well being of everyone in the community by providing for their physical, mental and spiritual health. We do that by introducing people to the transforming love of God. Our goal is to love God, love others and make disciples. \"},{\"col1\":\"What role does Prayer have for Transformation Centre?\",\"col2\":\"We believe a church is lead from the prayer room not the board room. This means that everything we do stands because of Prayer. We emphasise a strong personal life of prayer but also a united Corporate Prayer Ministry. To us prayer is as vital as breathing. On Wednesday night you can expect to come and simply spend time with God, pray (out loud if you wish) and have others pray for you if you have a need. Prayer is where everything starts, because being Christians is having a personal encounter with God. \"},{\"col1\":\"How can I get involved?\",\"col2\":\"First of all we want to invite all people to know Jesus as their Lord and personal Saviour. As we can to this saving faith we want to encourage and equip believers to serve God according to their passion and gifts. Have a look at out Connect Page and see if there is anything that matches your passion. We are also looking to see people starting new things and serving God in new ways. Go to Join us Page, fill in the form and we will get in touch with you as soon as possible. \"}]}}', '2016-08-05 11:39:14', '2016-08-05 11:39:14', '54d143a2-bc5b-43f1-94cd-069da8e5d317'),
 ('17', '16', '5', '1', 'en_gb', '4', '', '{\"typeId\":null,\"authorId\":null,\"title\":\"New Here\",\"slug\":\"new-here\",\"postDate\":1470395498,\"expiryDate\":null,\"enabled\":1,\"parentId\":null,\"fields\":{\"15\":\"<p>Welcome to TRANSFORMATION CENTRE (former Mount Zion). The church started around 30 years ago when a group of sincere believers sought to meet for fellowship and Bible study. It was their desire from the beginning to be real and honest about their faith. Now the church has a growing congregation built on the same principles of real and honest Christianity. Our purpose is to make disciples who glorify Christ in all things. We want to be as Biblical as possible, in doctrine and practice. I hope we can be a blessing to you, as you browse this site.<\\/p>\",\"14\":[{\"col1\":\"What\\u2019s the Leadership Structure?\",\"col2\":\"The church is lead by a team of Elders and Deacons. The role of elders is to look after the spiritual life of every believer in the church and to teach the Bible. They do this with a serving heart and a leader\\u2019s mind. The deacons look after the administrative side of the ministry, offering spiritual insight into the practical life of the church. Nick Serb is a full time paid pastor and a very much integral part of the Elders\\u2019 team. His passion for teaching and vision is reflected in his leadership.\"},{\"col1\":\"What denomination is Transformation Centre?\",\"col2\":\"Transformation Centre is part of the Free Methodist Church Family in Europe. We hold to aWesleyan theology but above all to a Biblical and Orthodox heritage. Have a look at ourCore Beliefs here (link to a pdf document). What are the core beliefs? \"},{\"col1\":\"What\\u2019s the purpose \\/ vision of Transformation Centre?\",\"col2\":\"Our purpose statement is: Be Transformed To Transform. The idea is that Christ transforms us as we come to faith in Jesus Christ. (2 Cor. 5: 17) and as we are transformed daily (Romans 12: 1 -2) others are touched and called to transformation. As we serve God here on earth we also look for our final transformation when Jesus comes back to take us home. (Phil. 3: 21) It is our mission to improve the well being of everyone in the community by providing for their physical, mental and spiritual health. We do that by introducing people to the transforming love of God. Our goal is to love God, love others and make disciples. \"},{\"col1\":\"What role does Prayer have for Transformation Centre?\",\"col2\":\"We believe a church is lead from the prayer room not the board room. This means that everything we do stands because of Prayer. We emphasise a strong personal life of prayer but also a united Corporate Prayer Ministry. To us prayer is as vital as breathing. On Wednesday night you can expect to come and simply spend time with God, pray (out loud if you wish) and have others pray for you if you have a need. Prayer is where everything starts, because being Christians is having a personal encounter with God. \"},{\"col1\":\"How can I get involved?\",\"col2\":\"First of all we want to invite all people to know Jesus as their Lord and personal Saviour. As we can to this saving faith we want to encourage and equip believers to serve God according to their passion and gifts. Have a look at out Connect Page and see if there is anything that matches your passion. We are also looking to see people starting new things and serving God in new ways. Go to Join us Page, fill in the form and we will get in touch with you as soon as possible. \"}],\"19\":\"<p>The best way to connect with us is to become part of the various ministries that take place in the church, getting to know the people, joining in our fellowship lunches and informal worship times. If you like sport we organise nights of football and volleyball. We would love the chance to know you better over a cup of coffee or tea. Find out more on our <a href=\\\"\\/connect\\\">connect page<\\/a>.<\\/p>\",\"16\":\"<p>On Sunday mornings we meet for worship and praise, the children have a time of singing and prayer, then there is preaching. Usually pastor Nick Serb preaches but sometimes we have other elders or guest speakers.The preaching is conversational, passionate and simple. On Sunday evenings we usually have a time of sharing when people talk about their experiences with God or whatever they struggle with, followed by a Bible study. On Wednesdays we meet to pray together and minister to one another.<\\/p>\",\"17\":\"<p>Sunday services are at 11.00 am and 6.30 pm. The prayer time on Wednesday is at 7.30 pm. For other events and times please look at our <a href=\\\"\\/events\\\">Events Page<\\/a> and <a href=\\\"\\/connect\\\">Connect Page<\\/a>.<\\/p>\",\"18\":\"<p>We know visiting a new church for the first time can be a bit overwhelming. Here at Transformation Centre, we have intentionally built a culture that is casual and friendly, where you can truly be yourself. We are a very informal and family friendly church. The music combines both familiar and not so familiar songs, lead from the front by a team of musicians. The preaching is most of the time dynamic and conversational where people are free to ask questions, join in and become part of the service.<\\/p>\"}}', '2016-08-05 11:58:25', '2016-08-05 11:58:25', 'a1c5b799-2b43-44a0-ab26-d6a651054ad2'),
 ('18', '17', '6', '1', 'en_gb', '1', NULL, '{\"typeId\":\"6\",\"authorId\":null,\"title\":\"About\",\"slug\":\"about\",\"postDate\":1470404685,\"expiryDate\":null,\"enabled\":1,\"parentId\":null,\"fields\":[]}', '2016-08-05 13:44:45', '2016-08-05 13:44:45', '8667d497-c3ec-47b9-aa12-4ad4ff39c88b'),
 ('19', '17', '6', '1', 'en_gb', '2', '', '{\"typeId\":\"6\",\"authorId\":null,\"title\":\"About Us\",\"slug\":\"about\",\"postDate\":1470404728,\"expiryDate\":null,\"enabled\":1,\"parentId\":null,\"fields\":{\"1\":\"<p>We are a community church which started around 40 years ago, when a group of sincere believers sought to meet for fellowship and Bible study in Lisburn, Northern Ireland. From the beginning, their desire was to be real and honest about their faith. Now the church has a growing congregation built on the same principle of real and honest Christianity. As a community our purpose is to be transformed so others can know the transforming love of Jesus. We believe the Gospel of Jesus Christ, the Good News, is what transforms us.&nbsp;<\\/p>\"}}', '2016-08-05 13:46:58', '2016-08-05 13:46:58', 'c0b4459b-f140-4402-b9ab-2cc621ee49c8'),
 ('20', '17', '6', '1', 'en_gb', '3', '', '{\"typeId\":\"6\",\"authorId\":null,\"title\":\"About Us\",\"slug\":\"about\",\"postDate\":1470404728,\"expiryDate\":null,\"enabled\":1,\"parentId\":null,\"fields\":{\"1\":\"<p>We are a community church which started around 40 years ago, when a group of sincere believers sought to meet for fellowship and Bible study in Lisburn, Northern Ireland. From the beginning, their desire was to be real and honest about their faith. Now the church has a growing congregation built on the same principle of real and honest Christianity. As a community our purpose is to be transformed so others can know the transforming love of Jesus. We believe the Gospel of Jesus Christ, the Good News, is what transforms us.&nbsp;<\\/p><blockquote>\\u201cOur vision is to improve the well being of everyone in our community&nbsp;and to provide for their physical, mental and spiritual health.\\u201d<br><br><\\/blockquote><p>We believe in the transformational power of God, therefore we believe that God can<br>transform anyone, no matter how sinful they think they are. We are an informal church and building relationships with people is very important to us. We want to get to know people and help where possible. Loving God, loving others and making disciples sums up all that we do<\\/p><h3>What to Expect<span><\\/span><\\/h3><hr><p>On Sunday mornings we meet for worship and praise, the children have a time of singing and prayer, then there is preaching. Usually pastor Nick Serb preaches but sometimes we have other elders or guest speakers.The preaching is conversational, passionate and simple. On Sunday evenings we usually have a time of sharing when people talk about their experiences with God or whatever they struggle with, followed by a Bible study. On Wednesdays we meet to pray together and minister to one another.&nbsp;<\\/p>\\r\\n\\r\\n<p>We are a very informal and family friendly church. We like to think we are friendly and loving, and we are doing our best to welcome everyone. The music combines both the old and the contemporary, lead from the front by a team of musicians. The preaching is dynamic and people are free to ask questions, join in and become part of the service.<\\/p>\"}}', '2016-08-05 13:50:11', '2016-08-05 13:50:11', '0f549c4b-c8f9-4633-ab60-e7bc9064a056'),
 ('21', '17', '6', '1', 'en_gb', '4', '', '{\"typeId\":\"6\",\"authorId\":null,\"title\":\"About Us\",\"slug\":\"about\",\"postDate\":1470404728,\"expiryDate\":null,\"enabled\":1,\"parentId\":null,\"fields\":{\"1\":\"<p>We are a community church which started around 40 years ago, when a group of sincere believers sought to meet for fellowship and Bible study in Lisburn, Northern Ireland. From the beginning, their desire was to be real and honest about their faith. Now the church has a growing congregation built on the same principle of real and honest Christianity. As a community our purpose is to be transformed so others can know the transforming love of Jesus. We believe the Gospel of Jesus Christ, the Good News, is what transforms us.&nbsp;<\\/p>\\r\\n<blockquote>\\u201cOur vision is to improve the well being of everyone in our community and to provide for their physical, mental and spiritual health.\\u201d<\\/blockquote>\\r\\n<p>We believe in the transformational power of God, therefore we believe that God can transform anyone, no matter how sinful they think they are. We are an informal church and building relationships with people is very important to us. We want to get to know people and help where possible. Loving God, loving others and making disciples sums up all that we do<\\/p>\\r\\n<h3>What to Expect<\\/h3>\\r\\n<hr>\\r\\n<p>On Sunday mornings we meet for worship and praise, the children have a time of singing and prayer, then there is preaching. Usually pastor Nick Serb preaches but sometimes we have other elders or guest speakers.The preaching is conversational, passionate and simple. On Sunday evenings we usually have a time of sharing when people talk about their experiences with God or whatever they struggle with, followed by a Bible study. On Wednesdays we meet to pray together and minister to one another.&nbsp;<\\/p>\\r\\n<p>We are a very informal and family friendly church. We like to think we are friendly and loving, and we are doing our best to welcome everyone. The music combines both the old and the contemporary, lead from the front by a team of musicians. The preaching is dynamic and people are free to ask questions, join in and become part of the service.<\\/p>\"}}', '2016-08-05 13:53:10', '2016-08-05 13:53:10', 'd1756ff5-95b1-4267-8af8-9046113de10f'),
 ('22', '19', '7', '1', 'en_gb', '1', '', '{\"typeId\":null,\"authorId\":\"1\",\"title\":\"Nick Serb\",\"slug\":\"nick-serb\",\"postDate\":1470408825,\"expiryDate\":null,\"enabled\":1,\"parentId\":null,\"fields\":{\"24\":\"\",\"23\":\"\",\"25\":[\"18\"],\"21\":\"Pastor\",\"22\":\"\"}}', '2016-08-05 14:53:45', '2016-08-05 14:53:45', 'f6c3dd66-7832-4b17-8021-9b4ccc944e07'),
 ('23', '21', '7', '1', 'en_gb', '1', '', '{\"typeId\":null,\"authorId\":\"1\",\"title\":\"Andy Irwin\",\"slug\":\"andy-irwin\",\"postDate\":1470409923,\"expiryDate\":null,\"enabled\":1,\"parentId\":null,\"fields\":{\"24\":\"\",\"23\":\"\",\"25\":[\"20\"],\"21\":\"TBC\",\"22\":\"\"}}', '2016-08-05 15:12:03', '2016-08-05 15:12:03', 'da73853e-0564-4353-a132-e56b0cd5a02c'),
 ('24', '23', '7', '1', 'en_gb', '1', '', '{\"typeId\":null,\"authorId\":\"1\",\"title\":\"Norman Moore\",\"slug\":\"norman-moore\",\"postDate\":1470409949,\"expiryDate\":null,\"enabled\":1,\"parentId\":null,\"fields\":{\"24\":\"\",\"23\":\"\",\"25\":[\"22\"],\"21\":\"TBC\",\"22\":\"\"}}', '2016-08-05 15:12:29', '2016-08-05 15:12:29', '13add6fc-da92-4094-b2a3-fa0923579881'),
 ('25', '25', '7', '1', 'en_gb', '1', '', '{\"typeId\":null,\"authorId\":\"1\",\"title\":\"Jill Bird\",\"slug\":\"jill-bird\",\"postDate\":1470409969,\"expiryDate\":null,\"enabled\":1,\"parentId\":null,\"fields\":{\"24\":\"\",\"23\":\"\",\"25\":[\"24\"],\"21\":\"Deaconess\",\"22\":\"\"}}', '2016-08-05 15:12:50', '2016-08-05 15:12:50', '922b4d6e-82f0-4aee-9ff1-2942ae57b579'),
 ('26', '27', '7', '1', 'en_gb', '1', '', '{\"typeId\":null,\"authorId\":\"1\",\"title\":\"Jim Bell\",\"slug\":\"jim-bell\",\"postDate\":1470410011,\"expiryDate\":null,\"enabled\":1,\"parentId\":null,\"fields\":{\"24\":\"\",\"23\":\"\",\"25\":[\"26\"],\"21\":\"Deacon\",\"22\":\"\"}}', '2016-08-05 15:13:32', '2016-08-05 15:13:32', '56861b1d-01c0-4364-8926-92c78dfaf7ce'),
 ('27', '29', '7', '1', 'en_gb', '1', '', '{\"typeId\":null,\"authorId\":\"1\",\"title\":\"Clifford Irwin\",\"slug\":\"clifford-irwin\",\"postDate\":1470410256,\"expiryDate\":null,\"enabled\":1,\"parentId\":null,\"fields\":{\"24\":\"\",\"23\":\"\",\"25\":[\"28\"],\"21\":\"Deacon\",\"22\":\"\"}}', '2016-08-05 15:17:36', '2016-08-05 15:17:36', '86abd99b-65bc-4bb8-9ec2-7ec556efd7b0'),
 ('28', '32', '7', '1', 'en_gb', '1', '', '{\"typeId\":null,\"authorId\":\"1\",\"title\":\"Peter Havenaar\",\"slug\":\"peter-havenaar\",\"postDate\":1470410321,\"expiryDate\":null,\"enabled\":1,\"parentId\":null,\"fields\":{\"24\":\"\",\"23\":\"\",\"25\":[\"31\"],\"21\":\"Deacon\",\"22\":\"\"}}', '2016-08-05 15:18:42', '2016-08-05 15:18:42', '0029ca64-df4e-4ddd-ac98-1cd4d1b0b533'),
 ('29', '33', '7', '1', 'en_gb', '1', '', '{\"typeId\":null,\"authorId\":\"1\",\"title\":\"Paul Debei\",\"slug\":\"paul-debei\",\"postDate\":1470410342,\"expiryDate\":null,\"enabled\":1,\"parentId\":null,\"fields\":{\"24\":\"\",\"23\":\"\",\"25\":[\"30\"],\"21\":\"Deacon\",\"22\":\"\"}}', '2016-08-05 15:19:04', '2016-08-05 15:19:04', 'b459601c-5157-4469-888a-109578adafa4'),
 ('30', '37', '7', '1', 'en_gb', '1', '', '{\"typeId\":null,\"authorId\":\"1\",\"title\":\"Norman Wright\",\"slug\":\"norman-wright\",\"postDate\":1470410459,\"expiryDate\":null,\"enabled\":1,\"parentId\":null,\"fields\":{\"24\":\"\",\"23\":\"\",\"25\":[\"34\"],\"21\":\"Deacon\",\"22\":\"\"}}', '2016-08-05 15:20:59', '2016-08-05 15:20:59', '68d1a195-afc9-475c-a89d-a9a47771ffb8'),
 ('31', '38', '7', '1', 'en_gb', '1', '', '{\"typeId\":null,\"authorId\":\"1\",\"title\":\"Victor Irwin\",\"slug\":\"victor-irwin\",\"postDate\":1470410488,\"expiryDate\":null,\"enabled\":1,\"parentId\":null,\"fields\":{\"24\":\"\",\"23\":\"\",\"25\":[\"36\"],\"21\":\"Deacon\",\"22\":\"\"}}', '2016-08-05 15:21:28', '2016-08-05 15:21:28', 'c7c4f775-0153-4373-b61c-fd2bbac28f7b'),
 ('32', '39', '7', '1', 'en_gb', '1', '', '{\"typeId\":null,\"authorId\":\"1\",\"title\":\"Stephen Megrath\",\"slug\":\"stephen-megrath\",\"postDate\":1470410497,\"expiryDate\":null,\"enabled\":1,\"parentId\":null,\"fields\":{\"24\":\"\",\"23\":\"\",\"25\":[\"35\"],\"21\":\"Deacon\",\"22\":\"\"}}', '2016-08-05 15:21:37', '2016-08-05 15:21:37', '3e02945f-32bc-4aef-8db3-6d81d3bb031b'),
 ('33', '43', '7', '1', 'en_gb', '1', '', '{\"typeId\":null,\"authorId\":\"1\",\"title\":\"Derek Bird\",\"slug\":\"derek-bird\",\"postDate\":1470410640,\"expiryDate\":null,\"enabled\":1,\"parentId\":null,\"fields\":{\"24\":\"\",\"23\":\"\",\"25\":[\"42\"],\"21\":\"PA to Pastor Nick Serb\",\"22\":\"\"}}', '2016-08-05 15:24:00', '2016-08-05 15:24:00', 'ac15e321-7aaa-4f6d-91c1-5c25bd138f8e'),
 ('34', '44', '7', '1', 'en_gb', '1', '', '{\"typeId\":null,\"authorId\":\"1\",\"title\":\"Harmony Kennedy\",\"slug\":\"harmony-kennedy\",\"postDate\":1470410656,\"expiryDate\":null,\"enabled\":1,\"parentId\":null,\"fields\":{\"24\":\"\",\"23\":\"\",\"25\":[\"40\"],\"21\":\"Care and Counsel\",\"22\":\"\"}}', '2016-08-05 15:24:16', '2016-08-05 15:24:16', 'b068a563-7a29-4848-ae32-2bd0911f9685'),
 ('35', '45', '7', '1', 'en_gb', '1', '', '{\"typeId\":null,\"authorId\":\"1\",\"title\":\"Nathan Ivonici\",\"slug\":\"nathan-ivonici\",\"postDate\":1470410688,\"expiryDate\":null,\"enabled\":1,\"parentId\":null,\"fields\":{\"24\":\"\",\"23\":\"\",\"25\":[\"41\"],\"21\":\"Impact Youth\",\"22\":\"\"}}', '2016-08-05 15:24:49', '2016-08-05 15:24:49', 'e670e8c6-f49e-43c0-9cf2-9a6dc6ec45a9'),
 ('36', '49', '7', '1', 'en_gb', '1', '', '{\"typeId\":null,\"authorId\":\"1\",\"title\":\"Cathal Cullen\",\"slug\":\"cathal-cullen\",\"postDate\":1470410770,\"expiryDate\":null,\"enabled\":1,\"parentId\":null,\"fields\":{\"24\":\"\",\"23\":\"\",\"25\":[\"47\"],\"21\":\"Family Support\",\"22\":\"\"}}', '2016-08-05 15:26:10', '2016-08-05 15:26:10', 'c2c3230b-1471-432a-8b62-c1f72e48eedd'),
 ('37', '50', '7', '1', 'en_gb', '1', '', '{\"typeId\":null,\"authorId\":\"1\",\"title\":\"Kerry Pinkerton\",\"slug\":\"kerry-pinkerton\",\"postDate\":1470410800,\"expiryDate\":null,\"enabled\":1,\"parentId\":null,\"fields\":{\"24\":\"\",\"23\":\"\",\"25\":[\"46\"],\"21\":\"Education Works\",\"22\":\"\"}}', '2016-08-05 15:26:40', '2016-08-05 15:26:40', 'f3d00c1e-f8af-468a-afa3-a4f8b76217a7'),
 ('38', '51', '7', '1', 'en_gb', '1', '', '{\"typeId\":null,\"authorId\":\"1\",\"title\":\"Mark Ferguson\",\"slug\":\"mark-ferguson\",\"postDate\":1470410825,\"expiryDate\":null,\"enabled\":1,\"parentId\":null,\"fields\":{\"24\":\"\",\"23\":\"\",\"25\":[\"48\"],\"21\":\"Music Matters\",\"22\":\"\"}}', '2016-08-05 15:27:05', '2016-08-05 15:27:05', '5efa0651-cdc6-44a7-95da-778e4dd5f9cb'),
 ('39', '54', '7', '1', 'en_gb', '1', '', '{\"typeId\":null,\"authorId\":\"1\",\"title\":\"Irene Cummings\",\"slug\":\"irene-cummings\",\"postDate\":1470410886,\"expiryDate\":null,\"enabled\":1,\"parentId\":null,\"fields\":{\"24\":\"\",\"23\":\"\",\"25\":[\"53\"],\"21\":\"Missions\",\"22\":\"\"}}', '2016-08-05 15:28:07', '2016-08-05 15:28:07', 'a8ec85ab-7e27-486b-9384-3ae7a3408213'),
 ('40', '55', '7', '1', 'en_gb', '1', '', '{\"typeId\":null,\"authorId\":\"1\",\"title\":\"Ruth Connolly\",\"slug\":\"ruth-connolly\",\"postDate\":1470410904,\"expiryDate\":null,\"enabled\":1,\"parentId\":null,\"fields\":{\"24\":\"\",\"23\":\"\",\"25\":[\"52\"],\"21\":\"Kids for God\",\"22\":\"\"}}', '2016-08-05 15:28:25', '2016-08-05 15:28:25', 'de098a73-0162-450a-bc51-0250e48bb7c3'),
 ('41', '59', '8', '1', 'en_gb', '1', '', '{\"typeId\":null,\"authorId\":\"1\",\"title\":\"Maecenas nisi risus, mollis sed ligula\",\"slug\":\"maecenas-nisi-risus-mollis-sed-ligula\",\"postDate\":1470647222,\"expiryDate\":null,\"enabled\":1,\"parentId\":null,\"fields\":{\"1\":\"\",\"8\":[\"56\"],\"3\":\"\"}}', '2016-08-08 09:07:03', '2016-08-08 09:07:03', '5b638f07-a3fd-4bea-b698-fa15ae9ba781'),
 ('42', '59', '8', '1', 'en_gb', '2', '', '{\"typeId\":\"8\",\"authorId\":\"1\",\"title\":\"Maecenas nisi risus, mollis sed ligula\",\"slug\":\"maecenas-nisi-risus-mollis-sed-ligula\",\"postDate\":1470647220,\"expiryDate\":null,\"enabled\":1,\"parentId\":null,\"fields\":{\"26\":\"Vestibulum sodales et dui placerat feugiat. Etiam vitae purus aliquam, pretium urna ut, elementum leo. Pellentesque et libero suscipit, luctus metus sed, blandit leo. Class aptent taciti sociosqu ad litora torquent per conubia nostra, per inceptos himenaeos. Donec at lorem volutpat, blandit arcu a, venenatis magna. Morbi quis erat ligula. Sed tempor turpis tellus, non finibus ex condimentum at. Pellentesque congue diam non metus consectetur, ut fringilla ex commodo. Donec quis nulla ac tortor convallis interdum.\",\"27\":[\"menForGod\"],\"8\":[\"56\"],\"28\":\"http:\\/\\/sugarrushcreative.com\\/\"}}', '2016-08-08 09:11:46', '2016-08-08 09:11:46', '24d59a76-e9b2-435f-8661-96e89d4f6860'),
 ('43', '60', '8', '1', 'en_gb', '1', '', '{\"typeId\":null,\"authorId\":\"1\",\"title\":\"Nulla laoreet nibh sit amet\",\"slug\":\"nulla-laoreet-nibh-sit-amet\",\"postDate\":1470647745,\"expiryDate\":null,\"enabled\":1,\"parentId\":null,\"fields\":{\"26\":\"Sed quis purus sit amet mauris tincidunt mattis congue vel risus. Donec vel lacinia dolor, porttitor pellentesque purus. Donec ornare luctus orci a tempus. Sed tincidunt blandit urna euismod posuere. Nulla laoreet nibh sit amet tellus rhoncus, ac maximus urna commodo. Quisque eleifend urna eget ante ullamcorper efficitur. Nullam quis augue metus. Nam ut hendrerit ligula, at fermentum odio. Pellentesque imperdiet est turpis, sit amet convallis turpis faucibus eget. Pellentesque id ex in nisi luctus placerat.\",\"27\":[\"kidsForGod\"],\"8\":[\"56\"],\"28\":\"\"}}', '2016-08-08 09:15:45', '2016-08-08 09:15:45', '198bc7b4-975b-4cc1-83c2-eaae5879f242'),
 ('44', '60', '8', '1', 'en_gb', '2', '', '{\"typeId\":\"8\",\"authorId\":\"1\",\"title\":\"Nulla laoreet nibh sit amet\",\"slug\":\"nulla-laoreet-nibh-sit-amet\",\"postDate\":1470647700,\"expiryDate\":null,\"enabled\":1,\"parentId\":null,\"fields\":{\"26\":\"Sed quis purus sit amet mauris tincidunt mattis congue vel risus. Donec vel lacinia dolor, porttitor pellentesque purus. Donec ornare luctus orci a tempus. Sed tincidunt blandit urna euismod posuere. Nulla laoreet nibh sit amet tellus rhoncus, ac maximus urna commodo. Quisque eleifend urna eget ante ullamcorper efficitur. Nullam quis augue metus. Nam ut hendrerit ligula, at fermentum odio. Pellentesque imperdiet est turpis, sit amet convallis turpis faucibus eget. Pellentesque id ex in nisi luctus placerat.\",\"27\":[\"kidsForGod\"],\"8\":[\"58\"],\"28\":\"\"}}', '2016-08-08 10:46:15', '2016-08-08 10:46:15', '0ef1908c-efa4-43c1-84ad-11962ba600ba'),
 ('45', '60', '8', '1', 'en_gb', '3', '', '{\"typeId\":\"8\",\"authorId\":\"1\",\"title\":\"Nulla laoreet nibh sit amet\",\"slug\":\"nulla-laoreet-nibh-sit-amet\",\"postDate\":1470647700,\"expiryDate\":null,\"enabled\":1,\"parentId\":null,\"fields\":{\"26\":\"Sed quis purus sit amet mauris tincidunt mattis congue vel risus. Donec vel lacinia dolor, porttitor pellentesque purus. Donec ornare luctus orci a tempus. Sed tincidunt blandit urna euismod posuere. Nulla laoreet nibh sit amet tellus rhoncus, ac maximus urna commodo. Quisque eleifend urna eget ante ullamcorper efficitur. Nullam quis augue metus. Nam ut hendrerit ligula, at fermentum odio. Pellentesque imperdiet est turpis, sit amet convallis turpis faucibus eget. Pellentesque id ex in nisi luctus placerat.\",\"27\":[\"61\"],\"8\":[\"58\"],\"28\":\"\"}}', '2016-08-08 11:43:25', '2016-08-08 11:43:25', '8ca8f4e5-b3b1-486a-b831-8e5763b122a1'),
 ('46', '59', '8', '1', 'en_gb', '3', '', '{\"typeId\":\"8\",\"authorId\":\"1\",\"title\":\"Maecenas nisi risus, mollis sed ligula\",\"slug\":\"maecenas-nisi-risus-mollis-sed-ligula\",\"postDate\":1470647220,\"expiryDate\":null,\"enabled\":1,\"parentId\":null,\"fields\":{\"26\":\"Vestibulum sodales et dui placerat feugiat. Etiam vitae purus aliquam, pretium urna ut, elementum leo. Pellentesque et libero suscipit, luctus metus sed, blandit leo. Class aptent taciti sociosqu ad litora torquent per conubia nostra, per inceptos himenaeos. Donec at lorem volutpat, blandit arcu a, venenatis magna. Morbi quis erat ligula. Sed tempor turpis tellus, non finibus ex condimentum at. Pellentesque congue diam non metus consectetur, ut fringilla ex commodo. Donec quis nulla ac tortor convallis interdum.\",\"27\":[\"63\"],\"8\":[\"56\"],\"28\":\"http:\\/\\/sugarrushcreative.com\\/\"}}', '2016-08-08 13:33:59', '2016-08-08 13:33:59', '65e48918-eb03-4446-a3df-3fb977ca8070'),
 ('47', '60', '8', '1', 'en_gb', '4', '', '{\"typeId\":\"8\",\"authorId\":\"1\",\"title\":\"Nulla laoreet nibh sit amet\",\"slug\":\"nulla-laoreet-nibh-sit-amet\",\"postDate\":1470647700,\"expiryDate\":null,\"enabled\":1,\"parentId\":null,\"fields\":{\"26\":\"Sed quis purus sit amet mauris tincidunt mattis congue vel risus. Donec vel lacinia dolor, porttitor pellentesque purus. Donec ornare luctus orci a tempus. Sed tincidunt blandit urna euismod posuere. Nulla laoreet nibh sit amet tellus rhoncus, ac maximus urna commodo. Quisque eleifend urna eget ante ullamcorper efficitur. Nullam quis augue metus. Nam ut hendrerit ligula, at fermentum odio. Pellentesque imperdiet est turpis, sit amet convallis turpis faucibus eget. Pellentesque id ex in nisi luctus placerat.\",\"27\":[\"61\"],\"8\":[\"58\"],\"28\":\"\",\"29\":{\"date\":\"12\\/08\\/2016\",\"time\":\"20:00\"}}}', '2016-08-08 13:39:09', '2016-08-08 13:39:09', 'd61ce125-c7f3-497b-8e39-402c99ccef10'),
 ('48', '59', '8', '1', 'en_gb', '4', '', '{\"typeId\":\"8\",\"authorId\":\"1\",\"title\":\"Maecenas nisi risus, mollis sed ligula\",\"slug\":\"maecenas-nisi-risus-mollis-sed-ligula\",\"postDate\":1470647220,\"expiryDate\":null,\"enabled\":1,\"parentId\":null,\"fields\":{\"26\":\"Vestibulum sodales et dui placerat feugiat. Etiam vitae purus aliquam, pretium urna ut, elementum leo. Pellentesque et libero suscipit, luctus metus sed, blandit leo. Class aptent taciti sociosqu ad litora torquent per conubia nostra, per inceptos himenaeos. Donec at lorem volutpat, blandit arcu a, venenatis magna. Morbi quis erat ligula. Sed tempor turpis tellus, non finibus ex condimentum at. Pellentesque congue diam non metus consectetur, ut fringilla ex commodo. Donec quis nulla ac tortor convallis interdum.\",\"27\":[\"63\"],\"8\":[\"56\"],\"28\":\"http:\\/\\/sugarrushcreative.com\\/\",\"29\":{\"date\":\"16\\/08\\/2016\",\"time\":\"12:00\"}}}', '2016-08-08 13:39:19', '2016-08-08 13:39:19', '2fb7913c-994e-4807-8500-4b14d0b8b9b7'),
 ('49', '59', '8', '1', 'en_gb', '5', '', '{\"typeId\":\"8\",\"authorId\":\"1\",\"title\":\"Maecenas nisi risus, mollis sed ligula\",\"slug\":\"maecenas-nisi-risus-mollis-sed-ligula\",\"postDate\":1470647220,\"expiryDate\":null,\"enabled\":1,\"parentId\":null,\"fields\":{\"26\":\"Vestibulum sodales et dui placerat feugiat. Etiam vitae purus aliquam, pretium urna ut, elementum leo. Pellentesque et libero suscipit, luctus metus sed, blandit leo. Class aptent taciti sociosqu ad litora torquent per conubia nostra, per inceptos himenaeos. Donec at lorem volutpat, blandit arcu a, venenatis magna. Morbi quis erat ligula. Sed tempor turpis tellus, non finibus ex condimentum at. Pellentesque congue diam non metus consectetur, ut fringilla ex commodo. Donec quis nulla ac tortor convallis interdum.\",\"27\":[\"63\"],\"8\":[\"56\"],\"28\":\"http:\\/\\/sugarrushcreative.com\\/\",\"29\":{\"date\":\"16\\/08\\/2016\",\"time\":\"12:00\"}}}', '2016-08-08 13:39:19', '2016-08-08 13:39:19', 'eadaad32-baee-47be-a1be-fb66012786f4'),
 ('50', '86', '9', '1', 'en_gb', '1', '', '{\"typeId\":null,\"authorId\":\"1\",\"title\":\"Kids for God\",\"slug\":\"kids-for-god\",\"postDate\":1470672003,\"expiryDate\":null,\"enabled\":1,\"parentId\":null,\"fields\":{\"31\":[\"65\"],\"30\":[\"76\"],\"12\":\"This is a ministry to children. Children church takes place during the morning service on Sundays. Children are taught in an age appropriate environment from nursery age to year 1 in high school. Kid zone takes place on a Friday night where children can have some fun and learn about God.\"}}', '2016-08-08 16:00:03', '2016-08-08 16:00:03', '35a7b04d-ed2f-4bf6-98a5-f762057ce99a'),
 ('51', '87', '9', '1', 'en_gb', '1', '', '{\"typeId\":null,\"authorId\":\"1\",\"title\":\"Youth for God\",\"slug\":\"youth-for-god\",\"postDate\":1470672045,\"expiryDate\":null,\"enabled\":1,\"parentId\":null,\"fields\":{\"31\":[\"65\"],\"30\":\"\",\"12\":\"Impact is a ministry to Teens, Youth and Young adults. It reaches out to those who are not usually represented by traditional ministries. It has a mission emphasis, by purposely reaching out to young people of all ages in the community, creating a safe environment, away from any harmful influences. Some parts of this project are still being developed. \"}}', '2016-08-08 16:00:46', '2016-08-08 16:00:46', '05773a0f-1581-4ec1-b93a-5c08ad7ed98d'),
 ('52', '86', '9', '1', 'en_gb', '2', '', '{\"typeId\":\"9\",\"authorId\":\"1\",\"title\":\"Kids for God\",\"slug\":\"kids-for-god\",\"postDate\":1470672000,\"expiryDate\":null,\"enabled\":1,\"parentId\":null,\"fields\":{\"32\":\"<p>This is a ministry to children. Children church takes place during the morning service&nbsp;on Sundays. Children are taught in an age appropriate environment from nursery age to year 1 in&nbsp;high school. Kid zone takes place on a Friday night where children can have some fun and learn&nbsp;about God.<br><\\/p>\",\"31\":[\"65\"],\"30\":[\"76\"]}}', '2016-08-08 16:03:01', '2016-08-08 16:03:01', '3c05eb86-ecae-4ea2-bae1-da58d990b66f'),
 ('53', '87', '9', '1', 'en_gb', '2', '', '{\"typeId\":\"9\",\"authorId\":\"1\",\"title\":\"Youth for God\",\"slug\":\"youth-for-god\",\"postDate\":1470672000,\"expiryDate\":null,\"enabled\":1,\"parentId\":null,\"fields\":{\"32\":\"<p>Impact is a ministry to Teens, Youth and Young adults. It reaches out to those who&nbsp;are not usually represented by traditional ministries. It has a mission emphasis, by purposely&nbsp;reaching out to young people of all ages in the community, creating a safe environment, away from&nbsp;any harmful influences. Some parts of this project are still being developed.&nbsp;<br><\\/p>\",\"31\":[\"65\"],\"30\":\"\"}}', '2016-08-08 16:03:26', '2016-08-08 16:03:26', '864690bd-3aa5-4cb8-8298-482f3ea37a0c'),
 ('54', '88', '9', '1', 'en_gb', '1', '', '{\"typeId\":null,\"authorId\":\"1\",\"title\":\"Men for God\",\"slug\":\"men-for-god\",\"postDate\":1470672234,\"expiryDate\":null,\"enabled\":1,\"parentId\":null,\"fields\":{\"32\":\"<p>The purpose for this ministry is to revive the men of Ireland. The men meet every&nbsp;other Monday night for discipleship and fellowship. There are annual conferences and retreats&nbsp;which enable men to grow together in their faith. For more details visit <a href=\\\"http:\\/\\/www.menforgod.co.uk\\\">www.menforgod.co.uk<\\/a><br><\\/p>\",\"31\":[\"65\"],\"30\":[\"79\"]}}', '2016-08-08 16:03:55', '2016-08-08 16:03:55', '77971190-3077-4af4-9b80-c9f6bbef68e3'),
 ('55', '89', '9', '1', 'en_gb', '1', '', '{\"typeId\":null,\"authorId\":\"1\",\"title\":\"Women for God\",\"slug\":\"women-for-god\",\"postDate\":1470672794,\"expiryDate\":null,\"enabled\":1,\"parentId\":null,\"fields\":{\"32\":\"<p>The purpose for this ministry us to create an environment for women to support&nbsp;one another and learn together how to grow in faith. The women meed every other Monday night&nbsp;for a Bible study, discussing and good fun and fellowship. There are also conferences organised&nbsp;with topics related to women. For more details visit <a href=\\\"http:\\/\\/www.womenforgod.co.uk\\\">www.womenforgod.co.uk<\\/a><br><\\/p>\",\"31\":[\"65\"],\"30\":[\"84\"]}}', '2016-08-08 16:13:15', '2016-08-08 16:13:15', '8c28ea8f-7ced-4a3e-b01e-8a144014b8e1'),
 ('56', '90', '9', '1', 'en_gb', '1', '', '{\"typeId\":null,\"authorId\":\"1\",\"title\":\"Music Works\",\"slug\":\"music-works\",\"postDate\":1470672879,\"expiryDate\":null,\"enabled\":1,\"parentId\":null,\"fields\":{\"32\":\"<p>Our music ministry is developed to encourage the church to worship and not just&nbsp;sing songs. We want to encourage all those with a gift and a desire for singing to get involved and&nbsp;grow in their gifts. The music team meets every first Saturday in the month for fellowship, rehearsal&nbsp;and practical workshops for different instruments.<br><\\/p>\",\"31\":[\"65\"],\"30\":[\"80\"]}}', '2016-08-08 16:14:39', '2016-08-08 16:14:39', '83d46b4e-4b22-4f31-9bf1-3adc3f9f9461'),
 ('57', '91', '9', '1', 'en_gb', '1', '', '{\"typeId\":null,\"authorId\":\"1\",\"title\":\"Media Works\",\"slug\":\"media-works\",\"postDate\":1470672929,\"expiryDate\":null,\"enabled\":1,\"parentId\":null,\"fields\":{\"32\":\"<p>This is a ministry that takes the message of transformation through the power of the&nbsp;Gospel and creatively spreads it through the internet and the social media. The media team is&nbsp;developing ways in which we can communicate with the world, audio and video, and share the&nbsp;transforming love of God.<\\/p>\",\"31\":[\"65\"],\"30\":[\"78\"]}}', '2016-08-08 16:15:29', '2016-08-08 16:15:29', 'f84747cd-b695-4650-9117-9181daabf2f3'),
 ('58', '92', '9', '1', 'en_gb', '1', '', '{\"typeId\":null,\"authorId\":\"1\",\"title\":\"Church Planting\",\"slug\":\"church-planting\",\"postDate\":1470672967,\"expiryDate\":null,\"enabled\":1,\"parentId\":null,\"fields\":{\"32\":\"<p>It is all about spreading the Good News of Jesus Christ and taking this Gospel&nbsp;to places that are in need. This means locally and all over the world. We aim at preparing and&nbsp;training church planters who are ready to pioneer church plants in Ireland (North and South) and&nbsp;beyond. <strong>This project is still being developed.<\\/strong>&nbsp;<\\/p>\",\"31\":[\"65\"],\"30\":[\"85\"]}}', '2016-08-08 16:16:07', '2016-08-08 16:16:07', '8e19ade3-754e-47e6-9e1d-77fb4b307b16'),
 ('59', '93', '9', '1', 'en_gb', '1', '', '{\"typeId\":null,\"authorId\":\"1\",\"title\":\"Prayer Works\",\"slug\":\"prayer-works\",\"postDate\":1470731098,\"expiryDate\":null,\"enabled\":1,\"parentId\":null,\"fields\":{\"32\":\"<p>Prayer is the power engine of everything we do. We meet regularly, on&nbsp;Wednesdays, to pray for one another, for the church and for the community. We believe that prayer&nbsp;works, therefore we pray for the sick and the needy. We want to offer prayer to all those in need of&nbsp;prayer support. For how that works please visit <a href=\\\"http:\\/\\/www.prayerworks.co.uk\\\">www.prayerworks.co.uk<\\/a><\\/p>\",\"31\":[\"66\"],\"30\":[\"81\"]}}', '2016-08-09 08:24:59', '2016-08-09 08:24:59', '4d25fe97-5650-4baa-b6f9-fedfa02f32dd'),
 ('60', '93', '9', '1', 'en_gb', '2', '', '{\"typeId\":\"9\",\"authorId\":\"1\",\"title\":\"Prayer Works\",\"slug\":\"prayer-works\",\"postDate\":1470731040,\"expiryDate\":null,\"enabled\":1,\"parentId\":null,\"fields\":{\"32\":\"<p>Prayer is the power engine of everything we do. We meet regularly, on&nbsp;Wednesdays, to pray for one another, for the church and for the community. We believe that prayer&nbsp;works, therefore we pray for the sick and the needy. We want to offer prayer to all those in need of&nbsp;prayer support. For how that works please visit <a href=\\\"http:\\/\\/www.prayerworks.co.uk\\\">www.prayerworks.co.uk<\\/a><\\/p>\",\"31\":[\"66\"],\"30\":[\"81\"]}}', '2016-08-09 08:25:06', '2016-08-09 08:25:06', '77b346e1-7a0a-408f-98f8-af6aad808b49'),
 ('61', '94', '9', '1', 'en_gb', '1', '', '{\"typeId\":null,\"authorId\":\"1\",\"title\":\"Higher Ground\",\"slug\":\"higher-ground\",\"postDate\":1470731143,\"expiryDate\":null,\"enabled\":1,\"parentId\":null,\"fields\":{\"32\":\"<p>We want to provide a community space where people can enjoy&nbsp;healthy food with quality coffee and tea. We value the building of healthy relationships and&nbsp;community integration for all people. Higher Ground has operated before as a coffee shop in&nbsp;Gregg Street. The project currently is being re-developed.&nbsp;<br><\\/p>\",\"31\":[\"66\"],\"30\":[\"73\"]}}', '2016-08-09 08:25:43', '2016-08-09 08:25:43', '0c1613d5-f3f7-4c30-8f64-849dfd28190c'),
 ('62', '95', '9', '1', 'en_gb', '1', '', '{\"typeId\":null,\"authorId\":\"1\",\"title\":\"Education Works\",\"slug\":\"education-works\",\"postDate\":1470731191,\"expiryDate\":null,\"enabled\":1,\"parentId\":null,\"fields\":{\"32\":\"<p>This is a project that supports Primary and Secondary school children with their&nbsp;Reading and Writing skills. It also develops courses for the elderly on basic skills computer and internet basic skills. Our centre is equipped with a computer room. We value good education and&nbsp;support for all people to achieve and do better in their education. <strong>This project is still being&nbsp;developed.<\\/strong><\\/p>\",\"31\":[\"66\"],\"30\":[\"70\"]}}', '2016-08-09 08:26:31', '2016-08-09 08:26:31', 'bc651227-ce5c-4d1a-8388-de5267ed8dae'),
 ('63', '96', '9', '1', 'en_gb', '1', '', '{\"typeId\":null,\"authorId\":\"1\",\"title\":\"Creativity Works\",\"slug\":\"creativity-works\",\"postDate\":1470731227,\"expiryDate\":null,\"enabled\":1,\"parentId\":null,\"fields\":{\"32\":\"<p>This is a project that encourages people who are creative or passionate about&nbsp;the creative arts. We want to use our creativity and the artistic skills to share the wonderful&nbsp;message of God\\u2019s transforming love. Art is an amazing tool for allowing people to express&nbsp;themselves. This project is still being developed.&nbsp;<\\/p>\",\"31\":[\"66\"],\"30\":[\"68\"]}}', '2016-08-09 08:27:07', '2016-08-09 08:27:07', '3829e704-2299-46f5-8179-205a5d267d3a'),
 ('64', '96', '9', '1', 'en_gb', '2', '', '{\"typeId\":\"9\",\"authorId\":\"1\",\"title\":\"Creativity Works\",\"slug\":\"creativity-works\",\"postDate\":1470731220,\"expiryDate\":null,\"enabled\":1,\"parentId\":null,\"fields\":{\"32\":\"<p>This is a project that encourages people who are creative or passionate about&nbsp;the creative arts. We want to use our creativity and the artistic skills to share the wonderful&nbsp;message of God\\u2019s transforming love. Art is an amazing tool for allowing people to express&nbsp;themselves. This project is still being developed.&nbsp;<\\/p>\",\"31\":[\"66\"],\"30\":[\"68\"]}}', '2016-08-09 08:27:11', '2016-08-09 08:27:11', 'eb4b58ee-4fc5-4b2c-8771-cdb9602dc7d1'),
 ('65', '97', '9', '1', 'en_gb', '1', '', '{\"typeId\":null,\"authorId\":\"1\",\"title\":\"Sport Works\",\"slug\":\"sport-works\",\"postDate\":1470731261,\"expiryDate\":null,\"enabled\":1,\"parentId\":null,\"fields\":{\"32\":\"<p>We value the health of our body, soul and spirit. For that we encourage people to do&nbsp;sport as a way to keep our bodies healthy. We have regular sessions where we teach people how&nbsp;to play volleyball and have fun with it. For those that love football, there is a weekly session&nbsp;organised for fun and exercise. Please contact us for more details.&nbsp;<\\/p>\",\"31\":[\"66\"],\"30\":[\"83\"]}}', '2016-08-09 08:27:41', '2016-08-09 08:27:41', 'a1986322-f39f-4841-8913-ad34d5c5d9ad'),
 ('66', '97', '9', '1', 'en_gb', '2', '', '{\"typeId\":\"9\",\"authorId\":\"1\",\"title\":\"Sport Works\",\"slug\":\"sport-works\",\"postDate\":1470731220,\"expiryDate\":null,\"enabled\":1,\"parentId\":null,\"fields\":{\"32\":\"<p>We value the health of our body, soul and spirit. For that we encourage people to do&nbsp;sport as a way to keep our bodies healthy. We have regular sessions where we teach people how&nbsp;to play volleyball and have fun with it. For those that love football, there is a weekly session&nbsp;organised for fun and exercise. Please contact us for more details.&nbsp;<\\/p>\",\"31\":[\"66\"],\"30\":[\"83\"]}}', '2016-08-09 08:27:44', '2016-08-09 08:27:44', '33e292b3-0662-4d99-b993-3a4bccafc6e7'),
 ('67', '98', '9', '1', 'en_gb', '1', '', '{\"typeId\":null,\"authorId\":\"1\",\"title\":\"Leadership Works\",\"slug\":\"leadership-works\",\"postDate\":1470731299,\"expiryDate\":null,\"enabled\":1,\"parentId\":null,\"fields\":{\"32\":\"<p>Every church must be lead by a group of spiritual leaders who understand&nbsp;their responsibility and fulfil it with joy. But this is not just about church leadership, but any&nbsp;leadership. All those who are in a place of leadership, at home or at work, are being trained and&nbsp;advised on how to become better leaders. This is done by one off seminars, one to one mentoring&nbsp;and training programmes.&nbsp;<\\/p>\",\"31\":[\"66\"],\"30\":[\"77\"]}}', '2016-08-09 08:28:19', '2016-08-09 08:28:19', '8166cda3-0437-4392-8504-1fdd1ebe29b1'),
 ('68', '99', '9', '1', 'en_gb', '1', '', '{\"typeId\":null,\"authorId\":\"1\",\"title\":\"Family Support\",\"slug\":\"family-support\",\"postDate\":1470731331,\"expiryDate\":null,\"enabled\":1,\"parentId\":null,\"fields\":{\"32\":\"<p>We value family as being the foundation of every society. A healthy and loving&nbsp;environment at home will create healthy characters in our children. We are passionate about family&nbsp;and encourage every family, including the single parents family, to be part of this amazing project.&nbsp;We will be offering parenting seminars and workshops with other specific activities for family. <strong>This&nbsp;project is still being developed.<\\/strong><\\/p>\",\"31\":[\"66\"],\"30\":[\"71\"]}}', '2016-08-09 08:28:51', '2016-08-09 08:28:51', '6c82a54b-e70c-42e8-b831-f75285fa90e5'),
 ('69', '101', '9', '1', 'en_gb', '1', '', '{\"typeId\":null,\"authorId\":\"1\",\"title\":\"Care and Counsel\",\"slug\":\"care-and-counsel\",\"postDate\":1470731545,\"expiryDate\":null,\"enabled\":1,\"parentId\":null,\"fields\":{\"32\":\"<p>We have a team of dedicated volunteers to support you in your time of need.&nbsp;Whether you have a mental health issue of simply struggle with difficulties in life, we want to be&nbsp;there for you. You can contact us by phone, email or fill in the form on the Contact Page. We will be&nbsp;in touch with you for an appointment within a week.<\\/p>\",\"31\":[\"67\"],\"30\":[\"100\"]}}', '2016-08-09 08:32:25', '2016-08-09 08:32:25', 'ea5ae03a-76cb-47f0-8c32-0785e45ccb45'),
 ('70', '102', '9', '1', 'en_gb', '1', '', '{\"typeId\":null,\"authorId\":\"1\",\"title\":\"Discipleship Works\",\"slug\":\"discipleship-works\",\"postDate\":1470731581,\"expiryDate\":null,\"enabled\":1,\"parentId\":null,\"fields\":{\"32\":\"<p>The great commission was given to us to make disciples not converts. The&nbsp;discipleship course: Back to Basics is run every three years and also when it becomes necessary.&nbsp;It aims at teaching every person the most basics elements of the Christian faith in a very dynamic&nbsp;and interactive way. Please contact us for more details.&nbsp;<br><\\/p>\",\"31\":[\"67\"],\"30\":[\"69\"]}}', '2016-08-09 08:33:02', '2016-08-09 08:33:02', '2fb97d51-2d33-4adb-9beb-81d4ca13140b'),
 ('71', '103', '9', '1', 'en_gb', '1', '', '{\"typeId\":null,\"authorId\":\"1\",\"title\":\"Inclusion Works\",\"slug\":\"inclusion-works\",\"postDate\":1470731624,\"expiryDate\":null,\"enabled\":1,\"parentId\":null,\"fields\":{\"32\":\"<p>This is a project for those who physical and intellectual disability. We understand&nbsp;the value of belonging and inclusion within a community. We are developing a Sensory Room for&nbsp;children and adults with sensory disability. Our team is dedicated to make the best of every&nbsp;opportunity to include children and adults with any kind of disability. <strong>This project is still being&nbsp;developed.<\\/strong><\\/p>\",\"31\":[\"67\"],\"30\":[\"75\"]}}', '2016-08-09 08:33:44', '2016-08-09 08:33:44', '8bf8ec78-f1be-4b0d-93c5-447fa465c3c6'),
 ('72', '104', '9', '1', 'en_gb', '1', '', '{\"typeId\":null,\"authorId\":\"1\",\"title\":\"Friendship Works\",\"slug\":\"friendship-works\",\"postDate\":1470731661,\"expiryDate\":null,\"enabled\":1,\"parentId\":null,\"fields\":{\"32\":\"<p>Loneliness is one of the main causes to a poor mental health. The Friendship&nbsp;Club has been creating a space for people to get together and fight against loneliness. We do this&nbsp;by organising monthly activities and annual trips for all those who are in need of friendship.&nbsp;<strong>Currently, this project is being redeveloped for September 2016.<\\/strong><span><\\/span><span><\\/span><\\/p>\",\"31\":[\"67\"],\"30\":[\"72\"]}}', '2016-08-09 08:34:22', '2016-08-09 08:34:22', 'f4a42c9b-0e66-48f7-b38f-ae610327f2ac'),
 ('73', '105', '9', '1', 'en_gb', '1', '', '{\"typeId\":null,\"authorId\":\"1\",\"title\":\"Sheltered Housing\",\"slug\":\"sheltered-housing\",\"postDate\":1470731701,\"expiryDate\":null,\"enabled\":1,\"parentId\":null,\"fields\":{\"32\":\"<p>Homelessness is a frightening prospective and as a church we would like to&nbsp;be able to provide temporary accommodation for those who are homeless or in the process of&nbsp;acquiring permanent accommodation. It is also vital for those recovering from addiction or trying to&nbsp;move away from a toxic environment to be able to have temporary shelter. <strong>This project is still&nbsp;being developed.&nbsp;<\\/strong><\\/p>\",\"31\":[\"67\"],\"30\":[\"82\"]}}', '2016-08-09 08:35:01', '2016-08-09 08:35:01', '3ed083b2-3bed-4680-b1d8-4c0a45fe853b'),
 ('74', '109', '10', '1', 'en_gb', '1', '', '{\"typeId\":null,\"authorId\":\"1\",\"title\":\"Encountering God \\u2013 26th October 2013\",\"slug\":\"encountering-god-26th-october-2013\",\"postDate\":1470740580,\"expiryDate\":null,\"enabled\":1,\"parentId\":null,\"fields\":{\"33\":[\"106\"],\"1\":\"<p>Maecenas bibendum urna sapien, mattis convallis nisi tempor vel. Praesent auctor ipsum non feugiat efficitur. Vestibulum viverra, purus eget condimentum vulputate, quam mauris rutrum nulla, non molestie nisi quam vitae justo. Ut consectetur dui ullamcorper pharetra condimentum. Aliquam imperdiet nulla sit amet blandit luctus. Curabitur non bibendum nibh. Nulla congue nibh quam, sed iaculis lorem egestas maximus. Maecenas libero justo, eleifend euismod libero eget, pulvinar aliquet ligula. Vivamus eget leo nulla. Vestibulum augue felis, maximus a ipsum id, luctus porta turpis. Nunc rhoncus venenatis quam sed maximus. Ut a lorem consectetur, vulputate metus eu, dictum mauris. Donec fermentum aliquam interdum. Nulla in orci vitae metus ornare viverra. Phasellus sed nisi interdum metus faucibus dictum. Nam porttitor porttitor sapien<\\/p>\\r\\n\\r\\n<p>Vestibulum ante ipsum primis in faucibus orci luctus et ultrices posuere cubilia Curae; Vivamus consequat et nibh imperdiet feugiat. Donec efficitur orci eu nisl aliquet efficitur. Nunc nec dolor et erat porttitor sodales. Vestibulum massa velit, tempor eu condimentum eget, lobortis a ex. Nullam ornare vel nibh hendrerit bibendum. Etiam vitae est id neque lobortis gravida sit amet pharetra dui.<\\/p>\\r\\n\\r\\n<p>Morbi tempor nunc eget ex tincidunt gravida et a ex. Nunc at felis sapien. Maecenas quis lobortis felis. Suspendisse ultrices eu orci id pulvinar. Sed sagittis arcu eget suscipit tristique. Donec gravida felis vestibulum enim viverra condimentum. Mauris eleifend luctus arcu, sed vestibulum velit sodales ac<\\/p>\",\"8\":[\"57\"]}}', '2016-08-09 11:03:00', '2016-08-09 11:03:00', 'f986ad3e-dcdd-4cbf-867e-8da0a45f606c'),
 ('75', '110', '10', '1', 'en_gb', '1', '', '{\"typeId\":null,\"authorId\":\"1\",\"title\":\"Phasellus accumsan quis\",\"slug\":\"phasellus-accumsan-quis\",\"postDate\":1470740614,\"expiryDate\":null,\"enabled\":1,\"parentId\":null,\"fields\":{\"33\":[\"108\"],\"1\":\"<p>Maecenas bibendum urna sapien, mattis convallis nisi tempor vel. Praesent auctor ipsum non feugiat efficitur. Vestibulum viverra, purus eget condimentum vulputate, quam mauris rutrum nulla, non molestie nisi quam vitae justo. Ut consectetur dui ullamcorper pharetra condimentum. Aliquam imperdiet nulla sit amet blandit luctus. Curabitur non bibendum nibh. Nulla congue nibh quam, sed iaculis lorem egestas maximus. Maecenas libero justo, eleifend euismod libero eget, pulvinar aliquet ligula. Vivamus eget leo nulla. Vestibulum augue felis, maximus a ipsum id, luctus porta turpis. Nunc rhoncus venenatis quam sed maximus. Ut a lorem consectetur, vulputate metus eu, dictum mauris. Donec fermentum aliquam interdum. Nulla in orci vitae metus ornare viverra. Phasellus sed nisi interdum metus faucibus dictum. Nam porttitor porttitor sapien.<\\/p>\\r\\n\\r\\n<p>Vestibulum ante ipsum primis in faucibus orci luctus et ultrices posuere cubilia Curae; Vivamus consequat et nibh imperdiet feugiat. Donec efficitur orci eu nisl aliquet efficitur. Nunc nec dolor et erat porttitor sodales. Vestibulum massa velit, tempor eu condimentum eget, lobortis a ex. Nullam ornare vel nibh hendrerit bibendum. Etiam vitae est id neque lobortis gravida sit amet pharetra dui.<\\/p>\\r\\n\\r\\n<p>Morbi tempor nunc eget ex tincidunt gravida et a ex. Nunc at felis sapien. Maecenas quis lobortis felis. Suspendisse ultrices eu orci id pulvinar. Sed sagittis arcu eget suscipit tristique. Donec gravida felis vestibulum enim viverra condimentum. Mauris eleifend luctus arcu, sed vestibulum velit sodales ac.<\\/p>\",\"8\":[\"58\"]}}', '2016-08-09 11:03:35', '2016-08-09 11:03:35', '0eb2705b-3163-4aa8-8330-21cf8ff4b3db'),
 ('76', '111', '10', '1', 'en_gb', '1', '', '{\"typeId\":null,\"authorId\":\"1\",\"title\":\"Donec a malesuada sapien\",\"slug\":\"donec-a-malesuada-sapien\",\"postDate\":1470743271,\"expiryDate\":null,\"enabled\":1,\"parentId\":null,\"fields\":{\"33\":[\"107\"],\"1\":\"<p>Pellentesque nisi felis, malesuada ut accumsan id, euismod id lacus. Sed id rhoncus nunc. Duis consectetur fringilla justo, ac euismod ipsum ornare sed. Nullam et sollicitudin nunc. Quisque sagittis nisl sed dignissim aliquam. Nulla facilisi. In mattis turpis sit amet nisi auctor lacinia. Proin auctor ligula sed purus venenatis pharetra. Pellentesque sagittis nibh erat, quis eleifend diam hendrerit sit amet. Sed a felis ac ante pellentesque dapibus. Donec a malesuada sapien. Sed pulvinar risus erat, in dictum nibh eleifend ac. Pellentesque sapien arcu, laoreet id posuere vitae, eleifend sit amet magna. Cras et tincidunt odio, ac rhoncus lectus. Aenean eget cursus tortor.<\\/p>\\r\\n\\r\\n<p>In fringilla suscipit orci quis ultricies. Nam est lectus, facilisis vel vulputate volutpat, feugiat at nibh. Donec accumsan malesuada mauris ac feugiat. Mauris sodales, urna id volutpat cursus, augue felis tristique orci, ac convallis neque ante eu sem. Integer aliquet et risus sed semper. Aenean fermentum sed urna non eleifend. Integer sit amet nulla ac risus luctus scelerisque ac et nulla. Donec faucibus lobortis orci eget feugiat. Donec sed auctor ipsum. Curabitur porttitor pulvinar neque ut mattis. Integer non imperdiet sapien. Nulla congue quis est id finibus.<\\/p>\",\"8\":[\"56\"]}}', '2016-08-09 11:47:51', '2016-08-09 11:47:51', 'b4f5cb72-0d77-480d-ba9a-431b8bbda738'),
 ('77', '110', '10', '1', 'en_gb', '2', '', '{\"typeId\":\"10\",\"authorId\":\"1\",\"title\":\"Phasellus accumsan quis\",\"slug\":\"phasellus-accumsan-quis\",\"postDate\":1470740580,\"expiryDate\":null,\"enabled\":1,\"parentId\":null,\"fields\":{\"34\":[\"19\"],\"33\":[\"108\"],\"1\":\"<p>Maecenas bibendum urna sapien, mattis convallis nisi tempor vel. Praesent auctor ipsum non feugiat efficitur. Vestibulum viverra, purus eget condimentum vulputate, quam mauris rutrum nulla, non molestie nisi quam vitae justo. Ut consectetur dui ullamcorper pharetra condimentum. Aliquam imperdiet nulla sit amet blandit luctus. Curabitur non bibendum nibh. Nulla congue nibh quam, sed iaculis lorem egestas maximus. Maecenas libero justo, eleifend euismod libero eget, pulvinar aliquet ligula. Vivamus eget leo nulla. Vestibulum augue felis, maximus a ipsum id, luctus porta turpis. Nunc rhoncus venenatis quam sed maximus. Ut a lorem consectetur, vulputate metus eu, dictum mauris. Donec fermentum aliquam interdum. Nulla in orci vitae metus ornare viverra. Phasellus sed nisi interdum metus faucibus dictum. Nam porttitor porttitor sapien.<\\/p>\\r\\n\\r\\n<p>Vestibulum ante ipsum primis in faucibus orci luctus et ultrices posuere cubilia Curae; Vivamus consequat et nibh imperdiet feugiat. Donec efficitur orci eu nisl aliquet efficitur. Nunc nec dolor et erat porttitor sodales. Vestibulum massa velit, tempor eu condimentum eget, lobortis a ex. Nullam ornare vel nibh hendrerit bibendum. Etiam vitae est id neque lobortis gravida sit amet pharetra dui.<\\/p>\\r\\n\\r\\n\\r\\n\\r\\n<p>Morbi tempor nunc eget ex tincidunt gravida et a ex. Nunc at felis sapien. Maecenas quis lobortis felis. Suspendisse ultrices eu orci id pulvinar. Sed sagittis arcu eget suscipit tristique. Donec gravida felis vestibulum enim viverra condimentum. Mauris eleifend luctus arcu, sed vestibulum velit sodales ac.<\\/p>\",\"8\":[\"58\"]}}', '2016-08-09 14:15:58', '2016-08-09 14:15:58', '0de75607-1d81-48b5-ba2f-92d9c60985f6'),
 ('78', '111', '10', '1', 'en_gb', '2', '', '{\"typeId\":\"10\",\"authorId\":\"1\",\"title\":\"Donec a malesuada sapien\",\"slug\":\"donec-a-malesuada-sapien\",\"postDate\":1470743220,\"expiryDate\":null,\"enabled\":1,\"parentId\":null,\"fields\":{\"34\":[\"51\"],\"33\":\"vlog\",\"1\":\"<p>Pellentesque nisi felis, malesuada ut accumsan id, euismod id lacus. Sed id rhoncus nunc. Duis consectetur fringilla justo, ac euismod ipsum ornare sed. Nullam et sollicitudin nunc. Quisque sagittis nisl sed dignissim aliquam. Nulla facilisi. In mattis turpis sit amet nisi auctor lacinia. Proin auctor ligula sed purus venenatis pharetra. Pellentesque sagittis nibh erat, quis eleifend diam hendrerit sit amet. Sed a felis ac ante pellentesque dapibus. Donec a malesuada sapien. Sed pulvinar risus erat, in dictum nibh eleifend ac. Pellentesque sapien arcu, laoreet id posuere vitae, eleifend sit amet magna. Cras et tincidunt odio, ac rhoncus lectus. Aenean eget cursus tortor.<\\/p>\\r\\n\\r\\n<p>In fringilla suscipit orci quis ultricies. Nam est lectus, facilisis vel vulputate volutpat, feugiat at nibh. Donec accumsan malesuada mauris ac feugiat. Mauris sodales, urna id volutpat cursus, augue felis tristique orci, ac convallis neque ante eu sem. Integer aliquet et risus sed semper. Aenean fermentum sed urna non eleifend. Integer sit amet nulla ac risus luctus scelerisque ac et nulla. Donec faucibus lobortis orci eget feugiat. Donec sed auctor ipsum. Curabitur porttitor pulvinar neque ut mattis. Integer non imperdiet sapien. Nulla congue quis est id finibus.<\\/p>\",\"8\":[\"56\"],\"35\":\"https:\\/\\/www.youtube.com\\/watch?v=o2__FxD7AoY\"}}', '2016-08-09 15:41:13', '2016-08-09 15:41:13', '24bd6fb7-d35d-4018-8043-184face36710'),
 ('79', '111', '10', '1', 'en_gb', '3', '', '{\"typeId\":\"10\",\"authorId\":\"1\",\"title\":\"Donec a malesuada sapien\",\"slug\":\"donec-a-malesuada-sapien\",\"postDate\":1470743220,\"expiryDate\":null,\"enabled\":1,\"parentId\":null,\"fields\":{\"34\":[\"51\"],\"33\":\"vlog\",\"1\":\"<p>Pellentesque nisi felis, malesuada ut accumsan id, euismod id lacus. Sed id rhoncus nunc. Duis consectetur fringilla justo, ac euismod ipsum ornare sed. Nullam et sollicitudin nunc. Quisque sagittis nisl sed dignissim aliquam. Nulla facilisi. In mattis turpis sit amet nisi auctor lacinia. Proin auctor ligula sed purus venenatis pharetra. Pellentesque sagittis nibh erat, quis eleifend diam hendrerit sit amet. Sed a felis ac ante pellentesque dapibus. Donec a malesuada sapien. Sed pulvinar risus erat, in dictum nibh eleifend ac. Pellentesque sapien arcu, laoreet id posuere vitae, eleifend sit amet magna. Cras et tincidunt odio, ac rhoncus lectus. Aenean eget cursus tortor.<\\/p>\\r\\n\\r\\n<p>In fringilla suscipit orci quis ultricies. Nam est lectus, facilisis vel vulputate volutpat, feugiat at nibh. Donec accumsan malesuada mauris ac feugiat. Mauris sodales, urna id volutpat cursus, augue felis tristique orci, ac convallis neque ante eu sem. Integer aliquet et risus sed semper. Aenean fermentum sed urna non eleifend. Integer sit amet nulla ac risus luctus scelerisque ac et nulla. Donec faucibus lobortis orci eget feugiat. Donec sed auctor ipsum. Curabitur porttitor pulvinar neque ut mattis. Integer non imperdiet sapien. Nulla congue quis est id finibus.<\\/p>\",\"8\":[\"56\"],\"35\":\"https:\\/\\/www.youtube.com\\/watch?v=o2__FxD7AoY\"}}', '2016-08-09 15:45:24', '2016-08-09 15:45:24', '036418fc-f518-4adc-b08c-29afe6fde7f3'),
 ('80', '109', '10', '1', 'en_gb', '2', '', '{\"typeId\":\"10\",\"authorId\":\"1\",\"title\":\"Encountering God \\u2013 26th October 2013\",\"slug\":\"encountering-god-26th-october-2013\",\"postDate\":1470740580,\"expiryDate\":null,\"enabled\":1,\"parentId\":null,\"fields\":{\"34\":\"\",\"33\":\"news\",\"1\":\"<p>Maecenas bibendum urna sapien, mattis convallis nisi tempor vel. Praesent auctor ipsum non feugiat efficitur. Vestibulum viverra, purus eget condimentum vulputate, quam mauris rutrum nulla, non molestie nisi quam vitae justo. Ut consectetur dui ullamcorper pharetra condimentum. Aliquam imperdiet nulla sit amet blandit luctus. Curabitur non bibendum nibh. Nulla congue nibh quam, sed iaculis lorem egestas maximus. Maecenas libero justo, eleifend euismod libero eget, pulvinar aliquet ligula. Vivamus eget leo nulla. Vestibulum augue felis, maximus a ipsum id, luctus porta turpis. Nunc rhoncus venenatis quam sed maximus. Ut a lorem consectetur, vulputate metus eu, dictum mauris. Donec fermentum aliquam interdum. Nulla in orci vitae metus ornare viverra. Phasellus sed nisi interdum metus faucibus dictum. Nam porttitor porttitor sapien<\\/p>\\r\\n\\r\\n<p>Vestibulum ante ipsum primis in faucibus orci luctus et ultrices posuere cubilia Curae; Vivamus consequat et nibh imperdiet feugiat. Donec efficitur orci eu nisl aliquet efficitur. Nunc nec dolor et erat porttitor sodales. Vestibulum massa velit, tempor eu condimentum eget, lobortis a ex. Nullam ornare vel nibh hendrerit bibendum. Etiam vitae est id neque lobortis gravida sit amet pharetra dui.<\\/p>\\r\\n\\r\\n\\r\\n\\r\\n<p>Morbi tempor nunc eget ex tincidunt gravida et a ex. Nunc at felis sapien. Maecenas quis lobortis felis. Suspendisse ultrices eu orci id pulvinar. Sed sagittis arcu eget suscipit tristique. Donec gravida felis vestibulum enim viverra condimentum. Mauris eleifend luctus arcu, sed vestibulum velit sodales ac<\\/p>\",\"8\":[\"57\"],\"35\":\"\"}}', '2016-08-09 15:57:36', '2016-08-09 15:57:36', 'f3280de9-0ade-427d-8b4d-abf061142b81'),
 ('81', '110', '10', '1', 'en_gb', '3', '', '{\"typeId\":\"10\",\"authorId\":\"1\",\"title\":\"Phasellus accumsan quis\",\"slug\":\"phasellus-accumsan-quis\",\"postDate\":1470740580,\"expiryDate\":null,\"enabled\":1,\"parentId\":null,\"fields\":{\"34\":[\"19\"],\"33\":\"blog\",\"1\":\"<p>Maecenas bibendum urna sapien, mattis convallis nisi tempor vel. Praesent auctor ipsum non feugiat efficitur. Vestibulum viverra, purus eget condimentum vulputate, quam mauris rutrum nulla, non molestie nisi quam vitae justo. Ut consectetur dui ullamcorper pharetra condimentum. Aliquam imperdiet nulla sit amet blandit luctus. Curabitur non bibendum nibh. Nulla congue nibh quam, sed iaculis lorem egestas maximus. Maecenas libero justo, eleifend euismod libero eget, pulvinar aliquet ligula. Vivamus eget leo nulla. Vestibulum augue felis, maximus a ipsum id, luctus porta turpis. Nunc rhoncus venenatis quam sed maximus. Ut a lorem consectetur, vulputate metus eu, dictum mauris. Donec fermentum aliquam interdum. Nulla in orci vitae metus ornare viverra. Phasellus sed nisi interdum metus faucibus dictum. Nam porttitor porttitor sapien.<\\/p>\\r\\n\\r\\n<p>Vestibulum ante ipsum primis in faucibus orci luctus et ultrices posuere cubilia Curae; Vivamus consequat et nibh imperdiet feugiat. Donec efficitur orci eu nisl aliquet efficitur. Nunc nec dolor et erat porttitor sodales. Vestibulum massa velit, tempor eu condimentum eget, lobortis a ex. Nullam ornare vel nibh hendrerit bibendum. Etiam vitae est id neque lobortis gravida sit amet pharetra dui.<\\/p>\\r\\n\\r\\n\\r\\n\\r\\n\\r\\n\\r\\n<p>Morbi tempor nunc eget ex tincidunt gravida et a ex. Nunc at felis sapien. Maecenas quis lobortis felis. Suspendisse ultrices eu orci id pulvinar. Sed sagittis arcu eget suscipit tristique. Donec gravida felis vestibulum enim viverra condimentum. Mauris eleifend luctus arcu, sed vestibulum velit sodales ac.<\\/p>\",\"8\":[\"58\"],\"35\":\"\"}}', '2016-08-09 15:57:41', '2016-08-09 15:57:41', 'd0056183-adbe-4b9b-87a8-5d47ff705c90'),
 ('82', '113', '10', '1', 'en_gb', '1', '', '{\"typeId\":null,\"authorId\":\"1\",\"title\":\"Consectetur Lacinia\",\"slug\":\"consectetur-lacinia\",\"postDate\":1470819497,\"expiryDate\":null,\"enabled\":1,\"parentId\":null,\"fields\":{\"34\":[\"19\"],\"33\":\"news\",\"1\":\"<p>Cum sociis natoque penatibus et magnis dis parturient montes, nascetur ridiculus mus. Aliquam velit eros, pretium at sem ut, aliquam consequat erat. Duis mollis ultrices orci vel euismod. Quisque vel dolor at metus aliquet consectetur. Praesent at cursus sem. Donec sit amet suscipit lacus. Cras tincidunt malesuada enim, nec rutrum sem scelerisque sed.<\\/p>\\r\\n\\r\\n<p>Proin id ipsum condimentum, commodo elit ut, fermentum est. Pellentesque in lorem lectus. Nam sed orci at libero efficitur cursus. Sed quis placerat orci. In sed vehicula est. In consectetur lacinia erat, nec consequat urna bibendum et. Nam condimentum, lectus eget iaculis lacinia, justo nulla placerat sapien, eu laoreet eros dolor at tortor. Interdum et malesuada fames ac ante ipsum primis in faucibus. Fusce ut sem ac magna feugiat aliquet ac luctus leo. Morbi non nibh et justo interdum viverra. In porta turpis at nunc porta, elementum varius libero dictum<\\/p>\",\"8\":[\"112\"],\"35\":\"\"}}', '2016-08-10 08:58:17', '2016-08-10 08:58:17', '793fb5c4-a877-4ac7-8e70-825bc16c6e99'),
 ('83', '115', '4', '1', 'en_gb', '1', '', '{\"typeId\":null,\"authorId\":\"1\",\"title\":\"Test PDF\",\"slug\":\"test-pdf\",\"postDate\":1470825980,\"expiryDate\":null,\"enabled\":1,\"parentId\":null,\"fields\":{\"8\":[\"112\"],\"11\":\"\",\"9\":\"pdf\",\"10\":[\"114\"]}}', '2016-08-10 10:46:21', '2016-08-10 10:46:21', 'a01db36f-03ca-4c36-86e8-f1f6cc39a16b'),
 ('84', '19', '7', '1', 'en_gb', '2', '', '{\"typeId\":\"7\",\"authorId\":\"1\",\"title\":\"Nick Serb\",\"slug\":\"nick-serb\",\"postDate\":1470408780,\"expiryDate\":null,\"enabled\":1,\"parentId\":null,\"fields\":{\"24\":\"nick@transformationcentre.co.uk\",\"23\":\"https:\\/\\/www.facebook.com\\/transformation.centre.7\",\"25\":[\"18\"],\"21\":\"Pastor\",\"22\":\"https:\\/\\/twitter.com\\/t_c_lisburn\"}}', '2016-08-10 11:17:01', '2016-08-10 11:17:01', '8a3e7a7f-0c0a-4c88-b8dc-dde84911f683'),
 ('85', '117', '10', '1', 'en_gb', '1', '', '{\"typeId\":null,\"authorId\":\"1\",\"title\":\"Maecenas quis turpis nec velit aliquet tincidunt\",\"slug\":\"maecenas-quis-turpis-nec-velit-aliquet-tincidunt\",\"postDate\":1470903838,\"expiryDate\":null,\"enabled\":1,\"parentId\":null,\"fields\":{\"34\":[\"55\"],\"33\":\"blog\",\"1\":\"<p>Sed eget tincidunt magna. Praesent quis tincidunt velit. Sed id lectus elementum, ultrices dui tincidunt, blandit odio. Morbi et metus quis felis cursus volutpat eget vitae odio. Suspendisse dignissim, sapien nec scelerisque vestibulum, nibh dolor eleifend elit, ac fermentum justo tellus ac sapien. Etiam ultricies pretium venenatis. Etiam eu feugiat urna. Cras eget consectetur quam. Maecenas elementum nibh nisi, ut molestie enim pulvinar nec. Etiam at nisl placerat, hendrerit ex vitae, bibendum nibh. Maecenas ut lorem vel ex vehicula finibus. Suspendisse sed congue lectus, id ultricies libero. Nullam massa tellus, tempor eu urna in, molestie fermentum nibh.<\\/p>\\r\\n\\r\\n<p>Mauris vehicula tellus ac erat dignissim convallis. Ut dapibus lacus at nisl iaculis, a sodales odio facilisis. Etiam in pulvinar sem. Pellentesque justo tortor, gravida sit amet sem faucibus, dapibus volutpat neque. Vestibulum ultrices placerat posuere. Cum sociis natoque penatibus et magnis dis parturient montes, nascetur ridiculus mus. Nulla non purus id lorem gravida tempus. Maecenas quis turpis nec velit aliquet tincidunt. Fusce et fermentum lacus. Praesent vel aliquam ipsum, non suscipit turpis. Nullam sed elit quis augue euismod ornare sit amet a augue. Aliquam erat volutpat. Nunc eleifend hendrerit justo. Aliquam a dui sed lacus pulvinar dignissim sit amet ut elit. Etiam vitae pellentesque ante, in molestie felis.<\\/p>\\r\\n\\r\\n<p>Donec varius mattis imperdiet. Integer hendrerit mauris sit amet egestas mattis. Vestibulum semper metus a mi condimentum volutpat. Vivamus lacinia, mi sed rhoncus sagittis, sapien metus sodales risus, id ultricies lacus justo et lectus. Ut ut feugiat magna. Fusce efficitur lorem id pulvinar pharetra. Sed a sollicitudin massa. Vivamus suscipit auctor odio, vel molestie ex dapibus at.<\\/p>\",\"8\":[\"116\"],\"35\":\"\"}}', '2016-08-11 08:23:58', '2016-08-11 08:23:58', '70293f3a-b3e0-449d-98a4-b9392dfdd205'),
 ('86', '119', '10', '1', 'en_gb', '1', '', '{\"typeId\":null,\"authorId\":\"1\",\"title\":\"Nulla venenatis viverra purus, ut tempor sapien sagittis\",\"slug\":\"nulla-venenatis-viverra-purus-ut-tempor-sapien-sagittis\",\"postDate\":1470903919,\"expiryDate\":null,\"enabled\":1,\"parentId\":null,\"fields\":{\"34\":\"\",\"33\":\"blog\",\"1\":\"<p>Lorem ipsum dolor sit amet, consectetur adipiscing elit. Suspendisse faucibus tortor ac sapien posuere, quis congue urna mollis. Praesent vehicula, nulla eget dictum commodo, augue magna faucibus elit, sit amet tincidunt sem sapien quis turpis. Mauris orci ipsum, molestie finibus consequat in, faucibus sit amet lectus. Donec cursus, ante et imperdiet tristique, enim augue mattis tortor, vitae sodales dui dolor non mi. Nam a eros et enim faucibus semper. Nulla consectetur convallis lectus at ornare. Pellentesque nibh sapien, tincidunt ut convallis eu, finibus nec orci. Mauris vitae leo nulla. Nullam ultrices eros eget metus consectetur rutrum. Ut finibus eros lorem, in bibendum tellus pharetra et. Praesent accumsan, metus tempor facilisis ultricies, augue lacus accumsan sem, at consequat lacus felis in ex. Duis egestas sed metus ut ullamcorper.<\\/p>\\r\\n\\r\\n<p>Phasellus non odio et orci fermentum commodo. Integer pharetra quis mi nec fermentum. Vivamus nec justo ut nulla mollis mattis. Curabitur ut venenatis nibh, at maximus diam. Sed sed mi velit. Etiam vel neque id augue feugiat sagittis. Cum sociis natoque penatibus et magnis dis parturient montes, nascetur ridiculus mus. Maecenas scelerisque pharetra purus, eu luctus tellus.<\\/p>\\r\\n\\r\\n<p>In ultricies leo justo, faucibus pulvinar eros commodo et. Maecenas sodales a neque eu vestibulum. Suspendisse potenti. Nunc at augue sit amet ante convallis tristique in a lacus. Sed erat nisl, pharetra nec laoreet ut, pharetra ut justo. Duis sodales libero at ligula consectetur, in faucibus purus dictum. Aenean consectetur pharetra molestie. Maecenas vulputate consectetur erat, non auctor elit ullamcorper quis. Aenean malesuada mollis tortor, nec pharetra nulla pellentesque nec. Nulla venenatis viverra purus, ut tempor sapien sagittis a. Morbi finibus diam dolor, vitae ornare urna viverra a. Donec vulputate sollicitudin enim. Quisque porttitor dignissim leo, quis venenatis nisi elementum id. Vestibulum ultricies eros a elit tristique varius. Vestibulum tincidunt, quam ac rutrum fringilla, turpis felis ullamcorper tortor, at accumsan urna augue sit amet justo.<\\/p>\",\"8\":[\"118\"],\"35\":\"\"}}', '2016-08-11 08:25:19', '2016-08-11 08:25:19', '6078a9d3-d91e-40f8-8ec4-d3e97c1568f0'),
 ('87', '87', '9', '1', 'en_gb', '3', '', '{\"typeId\":\"9\",\"authorId\":\"1\",\"title\":\"Youth for God\",\"slug\":\"youth-for-god\",\"postDate\":1470672000,\"expiryDate\":null,\"enabled\":1,\"parentId\":null,\"fields\":{\"32\":\"<p>Impact is a ministry to Teens, Youth and Young adults. It reaches out to those who&nbsp;are not usually represented by traditional ministries. It has a mission emphasis, by purposely&nbsp;reaching out to young people of all ages in the community, creating a safe environment, away from&nbsp;any harmful influences. Some parts of this project are still being developed.&nbsp;<br><\\/p>\",\"31\":[\"65\"],\"30\":[\"120\"]}}', '2016-08-15 11:02:35', '2016-08-15 11:02:35', 'e355db0c-0a47-4b6b-a1b4-a6d3a28e611f'),
 ('88', '17', '6', '1', 'en_gb', '5', '', '{\"typeId\":\"6\",\"authorId\":null,\"title\":\"About Us\",\"slug\":\"about\",\"postDate\":1470404728,\"expiryDate\":null,\"enabled\":1,\"parentId\":null,\"fields\":{\"1\":\"<p>We are a community church which started around 40 years ago, when a group of sincere believers sought to meet for fellowship and Bible study in Lisburn, Northern Ireland. From the beginning, their desire was to be real and honest about their faith. Now the church has a growing congregation built on the same principle of real and honest Christianity. As a community our purpose is to be transformed so others can know the transforming love of Jesus. We believe the Gospel of Jesus Christ, the Good News, is what transforms us.&nbsp;<\\/p>\\r\\n\\r\\n<blockquote>\\u201cOur vision is to improve the well being of everyone in our community and to provide for their physical, mental and spiritual health.\\u201d<\\/blockquote>\\r\\n\\r\\n\\r\\n\\r\\n<p>We believe in the transformational power of God, therefore we believe that God can transform anyone, no matter how sinful they think they are. We are an informal church and building relationships with people is very important to us. We want to get to know people and help where possible. Loving God, loving others and making disciples sums up all that we do.<\\/p>\\r\\n\\r\\n\\r\\n\\r\\n<h3>What to Expect<\\/h3>\\r\\n\\r\\n\\r\\n\\r\\n<hr>\\r\\n\\r\\n<p>On Sunday mornings we meet for worship and praise, the children have a time of singing and prayer, and&nbsp;then there is preaching.&nbsp;Usually pastor Nick Serb preaches but sometimes we have other elders or guest speakers.&nbsp;The preaching is conversational, passionate and simple. On Sunday evenings we usually have a time of sharing when people talk about their experiences with God or whatever they struggle with, followed by a Bible study. On Wednesdays we meet to pray together and minister to one another.&nbsp;<\\/p>\\r\\n\\r\\n\\r\\n\\r\\n<p>We are a very informal and family friendly church. We like to think we are friendly and loving, and we are doing our best to welcome everyone. The music combines both the old and the contemporary, lead from the front by a team of musicians. The preaching is dynamic and people are free to ask questions, join in and become part of the service.<\\/p>\"}}', '2016-08-17 16:06:01', '2016-08-17 16:06:01', 'bbf9e18b-c829-47dc-9d2d-35d3b2400007'),
 ('89', '16', '5', '1', 'en_gb', '5', '', '{\"typeId\":null,\"authorId\":null,\"title\":\"New Here\",\"slug\":\"new-here\",\"postDate\":1470395498,\"expiryDate\":null,\"enabled\":1,\"parentId\":null,\"fields\":{\"15\":\"<p>Welcome to TRANSFORMATION CENTRE (former Mount Zion). The church started around 30 years ago when a group of sincere believers sought to meet for fellowship and Bible study. It was their desire from the beginning to be real and honest about their faith. Now the church has a growing congregation built on the same principles of real and honest Christianity. Our purpose is to make disciples who glorify Christ in all things. We want to be as Biblical as possible, in doctrine and practice. I hope we can be a blessing to you, as you browse this site.<\\/p>\",\"14\":[{\"col1\":\"What\\u2019s the Leadership Structure?\",\"col2\":\"The church is lead by a team of Elders and Deacons. The role of elders is to look after the spiritual life of every believer in the church and to teach the Bible. They do this with a serving heart and a leader\\u2019s mind. The deacons look after the administrative side of the ministry, offering spiritual insight into the practical life of the church. Nick Serb is a full time paid pastor and a very much integral part of the Elders\\u2019 team. His passion for teaching and vision is reflected in his leadership.\"},{\"col1\":\"What denomination is Transformation Centre?\",\"col2\":\"Transformation Centre is part of the Free Methodist Church Family in Europe. We hold to aWesleyan theology but above all to a Biblical and Orthodox heritage. Have a look at ourCore Beliefs here (link to a pdf document). What are the core beliefs? \"},{\"col1\":\"What\\u2019s the purpose \\/ vision of Transformation Centre?\",\"col2\":\"Our purpose statement is: Be Transformed To Transform. The idea is that Christ transforms us as we come to faith in Jesus Christ. (2 Cor. 5: 17) and as we are transformed daily (Romans 12: 1 -2) others are touched and called to transformation. As we serve God here on earth we also look for our final transformation when Jesus comes back to take us home. (Phil. 3: 21) It is our mission to improve the well being of everyone in the community by providing for their physical, mental and spiritual health. We do that by introducing people to the transforming love of God. Our goal is to love God, love others and make disciples. \"},{\"col1\":\"What role does Prayer have for Transformation Centre?\",\"col2\":\"We believe a church is lead from the prayer room not the board room. This means that everything we do stands because of Prayer. We emphasise a strong personal life of prayer but also a united Corporate Prayer Ministry. To us prayer is as vital as breathing. On Wednesday night you can expect to come and simply spend time with God, pray (out loud if you wish) and have others pray for you if you have a need. Prayer is where everything starts, because being Christians is having a personal encounter with God. \"},{\"col1\":\"How can I get involved?\",\"col2\":\"First of all we want to invite all people to know Jesus as their Lord and personal Saviour. As we can to this saving faith we want to encourage and equip believers to serve God according to their passion and gifts. Have a look at out Connect Page and see if there is anything that matches your passion. We are also looking to see people starting new things and serving God in new ways. Go to Join us Page, fill in the form and we will get in touch with you as soon as possible. \"}],\"19\":\"<p>The best way to connect with us is to become part of the various ministries that take place in the church, getting to know the people, joining in our fellowship lunches and informal worship times. If you like sport we organise nights of football and volleyball. We would love the chance to know you better over a cup of coffee or tea. Find out more on our <a href=\\\"\\/connect\\\">connect page<\\/a>.<\\/p>\",\"16\":\"<p>On Sunday mornings we meet for worship and praise, the children have a time of singing and prayer, then there is preaching. Usually pastor Nick Serb preaches but sometimes we have other elders or guest speakers.The preaching is conversational, passionate and simple. On Sunday evenings we usually have a time of sharing when people talk about their experiences with God or whatever they struggle with, followed by a Bible study. On Wednesdays we meet to pray together and minister to one another.<\\/p>\",\"17\":\"<p>Sunday services are at 11.00 am and 6.30 pm. The prayer time on Wednesday is at 7.30 pm. For other events and times please look at our <a href=\\\"\\/events\\\">Events Page<\\/a> and <a href=\\\"\\/connect\\\">Connect Page<\\/a>.<\\/p>\",\"18\":\"<p>We know visiting a new church for the first time can be a bit overwhelming. Here at Transformation Centre, we have intentionally built a culture that is casual and friendly, where you can truly be yourself. We are a very informal and family friendly church. The music combines both familiar and not so familiar songs, lead from the front by a team of musicians. The preaching is most of the time dynamic and conversational where people are free to ask questions, join in and become part of the service.<\\/p>\"}}', '2016-08-18 08:47:15', '2016-08-18 08:47:15', 'fc7dca2a-a482-41be-b7a4-b29e909a10d4'),
 ('90', '92', '9', '1', 'en_gb', '2', '', '{\"typeId\":\"9\",\"authorId\":\"1\",\"title\":\"Church Planting\",\"slug\":\"church-planting\",\"postDate\":1470672960,\"expiryDate\":null,\"enabled\":1,\"parentId\":null,\"fields\":{\"32\":\"<p>It is all about spreading the Good News of Jesus Christ and taking this Gospel&nbsp;to places that are in need. This means locally and all over the world. We aim at preparing and&nbsp;training church planters who are ready to pioneer church plants in Ireland (North and South) and&nbsp;beyond.&nbsp;<\\/p>\",\"31\":[\"65\"],\"30\":[\"85\"]}}', '2016-08-18 09:22:20', '2016-08-18 09:22:20', '5a6683fc-3cad-49ce-855d-64233f6a94e9'),
 ('91', '99', '9', '1', 'en_gb', '2', '', '{\"typeId\":\"9\",\"authorId\":\"1\",\"title\":\"Family Support\",\"slug\":\"family-support\",\"postDate\":1470731280,\"expiryDate\":null,\"enabled\":1,\"parentId\":null,\"fields\":{\"32\":\"<p>We value family as being the foundation of every society. A healthy and loving&nbsp;environment at home will create healthy characters in our children. We are passionate about family&nbsp;and encourage every family, including the single parents family, to be part of this amazing project.&nbsp;We will be offering parenting seminars and workshops with other specific activities for family.&nbsp;<strong><\\/strong><\\/p>\",\"31\":[\"66\"],\"30\":[\"71\"]}}', '2016-08-18 09:22:50', '2016-08-18 09:22:50', '748377bf-3fed-418f-8527-d31276e3b2ae'),
 ('92', '95', '9', '1', 'en_gb', '2', '', '{\"typeId\":\"9\",\"authorId\":\"1\",\"title\":\"Education Works\",\"slug\":\"education-works\",\"postDate\":1470731160,\"expiryDate\":null,\"enabled\":1,\"parentId\":null,\"fields\":{\"32\":\"<p>This is a project that supports Primary and Secondary school children with their&nbsp;Reading and Writing skills. It also develops courses for the elderly on basic skills computer and internet basic skills. Our centre is equipped with a computer room. We value good education and&nbsp;support for all people to achieve and do better in their education.&nbsp;<strong><\\/strong><\\/p>\",\"31\":[\"66\"],\"30\":[\"70\"]}}', '2016-08-18 09:23:18', '2016-08-18 09:23:18', '9c6953eb-a286-498b-9b72-ee363e795346'),
 ('93', '105', '9', '1', 'en_gb', '2', '', '{\"typeId\":\"9\",\"authorId\":\"1\",\"title\":\"Sheltered Housing\",\"slug\":\"sheltered-housing\",\"postDate\":1470731700,\"expiryDate\":null,\"enabled\":1,\"parentId\":null,\"fields\":{\"32\":\"<p>Homelessness is a frightening prospective and as a church we would like to&nbsp;be able to provide temporary accommodation for those who are homeless or in the process of&nbsp;acquiring permanent accommodation. It is also vital for those recovering from addiction or trying to&nbsp;move away from a toxic environment to be able to have temporary shelter.&nbsp;<strong><\\/strong><\\/p>\",\"31\":[\"67\"],\"30\":[\"82\"]}}', '2016-08-18 09:23:42', '2016-08-18 09:23:42', '3c5cb1db-1679-4cd8-9192-8768dee12e06'),
 ('94', '103', '9', '1', 'en_gb', '2', '', '{\"typeId\":\"9\",\"authorId\":\"1\",\"title\":\"Inclusion Works\",\"slug\":\"inclusion-works\",\"postDate\":1470731580,\"expiryDate\":null,\"enabled\":1,\"parentId\":null,\"fields\":{\"32\":\"<p>This is a project for those who physical and intellectual disability. We understand&nbsp;the value of belonging and inclusion within a community. We are developing a Sensory Room for&nbsp;children and adults with sensory disability. Our team is dedicated to make the best of every&nbsp;opportunity to include children and adults with any kind of disability.&nbsp;<strong><\\/strong><\\/p>\",\"31\":[\"67\"],\"30\":[\"75\"]}}', '2016-08-18 09:23:55', '2016-08-18 09:23:55', '9ff72bad-0ae1-4677-b52d-a09e2eab39fc'),
 ('95', '121', '11', '1', 'en_gb', '1', NULL, '{\"typeId\":\"11\",\"authorId\":null,\"title\":\"Meet Us\",\"slug\":\"meet-us\",\"postDate\":1471519302,\"expiryDate\":null,\"enabled\":1,\"parentId\":null,\"fields\":[]}', '2016-08-18 11:21:42', '2016-08-18 11:21:42', '845d628a-8127-4592-887e-5cd771d2ba4f'),
 ('96', '121', '11', '1', 'en_gb', '2', '', '{\"typeId\":null,\"authorId\":null,\"title\":\"Meet Us\",\"slug\":\"meet-us\",\"postDate\":1471519302,\"expiryDate\":null,\"enabled\":1,\"parentId\":null,\"fields\":{\"12\":\"Transformation Centre is lead by a team of elders and deacons. Each of them have responsibilities according to their spiritual gifts and particular callings. The elders are the one looking after the spiritual life of the community while the deacons lead in a more practical way. Some of them are also directors who have the extra responsibility of the day to day running. Every department or project has a core team that looks after the needs of every ministry. We aim at empowering people for ministry and developing their skills to be effective not just in church but also in their everyday life. We have a leadership pipeline that develops the leaders for tomorrow. The Leadership Team is open and ready to listen to your ideas and passions. Look up their details below.\"}}', '2016-08-18 11:22:09', '2016-08-18 11:22:09', '0488cd96-ff91-45ad-9af5-1990f8f5c82e'),
 ('97', '122', '12', '1', 'en_gb', '1', NULL, '{\"typeId\":\"12\",\"authorId\":null,\"title\":\"Blog\",\"slug\":\"blog\",\"postDate\":1471519454,\"expiryDate\":null,\"enabled\":1,\"parentId\":null,\"fields\":[]}', '2016-08-18 11:24:14', '2016-08-18 11:24:14', 'a36aa9f2-5d1d-4d9e-a091-ba5d3900d90f'),
 ('98', '122', '12', '1', 'en_gb', '2', '', '{\"typeId\":null,\"authorId\":null,\"title\":\"Blog\",\"slug\":\"blog\",\"postDate\":1471519454,\"expiryDate\":null,\"enabled\":1,\"parentId\":null,\"fields\":{\"12\":\"We have gathered here some resources, articles and devotionals written by our church and ministry leaders. We pray this blog will be a great blessing to you. \"}}', '2016-08-18 11:26:47', '2016-08-18 11:26:47', '5e87a268-d8f2-4882-946b-32a489030c3a'),
 ('101', '124', '14', '1', 'en_gb', '1', NULL, '{\"typeId\":\"14\",\"authorId\":null,\"title\":\"Events\",\"slug\":\"events\",\"postDate\":1471520789,\"expiryDate\":null,\"enabled\":1,\"parentId\":null,\"fields\":[]}', '2016-08-18 11:46:29', '2016-08-18 11:46:29', '626976ac-424b-4153-966f-73619a62c022'),
 ('102', '124', '14', '1', 'en_gb', '2', '', '{\"typeId\":null,\"authorId\":null,\"title\":\"Events\",\"slug\":\"events\",\"postDate\":1471520789,\"expiryDate\":null,\"enabled\":1,\"parentId\":null,\"fields\":{\"12\":\"The following events cover all areas of ministry as well as training opportunities and conferences. You can either choose the category above or follow the date list below. We look forward to seeing you soon.\"}}', '2016-08-18 11:47:16', '2016-08-18 11:47:16', 'fedb5117-d645-41b0-8eb6-b901e3fb5541'),
 ('103', '125', '15', '1', 'en_gb', '1', NULL, '{\"typeId\":\"15\",\"authorId\":null,\"title\":\"Media\",\"slug\":\"media\",\"postDate\":1471521351,\"expiryDate\":null,\"enabled\":1,\"parentId\":null,\"fields\":[]}', '2016-08-18 11:55:51', '2016-08-18 11:55:51', '4ab82485-8d35-4364-bcb8-e2fc96f870e9'),
 ('104', '125', '15', '1', 'en_gb', '2', '', '{\"typeId\":null,\"authorId\":null,\"title\":\"Media\",\"slug\":\"media\",\"postDate\":1471521351,\"expiryDate\":null,\"enabled\":1,\"parentId\":null,\"fields\":{\"12\":\"Welcome to our Media Page. Here you will find sermons, videos and other resources. We want to provide quality Biblical teaching that will help you grow in your faith and Christian service. Every week we get together to read the Bible, to pray and to worship. We talk and discuss about the way Jesus can transform our lives and our world.\"}}', '2016-08-18 11:56:14', '2016-08-18 11:56:14', '324608f5-84f9-42c0-9155-034c51a16620'),
 ('105', '96', '9', '1', 'en_gb', '3', '', '{\"typeId\":\"9\",\"authorId\":\"1\",\"title\":\"Creativity Works\",\"slug\":\"creativity-works\",\"postDate\":1470731220,\"expiryDate\":null,\"enabled\":1,\"parentId\":null,\"fields\":{\"32\":\"<p>This is a project that encourages people who are creative or passionate about&nbsp;the creative arts. We want to use our creativity and the artistic skills to share the wonderful&nbsp;message of God\\u2019s transforming love. Art is an amazing tool for allowing people to express&nbsp;themselves. &nbsp;<\\/p>\",\"31\":[\"66\"],\"30\":[\"68\"]}}', '2016-08-18 14:47:58', '2016-08-18 14:47:58', '6ab484b4-c3bb-47e7-bcfe-4810b7cb49d5');
INSERT INTO `craft_entryversions` (`id`, `entryId`, `sectionId`, `creatorId`, `locale`, `num`, `notes`, `data`, `dateCreated`, `dateUpdated`, `uid`) VALUES
 ('106', '97', '9', '1', 'en_gb', '3', '', '{\"typeId\":\"9\",\"authorId\":\"1\",\"title\":\"Sport Works\",\"slug\":\"sport-works\",\"postDate\":1470731220,\"expiryDate\":null,\"enabled\":1,\"parentId\":null,\"fields\":{\"32\":\"<p>We value the health of our body, soul and spirit. For that we encourage people to do&nbsp;sport as a way to keep our bodies healthy. We have regular sessions where we teach people how&nbsp;to play volleyball and have fun with it. For those that love football, there is a weekly session&nbsp;organised for fun and exercise. Please <a href=\\\"http:\\/\\/transformationcentre.sugarrushdemo.com\\/contact\\\">contact us<\\/a> for more details.&nbsp;<\\/p>\",\"31\":[\"66\"],\"30\":[\"83\"]}}', '2016-08-18 14:48:46', '2016-08-18 14:48:46', 'ff9e5726-09ca-4906-b55d-f6d47cb23bb0'),
 ('107', '97', '9', '1', 'en_gb', '4', '', '{\"typeId\":\"9\",\"authorId\":\"1\",\"title\":\"Sport Works\",\"slug\":\"sport-works\",\"postDate\":1470731220,\"expiryDate\":null,\"enabled\":1,\"parentId\":null,\"fields\":{\"32\":\"<p>We value the health of our body, soul and spirit. For that we encourage people to do&nbsp;sport as a way to keep our bodies healthy. We have regular sessions where we teach people how&nbsp;to play volleyball and have fun with it. For those that love football, there is a weekly session&nbsp;organised for fun and exercise. Please <a href=\\\"http:\\/\\/transformationcentre.sugarrushdemo.com\\/contact\\\">contact us<\\/a> for more details.&nbsp;<\\/p>\",\"31\":[\"66\"],\"30\":[\"83\"]}}', '2016-08-18 14:48:49', '2016-08-18 14:48:49', '70e41e0d-8f25-44aa-935a-5c0cbacb5976'),
 ('108', '87', '9', '1', 'en_gb', '4', '', '{\"typeId\":\"9\",\"authorId\":\"1\",\"title\":\"Youth for God\",\"slug\":\"youth-for-god\",\"postDate\":1470672000,\"expiryDate\":null,\"enabled\":1,\"parentId\":null,\"fields\":{\"32\":\"<p>Impact is a ministry to Teens, Youth and Young adults. It reaches out to those who&nbsp;are not usually represented by traditional ministries. It has a mission emphasis, by purposely&nbsp;reaching out to young people of all ages in the community, creating a safe environment, away from&nbsp;any harmful influences. &nbsp;<br><\\/p>\",\"31\":[\"65\"],\"30\":[\"120\"]}}', '2016-08-18 14:49:34', '2016-08-18 14:49:34', 'a607571f-472d-434d-8555-9c1f7104eb6d'),
 ('109', '94', '9', '1', 'en_gb', '2', '', '{\"typeId\":\"9\",\"authorId\":\"1\",\"title\":\"Higher Ground\",\"slug\":\"higher-ground\",\"postDate\":1470731100,\"expiryDate\":null,\"enabled\":1,\"parentId\":null,\"fields\":{\"32\":\"<p>We want to provide a community space where people can enjoy&nbsp;healthy food with quality coffee and tea. We value the building of healthy relationships and&nbsp;community integration for all people. Higher Ground has operated before as a coffee shop in&nbsp;Gregg Street. <br><\\/p>\",\"31\":[\"66\"],\"30\":[\"73\"]}}', '2016-08-18 14:50:00', '2016-08-18 14:50:00', 'fecd7a72-8473-4fb6-b588-297949f04216'),
 ('110', '102', '9', '1', 'en_gb', '2', '', '{\"typeId\":\"9\",\"authorId\":\"1\",\"title\":\"Discipleship Works\",\"slug\":\"discipleship-works\",\"postDate\":1470731580,\"expiryDate\":null,\"enabled\":1,\"parentId\":null,\"fields\":{\"32\":\"<p>The great commission was given to us to make disciples not converts. The&nbsp;discipleship course: Back to Basics is run every three years and also when it becomes necessary.&nbsp;It aims at teaching every person the most basics elements of the Christian faith in a very dynamic&nbsp;and interactive way. Please <a href=\\\"http:\\/\\/transformationcentre.sugarrushdemo.com\\/contact\\\">contact us<\\/a> for more details.&nbsp;<br><\\/p>\",\"31\":[\"67\"],\"30\":[\"69\"]}}', '2016-08-18 14:50:47', '2016-08-18 14:50:47', '0fc2f8e3-2ed1-499d-b6c2-9518eb73ce70'),
 ('111', '101', '9', '1', 'en_gb', '2', '', '{\"typeId\":\"9\",\"authorId\":\"1\",\"title\":\"Care and Counsel\",\"slug\":\"care-and-counsel\",\"postDate\":1470731520,\"expiryDate\":null,\"enabled\":1,\"parentId\":null,\"fields\":{\"32\":\"<p>We have a team of dedicated volunteers to support you in your time of need.&nbsp;Whether you have a mental health issue of simply struggle with difficulties in life, we want to be&nbsp;there for you. You can <a href=\\\"http:\\/\\/transformationcentre.sugarrushdemo.com\\/contact\\\">contact us<\\/a> by phone, email or fill in the form on the Contact Page. We will be&nbsp;in touch with you for an appointment within a week.<\\/p>\",\"31\":[\"67\"],\"30\":[\"100\"]}}', '2016-08-18 14:51:47', '2016-08-18 14:51:47', 'adae84f3-cf35-4b22-98ff-f90a65ebfdd7'),
 ('112', '101', '9', '1', 'en_gb', '3', '', '{\"typeId\":\"9\",\"authorId\":\"1\",\"title\":\"Care and Counsel\",\"slug\":\"care-and-counsel\",\"postDate\":1470731520,\"expiryDate\":null,\"enabled\":1,\"parentId\":null,\"fields\":{\"32\":\"<p>We have a team of dedicated volunteers to support you in your time of need.&nbsp;Whether you have a mental health issue of simply struggle with difficulties in life, we want to be&nbsp;there for you. You can <a href=\\\"http:\\/\\/transformationcentre.sugarrushdemo.com\\/contact\\\">contact us<\\/a> by phone, email or fill in the form on the contact page. We will be&nbsp;in touch with you for an appointment within a week.<\\/p>\",\"31\":[\"67\"],\"30\":[\"100\"]}}', '2016-08-18 14:52:23', '2016-08-18 14:52:23', '68068a04-e6d3-4d01-953c-fb5244723c50'),
 ('113', '16', '5', '1', 'en_gb', '6', '', '{\"typeId\":null,\"authorId\":null,\"title\":\"New Here\",\"slug\":\"new-here\",\"postDate\":1470395498,\"expiryDate\":null,\"enabled\":1,\"parentId\":null,\"fields\":{\"15\":\"<p>Welcome to TRANSFORMATION CENTRE (former Mount Zion). The church started around 30 years ago when a group of sincere believers sought to meet for fellowship and Bible study. It was their desire from the beginning to be real and honest about their faith. Now the church has a growing congregation built on the same principles of real and honest Christianity. Our purpose is to make disciples who glorify Christ in all things. We want to be as Biblical as possible, in doctrine and practice. I hope we can be a blessing to you, as you browse this site.<\\/p>\",\"14\":[{\"col1\":\"What\\u2019s the Leadership Structure?\",\"col2\":\"The church is lead by a team of Elders and Deacons. The role of elders is to look after the spiritual life of every believer in the church and to teach the Bible. They do this with a serving heart and a leader\\u2019s mind. The deacons look after the administrative side of the ministry, offering spiritual insight into the practical life of the church. Nick Serb is a full time paid pastor and a very much integral part of the Elders\\u2019 team. His passion for teaching and vision is reflected in his leadership.\"},{\"col1\":\"What denomination is Transformation Centre?\",\"col2\":\"Transformation Centre is part of the Free Methodist Church Family in Europe. We hold to aWesleyan theology but above all to a Biblical and Orthodox heritage. Have a look at ourCore Beliefs here (link to a pdf document). What are the core beliefs? \"},{\"col1\":\"What\\u2019s the purpose \\/ vision of Transformation Centre?\",\"col2\":\"Our purpose statement is: Be Transformed To Transform. The idea is that Christ transforms us as we come to faith in Jesus Christ. (2 Cor. 5: 17) and as we are transformed daily (Romans 12: 1 -2) others are touched and called to transformation. As we serve God here on earth we also look for our final transformation when Jesus comes back to take us home. (Phil. 3: 21) It is our mission to improve the well being of everyone in the community by providing for their physical, mental and spiritual health. We do that by introducing people to the transforming love of God. Our goal is to love God, love others and make disciples. \"},{\"col1\":\"What role does Prayer have for Transformation Centre?\",\"col2\":\"We believe a church is lead from the prayer room not the board room. This means that everything we do stands because of Prayer. We emphasise a strong personal life of prayer but also a united Corporate Prayer Ministry. To us prayer is as vital as breathing. On Wednesday night you can expect to come and simply spend time with God, pray (out loud if you wish) and have others pray for you if you have a need. Prayer is where everything starts, because being Christians is having a personal encounter with God. \"},{\"col1\":\"How can I get involved?\",\"col2\":\"First of all we want to invite all people to know Jesus as their Lord and personal Saviour. As we can to this saving faith we want to encourage and equip believers to serve God according to their passion and gifts. Have a look at out Connect Page and see if there is anything that matches your passion. We are also looking to see people starting new things and serving God in new ways. Go to Join us Page, fill in the form and we will get in touch with you as soon as possible. \"}],\"19\":\"<p>The best way to connect with us is to become part of the various ministries that take place in the church, getting to know the people, joining in our fellowship lunches and informal worship times. If you like sport we organise nights of football and volleyball. We would love the chance to know you better over a cup of coffee or tea. Find out more on our <a href=\\\"\\/connect\\\">connect page<\\/a>.<\\/p>\",\"16\":\"<p>On Sunday mornings we meet for worship and praise, the children have a time of singing and prayer, then there is preaching. Usually pastor Nick Serb preaches but sometimes we have other elders or guest speakers.The preaching is conversational, passionate and simple. On Sunday evenings we usually have a time of sharing when people talk about their experiences with God or whatever they struggle with, followed by a Bible study. On Wednesdays we meet to pray together and minister to one another.<\\/p>\",\"17\":\"<p>Sunday services are at 11.00 am and 6.30 pm. The prayer time on Wednesday is at 7.30 pm. For other events and times please look at our <a href=\\\"\\/events\\\">Events Page<\\/a> and <a href=\\\"\\/connect\\\">Connect Page<\\/a>.<\\/p>\",\"18\":\"<p>We know visiting a new church for the first time can be a bit overwhelming. Here at Transformation Centre, we have intentionally built a culture that is casual and friendly, where you can truly be yourself. We are a very informal and family friendly church. The music combines both familiar and not so familiar songs, lead from the front by a team of musicians. The preaching is most of the time dynamic and conversational where people are free to ask questions, join in and become part of the service.<\\/p>\"}}', '2016-08-23 16:06:38', '2016-08-23 16:06:38', 'd204dbd5-2531-417f-a754-698eafc1bb70'),
 ('114', '16', '5', '1', 'en_gb', '7', '', '{\"typeId\":null,\"authorId\":null,\"title\":\"New Here\",\"slug\":\"new-here\",\"postDate\":1470395498,\"expiryDate\":null,\"enabled\":1,\"parentId\":null,\"fields\":{\"15\":\"<p>Welcome to TRANSFORMATION CENTRE (former Mount Zion). The church started around 30 years ago when a group of sincere believers sought to meet for fellowship and Bible study. It was their desire from the beginning to be real and honest about their faith. Now the church has a growing congregation built on the same principles of real and honest Christianity. Our purpose is to make disciples who glorify Christ in all things. We want to be as Biblical as possible, in doctrine and practice. I hope we can be a blessing to you, as you browse this site.<\\/p>\",\"14\":[{\"col1\":\"What\\u2019s the Leadership Structure?\",\"col2\":\"The church is lead by a team of Elders and Deacons. The role of elders is to look after the spiritual life of every believer in the church and to teach the Bible. They do this with a serving heart and a leader\\u2019s mind. The deacons look after the administrative side of the ministry, offering spiritual insight into the practical life of the church. Nick Serb is a full time paid pastor and a very much integral part of the Elders\\u2019 team. His passion for teaching and vision is reflected in his leadership.\"},{\"col1\":\"What denomination is Transformation Centre?\",\"col2\":\"Transformation Centre is part of the Free Methodist Church Family in Europe. We hold to aWesleyan theology but above all to a Biblical and Orthodox heritage. Have a look at ourCore Beliefs here (link to a pdf document). What are the core beliefs? \"},{\"col1\":\"What\\u2019s the purpose \\/ vision of Transformation Centre?\",\"col2\":\"Our purpose statement is: Be Transformed To Transform. The idea is that Christ transforms us as we come to faith in Jesus Christ. (2 Cor. 5: 17) and as we are transformed daily (Romans 12: 1 -2) others are touched and called to transformation. As we serve God here on earth we also look for our final transformation when Jesus comes back to take us home. (Phil. 3: 21) It is our mission to improve the well being of everyone in the community by providing for their physical, mental and spiritual health. We do that by introducing people to the transforming love of God. Our goal is to love God, love others and make disciples. \"},{\"col1\":\"What role does Prayer have for Transformation Centre?\",\"col2\":\"We believe a church is lead from the prayer room not the board room. This means that everything we do stands because of Prayer. We emphasise a strong personal life of prayer but also a united Corporate Prayer Ministry. To us prayer is as vital as breathing. On Wednesday night you can expect to come and simply spend time with God, pray (out loud if you wish) and have others pray for you if you have a need. Prayer is where everything starts, because being Christians is having a personal encounter with God. \"},{\"col1\":\"How can I get involved?\",\"col2\":\"First of all we want to invite all people to know Jesus as their Lord and personal Saviour. As we can to this saving faith we want to encourage and equip believers to serve God according to their passion and gifts. Have a look at out Connect Page and see if there is anything that matches your passion. We are also looking to see people starting new things and serving God in new ways. Go to Join us Page, fill in the form and we will get in touch with you as soon as possible. \"}],\"19\":\"<p>The best way to connect with us is to become part of the various ministries that take place in the church, getting to know the people, joining in our fellowship lunches and informal worship times. If you like sport we organise nights of football and volleyball. We would love the chance to know you better over a cup of coffee or tea. Find out more on our <a href=\\\"\\/connect\\\">connect page<\\/a>.<\\/p>\",\"16\":\"<p>On Sunday mornings we meet for worship and praise, the children have a time of singing and prayer, then there is preaching. Usually pastor Nick Serb preaches but sometimes we have other elders or guest speakers.The preaching is conversational, passionate and simple. On Sunday evenings we usually have a time of sharing when people talk about their experiences with God or whatever they struggle with, followed by a Bible study. On Wednesdays we meet to pray together and minister to one another.<\\/p>\",\"17\":\"<p>Sunday services are at 11.00 am and 6.30 pm. The prayer time on Wednesday is at 7.30 pm. For other events and times please look at our <a href=\\\"\\/events\\\">Events Page<\\/a> and <a href=\\\"\\/connect\\\">Connect Page<\\/a>.<\\/p>\",\"18\":\"<p>We know visiting a new church for the first time can be a bit overwhelming. Here at Transformation Centre, we have intentionally built a culture that is casual and friendly, where you can truly be yourself. We are a very informal and family friendly church. The music combines both familiar and not so familiar songs, lead from the front by a team of musicians. The preaching is most of the time dynamic and conversational where people are free to ask questions, join in and become part of the service.<\\/p>\"}}', '2016-08-23 16:07:24', '2016-08-23 16:07:24', '95a73c55-91a5-48a5-bae1-646e7987823f'),
 ('115', '17', '6', '1', 'en_gb', '6', '', '{\"typeId\":\"6\",\"authorId\":null,\"title\":\"About Us\",\"slug\":\"about\",\"postDate\":1470404728,\"expiryDate\":null,\"enabled\":1,\"parentId\":null,\"fields\":{\"1\":\"<p>We are a community church which started around 40 years ago, when a group of sincere believers sought to meet for fellowship and Bible study in Lisburn, Northern Ireland. From the beginning, their desire was to be real and honest about their faith. Now the church has a growing congregation built on the same principle of real and honest Christianity. As a community our purpose is to be transformed so others can know the transforming love of Jesus. We believe the Gospel of Jesus Christ, the Good News, is what transforms us.&nbsp;<\\/p>\\r\\n\\r\\n<blockquote>\\u201cOur vision is to improve the well being of everyone in our community and to provide for their physical, mental and spiritual health.\\u201d<\\/blockquote>\\r\\n\\r\\n\\r\\n\\r\\n\\r\\n\\r\\n<p>We believe in the transformational power of God, therefore we believe that God can transform anyone, no matter how sinful they think they are. We are an informal church and building relationships with people is very important to us. We want to get to know people and help where possible. Loving God, loving others and making disciples sums up all that we do.<\\/p>\\r\\n\\r\\n\\r\\n\\r\\n\\r\\n\\r\\n<h3>What to Expect<\\/h3>\\r\\n\\r\\n\\r\\n\\r\\n\\r\\n\\r\\n<hr>\\r\\n\\r\\n<p>On Sunday mornings we meet for worship and praise, the children have a time of singing and prayer, and&nbsp;then there is preaching.&nbsp;Usually pastor Nick Serb preaches but sometimes we have other elders or guest speakers.&nbsp;The preaching is conversational, passionate and simple. On Sunday evenings we usually have a time of sharing when people talk about their experiences with God or whatever they struggle with, followed by a Bible study. On Wednesdays we meet to pray together and minister to one another.&nbsp;<\\/p>\\r\\n\\r\\n\\r\\n\\r\\n\\r\\n\\r\\n<p>We are a very informal and family friendly church. We like to think we are friendly and loving, and we are doing our best to welcome everyone. The music combines both the old and the contemporary, lead from the front by a team of musicians. The preaching is dynamic and people are free to ask questions, join in and become part of the service.<\\/p>\"}}', '2016-08-23 16:07:54', '2016-08-23 16:07:54', '0077c7d6-ef88-4b14-b090-548c1fc98349'),
 ('116', '87', '9', '1', 'en_gb', '5', '', '{\"typeId\":\"9\",\"authorId\":\"1\",\"title\":\"Youth for God\",\"slug\":\"youth-for-god\",\"postDate\":1470672000,\"expiryDate\":null,\"enabled\":1,\"parentId\":null,\"fields\":{\"32\":\"<p>Youth for God reaches out to younger people in our community, especially those&nbsp;who&nbsp;are not usually represented by traditional ministries. It has a mission emphasis, by purposely&nbsp;reaching out to young people of all ages in the community, creating a safe environment, away from&nbsp;any harmful influences. &nbsp;<\\/p>\",\"31\":[\"65\"],\"30\":[\"120\"]}}', '2016-08-23 16:38:18', '2016-08-23 16:38:18', '1495f670-6efd-4cba-88a1-687abf085a8c');



DROP TABLE IF EXISTS `craft_fieldgroups`;


--
-- Schema for table `craft_fieldgroups`
--
CREATE TABLE `craft_fieldgroups` (
  `id` int(11) NOT NULL AUTO_INCREMENT,
  `name` varchar(255) COLLATE utf8_unicode_ci NOT NULL,
  `dateCreated` datetime NOT NULL,
  `dateUpdated` datetime NOT NULL,
  `uid` char(36) COLLATE utf8_unicode_ci NOT NULL DEFAULT '0',
  PRIMARY KEY (`id`),
  UNIQUE KEY `craft_fieldgroups_name_unq_idx` (`name`)
) ENGINE=InnoDB AUTO_INCREMENT=9 DEFAULT CHARSET=utf8 COLLATE=utf8_unicode_ci;

--
-- Data for table `craft_fieldgroups`
--

INSERT INTO `craft_fieldgroups` (`id`, `name`, `dateCreated`, `dateUpdated`, `uid`) VALUES
 ('1', 'Default', '2016-07-28 10:42:17', '2016-07-28 10:42:17', '550445a7-4482-42f7-a93d-1e0edce4cfe6'),
 ('2', 'Join Us', '2016-08-04 13:13:11', '2016-08-08 14:36:19', '449e4c20-4fba-42c2-922a-dca7685b77f9'),
 ('3', 'Media', '2016-08-04 14:09:00', '2016-08-04 14:09:00', 'e9eae349-9e46-4395-be49-1a3062f8aece'),
 ('4', 'New Here', '2016-08-05 11:10:42', '2016-08-05 11:10:42', '0d348b7c-5112-4825-95f8-ea319e279b14'),
 ('5', 'Meet Us', '2016-08-05 14:03:45', '2016-08-05 14:03:45', '7492112a-bd8a-4201-a499-eb9a16ae49d6'),
 ('6', 'Events', '2016-08-08 09:07:36', '2016-08-08 09:07:36', '74f01baf-e44d-416e-82a7-bcd77df0b7ea'),
 ('7', 'Connect', '2016-08-08 14:36:26', '2016-08-08 14:36:26', 'c99f65ac-63d3-42f5-bd30-91c46ee517d1'),
 ('8', 'Blog', '2016-08-09 11:00:31', '2016-08-09 11:00:31', '4097b6cf-a79e-43c7-b806-82a9035fc70c');



DROP TABLE IF EXISTS `craft_fieldlayoutfields`;


--
-- Schema for table `craft_fieldlayoutfields`
--
CREATE TABLE `craft_fieldlayoutfields` (
  `id` int(11) NOT NULL AUTO_INCREMENT,
  `layoutId` int(11) NOT NULL,
  `tabId` int(11) NOT NULL,
  `fieldId` int(11) NOT NULL,
  `required` tinyint(1) unsigned NOT NULL DEFAULT '0',
  `sortOrder` smallint(6) unsigned DEFAULT NULL,
  `dateCreated` datetime NOT NULL,
  `dateUpdated` datetime NOT NULL,
  `uid` char(36) COLLATE utf8_unicode_ci NOT NULL DEFAULT '0',
  PRIMARY KEY (`id`),
  UNIQUE KEY `craft_fieldlayoutfields_layoutId_fieldId_unq_idx` (`layoutId`,`fieldId`),
  KEY `craft_fieldlayoutfields_sortOrder_idx` (`sortOrder`),
  KEY `craft_fieldlayoutfields_tabId_fk` (`tabId`),
  KEY `craft_fieldlayoutfields_fieldId_fk` (`fieldId`)
) ENGINE=InnoDB AUTO_INCREMENT=95 DEFAULT CHARSET=utf8 COLLATE=utf8_unicode_ci;

--
-- Data for table `craft_fieldlayoutfields`
--

INSERT INTO `craft_fieldlayoutfields` (`id`, `layoutId`, `tabId`, `fieldId`, `required`, `sortOrder`, `dateCreated`, `dateUpdated`, `uid`) VALUES
 ('6', '10', '5', '3', '0', '1', '2016-08-04 13:11:50', '2016-08-04 13:11:50', '5c9f4d07-feb7-42d7-988e-ac6f3ce5fd7e'),
 ('7', '11', '6', '3', '0', '1', '2016-08-04 13:11:57', '2016-08-04 13:11:57', '090e08fc-1d37-4ba6-85c1-d5230865b931'),
 ('8', '12', '7', '3', '0', '1', '2016-08-04 13:12:14', '2016-08-04 13:12:14', 'd3a3595d-6353-4edd-8c0e-687e44b22294'),
 ('22', '21', '12', '8', '0', '1', '2016-08-04 14:35:39', '2016-08-04 14:35:39', 'd04605c0-bfb8-4236-9907-9d224f6467dc'),
 ('23', '21', '12', '9', '0', '2', '2016-08-04 14:35:39', '2016-08-04 14:35:39', '3403cc96-0bb5-4c61-b0d3-95bfbf9c06d0'),
 ('24', '21', '12', '11', '0', '3', '2016-08-04 14:35:39', '2016-08-04 14:35:39', '10fbbd78-2e1c-4386-99ae-6e3bae380470'),
 ('25', '21', '12', '10', '0', '4', '2016-08-04 14:35:39', '2016-08-04 14:35:39', '934b7a3f-02ea-4f30-8677-80e5987e0ebf'),
 ('28', '24', '15', '1', '0', '1', '2016-08-05 08:28:40', '2016-08-05 08:28:40', 'e0de69a3-85b1-4b3f-8998-b2941650c227'),
 ('29', '25', '16', '7', '0', '1', '2016-08-05 08:48:08', '2016-08-05 08:48:08', 'd1103265-3c3b-470c-9a9e-eaecbbbecbe3'),
 ('30', '25', '16', '4', '0', '2', '2016-08-05 08:48:08', '2016-08-05 08:48:08', 'cdeb4519-84e3-452d-9213-48d15c59ada8'),
 ('31', '25', '16', '5', '0', '3', '2016-08-05 08:48:08', '2016-08-05 08:48:08', '8c8eae68-0e0b-414d-8259-6871c561fe1b'),
 ('32', '25', '16', '13', '0', '4', '2016-08-05 08:48:08', '2016-08-05 08:48:08', '230020c2-9ad8-4577-b62a-29dd7f6900f6'),
 ('34', '28', '18', '15', '0', '1', '2016-08-05 11:54:12', '2016-08-05 11:54:12', 'cc0e6a1f-3623-4cf6-9335-be19da2436ed'),
 ('35', '28', '18', '16', '0', '2', '2016-08-05 11:54:12', '2016-08-05 11:54:12', '0ce07799-99f7-44e8-afc2-3891792abafd'),
 ('36', '28', '18', '17', '0', '3', '2016-08-05 11:54:12', '2016-08-05 11:54:12', 'd3813aab-732c-404b-9b55-ae328a2b30d5'),
 ('37', '28', '18', '18', '0', '4', '2016-08-05 11:54:12', '2016-08-05 11:54:12', '1b54a9a2-2f4f-4dc1-82df-8ea9e848928c'),
 ('38', '28', '18', '19', '0', '5', '2016-08-05 11:54:12', '2016-08-05 11:54:12', '27bb3f4c-5aa0-4b8d-b0cf-5cdafc880f18'),
 ('39', '28', '18', '14', '0', '6', '2016-08-05 11:54:12', '2016-08-05 11:54:12', '93c085eb-3940-4741-962b-42e71aaff06b'),
 ('40', '30', '19', '1', '0', '1', '2016-08-05 13:45:40', '2016-08-05 13:45:40', 'd0e491f7-9fa1-4a52-80ca-231e3d98581e'),
 ('41', '33', '20', '21', '0', '1', '2016-08-05 14:08:11', '2016-08-05 14:08:11', '4c17b34b-3f60-4253-bd45-018902f3210f'),
 ('42', '33', '20', '25', '0', '2', '2016-08-05 14:08:11', '2016-08-05 14:08:11', 'e2ca7e5b-9a4f-43ac-b3f8-5ae58d644d9a'),
 ('43', '33', '20', '24', '0', '3', '2016-08-05 14:08:11', '2016-08-05 14:08:11', '7be005c0-85ad-4c01-ab95-993443910718'),
 ('44', '33', '20', '23', '0', '4', '2016-08-05 14:08:11', '2016-08-05 14:08:11', '1a1ef0aa-5284-4405-868a-829cc43847e8'),
 ('45', '33', '20', '22', '0', '5', '2016-08-05 14:08:11', '2016-08-05 14:08:11', '94ed9a72-07cf-4333-8446-0532820eb53a'),
 ('53', '38', '23', '8', '0', '1', '2016-08-08 13:38:43', '2016-08-08 13:38:43', 'b466f39b-8f86-48e3-becb-ff4e1497e9d3'),
 ('54', '38', '23', '26', '0', '2', '2016-08-08 13:38:43', '2016-08-08 13:38:43', 'b1801d33-3df2-4515-be7c-a4c2625ec0e5'),
 ('55', '38', '23', '27', '0', '3', '2016-08-08 13:38:43', '2016-08-08 13:38:43', '063810c3-37fd-4363-8f5b-69709c51b87e'),
 ('56', '38', '23', '28', '0', '4', '2016-08-08 13:38:43', '2016-08-08 13:38:43', 'cc8a5841-9698-4556-a01b-c784ae6fccb0'),
 ('57', '38', '23', '29', '0', '5', '2016-08-08 13:38:43', '2016-08-08 13:38:43', '4f70f9b1-98d0-4bf8-a729-d39eac0efb2a'),
 ('64', '45', '26', '32', '0', '1', '2016-08-08 16:02:33', '2016-08-08 16:02:33', '81064dd9-46b7-4d99-9b69-f3e5c39374fb'),
 ('65', '45', '26', '31', '0', '2', '2016-08-08 16:02:33', '2016-08-08 16:02:33', '0cd574c4-a717-44ef-bcd4-580ecbb44198'),
 ('66', '45', '26', '30', '0', '3', '2016-08-08 16:02:33', '2016-08-08 16:02:33', 'aec47560-3231-4739-90a0-43c0b8323927'),
 ('85', '53', '32', '1', '0', '1', '2016-08-09 15:58:16', '2016-08-09 15:58:16', '19d39726-4f11-4e53-92cc-369aabc1206d'),
 ('86', '53', '32', '33', '0', '2', '2016-08-09 15:58:16', '2016-08-09 15:58:16', '7e3f61ce-e800-41ee-8cca-94de13c41c81'),
 ('87', '53', '32', '8', '0', '3', '2016-08-09 15:58:16', '2016-08-09 15:58:16', '46d2106f-d816-4598-8528-63bd13acd51a'),
 ('88', '53', '32', '35', '0', '4', '2016-08-09 15:58:16', '2016-08-09 15:58:16', '5ddc8f96-96c0-4f4c-9e6b-bcbd91c8071b'),
 ('89', '53', '32', '34', '0', '5', '2016-08-09 15:58:16', '2016-08-09 15:58:16', '90fa800f-4ddc-4a9d-9c61-0ec586a999f1'),
 ('90', '55', '33', '12', '0', '1', '2016-08-18 11:21:52', '2016-08-18 11:21:52', '92f29457-900d-4b9e-a1ad-951273019073'),
 ('91', '57', '34', '12', '0', '1', '2016-08-18 11:25:53', '2016-08-18 11:25:53', '59e9aab9-2475-40ae-9971-8a4464149159'),
 ('93', '61', '36', '12', '0', '1', '2016-08-18 11:47:04', '2016-08-18 11:47:04', '2a437e29-6a84-4819-9a70-2ab9a3f0f55e'),
 ('94', '63', '37', '12', '0', '1', '2016-08-18 11:56:00', '2016-08-18 11:56:00', 'f692218d-4936-4c1e-b858-b7b2a85cdba5');



DROP TABLE IF EXISTS `craft_fieldlayouts`;


--
-- Schema for table `craft_fieldlayouts`
--
CREATE TABLE `craft_fieldlayouts` (
  `id` int(11) NOT NULL AUTO_INCREMENT,
  `type` varchar(150) COLLATE utf8_unicode_ci NOT NULL,
  `dateCreated` datetime NOT NULL,
  `dateUpdated` datetime NOT NULL,
  `uid` char(36) COLLATE utf8_unicode_ci NOT NULL DEFAULT '0',
  PRIMARY KEY (`id`),
  KEY `craft_fieldlayouts_type_idx` (`type`)
) ENGINE=InnoDB AUTO_INCREMENT=64 DEFAULT CHARSET=utf8 COLLATE=utf8_unicode_ci;

--
-- Data for table `craft_fieldlayouts`
--

INSERT INTO `craft_fieldlayouts` (`id`, `type`, `dateCreated`, `dateUpdated`, `uid`) VALUES
 ('1', 'Tag', '2016-07-28 10:42:17', '2016-07-28 10:42:17', '276204e9-6a95-422d-a90e-ff76d37ba72a'),
 ('10', 'GlobalSet', '2016-08-04 13:11:50', '2016-08-04 13:11:50', '4135d9a4-e903-407b-823a-04b934ebfcee'),
 ('11', 'GlobalSet', '2016-08-04 13:11:57', '2016-08-04 13:11:57', 'bb0fa7f0-8fc6-4fbf-a6a5-0a19fdf3b91b'),
 ('12', 'GlobalSet', '2016-08-04 13:12:14', '2016-08-04 13:12:14', 'a4873975-7856-452c-aeca-bc852b96ae11'),
 ('16', 'Asset', '2016-08-04 14:03:48', '2016-08-04 14:03:48', '7e2eab80-2068-4ccc-a986-61bd9fc330fa'),
 ('18', 'Asset', '2016-08-04 14:16:06', '2016-08-04 14:16:06', '7523c4c6-deb9-42bb-887c-465bcf4f420c'),
 ('21', 'Entry', '2016-08-04 14:35:39', '2016-08-04 14:35:39', '404583b8-43a1-49f2-be62-e681587d0418'),
 ('24', 'GlobalSet', '2016-08-05 08:28:40', '2016-08-05 08:28:40', '9e0fb571-4a9c-406d-906c-3884648be873'),
 ('25', 'Entry', '2016-08-05 08:48:08', '2016-08-05 08:48:08', 'ea4d6f56-e9be-4d99-933c-68e820a52bd0'),
 ('28', 'Entry', '2016-08-05 11:54:12', '2016-08-05 11:54:12', 'c87c4306-bb54-4ef8-b573-436b2b6ef176'),
 ('30', 'Entry', '2016-08-05 13:45:40', '2016-08-05 13:45:40', '37ecbff6-066a-4e6a-8188-77721fe525bf'),
 ('32', 'Asset', '2016-08-05 14:04:59', '2016-08-05 14:04:59', 'a1a82490-4137-4b5f-b0fc-78f6ff9824e7'),
 ('33', 'Entry', '2016-08-05 14:08:11', '2016-08-05 14:08:11', 'e685d027-43c8-497c-adff-9b476db98c3c'),
 ('38', 'Entry', '2016-08-08 13:38:43', '2016-08-08 13:38:43', '18938862-33d5-4628-81d4-57b8436bc646'),
 ('39', 'Category', '2016-08-08 14:08:27', '2016-08-08 14:08:27', '536b3588-7531-44d8-a33e-9c3ba102241a'),
 ('40', 'Asset', '2016-08-08 15:51:53', '2016-08-08 15:51:53', '1cdc0cd0-1366-47db-80f9-a6e799676a95'),
 ('41', 'Category', '2016-08-08 15:53:21', '2016-08-08 15:53:21', 'a2b1e7f4-26b4-4102-8277-5b349243f752'),
 ('45', 'Entry', '2016-08-08 16:02:33', '2016-08-08 16:02:33', '4ab6df60-c8ff-4e46-b64f-f5ff758e4ae1'),
 ('53', 'Entry', '2016-08-09 15:58:16', '2016-08-09 15:58:16', 'c612f278-179a-4670-8857-3c80b9292503'),
 ('55', 'Entry', '2016-08-18 11:21:52', '2016-08-18 11:21:52', '95e17b68-cd50-415f-99db-2d759e9e925a'),
 ('57', 'Entry', '2016-08-18 11:25:53', '2016-08-18 11:25:53', 'fff45d49-f075-40f4-81e6-3f9b3eaee393'),
 ('61', 'Entry', '2016-08-18 11:47:03', '2016-08-18 11:47:03', 'a4f59f43-4cd2-40e8-a82f-72d1b11041a8'),
 ('63', 'Entry', '2016-08-18 11:56:00', '2016-08-18 11:56:00', '51ddb09e-434e-4518-96c2-c46131e85643');



DROP TABLE IF EXISTS `craft_fieldlayouttabs`;


--
-- Schema for table `craft_fieldlayouttabs`
--
CREATE TABLE `craft_fieldlayouttabs` (
  `id` int(11) NOT NULL AUTO_INCREMENT,
  `layoutId` int(11) NOT NULL,
  `name` varchar(255) COLLATE utf8_unicode_ci NOT NULL,
  `sortOrder` smallint(6) unsigned DEFAULT NULL,
  `dateCreated` datetime NOT NULL,
  `dateUpdated` datetime NOT NULL,
  `uid` char(36) COLLATE utf8_unicode_ci NOT NULL DEFAULT '0',
  PRIMARY KEY (`id`),
  KEY `craft_fieldlayouttabs_sortOrder_idx` (`sortOrder`),
  KEY `craft_fieldlayouttabs_layoutId_fk` (`layoutId`)
) ENGINE=InnoDB AUTO_INCREMENT=38 DEFAULT CHARSET=utf8 COLLATE=utf8_unicode_ci;

--
-- Data for table `craft_fieldlayouttabs`
--

INSERT INTO `craft_fieldlayouttabs` (`id`, `layoutId`, `name`, `sortOrder`, `dateCreated`, `dateUpdated`, `uid`) VALUES
 ('5', '10', 'Content', '1', '2016-08-04 13:11:50', '2016-08-04 13:11:50', '11ca22c1-46b9-47bd-ab12-681db17b3c14'),
 ('6', '11', 'Content', '1', '2016-08-04 13:11:57', '2016-08-04 13:11:57', 'db7e8de9-0bcd-440d-acea-8d60b8cc348d'),
 ('7', '12', 'Content', '1', '2016-08-04 13:12:14', '2016-08-04 13:12:14', 'f1e4ba99-1bdf-4a49-90f0-8fd54fe567ef'),
 ('12', '21', 'Tab 1', '1', '2016-08-04 14:35:39', '2016-08-04 14:35:39', '78644fca-5132-45a1-8b19-2559ea537937'),
 ('15', '24', 'Content', '1', '2016-08-05 08:28:40', '2016-08-05 08:28:40', 'd7c73b23-501b-4e1d-a308-56ff7b7e3059'),
 ('16', '25', 'Tab 1', '1', '2016-08-05 08:48:08', '2016-08-05 08:48:08', '08c83829-bc1c-495d-b3c5-721ec700ada4'),
 ('18', '28', 'Tab 1', '1', '2016-08-05 11:54:12', '2016-08-05 11:54:12', '5229f13e-9617-4dcb-bfa3-a418a7ca2154'),
 ('19', '30', 'Tab 1', '1', '2016-08-05 13:45:40', '2016-08-05 13:45:40', '3693a900-3907-4e0f-bfeb-5168d3e4ba53'),
 ('20', '33', 'New Member', '1', '2016-08-05 14:08:11', '2016-08-05 14:08:11', '0e000625-5871-4693-8cb3-b8e21440969c'),
 ('23', '38', 'Events', '1', '2016-08-08 13:38:43', '2016-08-08 13:38:43', 'a1b24b2e-6c75-4269-9515-94c32ab356e1'),
 ('26', '45', 'Connect', '1', '2016-08-08 16:02:33', '2016-08-08 16:02:33', '57951753-0c94-4af1-a2c1-7a7a2c63db22'),
 ('32', '53', 'Tab 1', '1', '2016-08-09 15:58:16', '2016-08-09 15:58:16', 'ee6bc6a0-fb7c-443d-8707-3194cd9e4907'),
 ('33', '55', 'Tab 1', '1', '2016-08-18 11:21:52', '2016-08-18 11:21:52', '50248431-cd89-4007-907c-cfb51a671819'),
 ('34', '57', 'Tab 1', '1', '2016-08-18 11:25:53', '2016-08-18 11:25:53', 'acbfba65-45a3-48f8-a9c2-67166a24c29a'),
 ('36', '61', 'Tab 1', '1', '2016-08-18 11:47:04', '2016-08-18 11:47:04', '113806b0-fb7f-45bc-a7c2-ce6a34dc9fc5'),
 ('37', '63', 'Tab 1', '1', '2016-08-18 11:56:00', '2016-08-18 11:56:00', '9c0e31cc-6717-46b5-9082-2fe6bc6e3311');



DROP TABLE IF EXISTS `craft_fields`;


--
-- Schema for table `craft_fields`
--
CREATE TABLE `craft_fields` (
  `id` int(11) NOT NULL AUTO_INCREMENT,
  `groupId` int(11) DEFAULT NULL,
  `name` varchar(255) COLLATE utf8_unicode_ci NOT NULL,
  `handle` varchar(58) COLLATE utf8_unicode_ci NOT NULL,
  `context` varchar(255) COLLATE utf8_unicode_ci NOT NULL DEFAULT 'global',
  `instructions` text COLLATE utf8_unicode_ci,
  `translatable` tinyint(1) unsigned NOT NULL DEFAULT '0',
  `type` varchar(150) COLLATE utf8_unicode_ci NOT NULL,
  `settings` text COLLATE utf8_unicode_ci,
  `dateCreated` datetime NOT NULL,
  `dateUpdated` datetime NOT NULL,
  `uid` char(36) COLLATE utf8_unicode_ci NOT NULL DEFAULT '0',
  PRIMARY KEY (`id`),
  UNIQUE KEY `craft_fields_handle_context_unq_idx` (`handle`,`context`),
  KEY `craft_fields_context_idx` (`context`),
  KEY `craft_fields_groupId_fk` (`groupId`)
) ENGINE=InnoDB AUTO_INCREMENT=36 DEFAULT CHARSET=utf8 COLLATE=utf8_unicode_ci;

--
-- Data for table `craft_fields`
--

INSERT INTO `craft_fields` (`id`, `groupId`, `name`, `handle`, `context`, `instructions`, `translatable`, `type`, `settings`, `dateCreated`, `dateUpdated`, `uid`) VALUES
 ('1', '1', 'Body', 'body', 'global', NULL, '1', 'RichText', '{\"configFile\":\"Standard.json\",\"columnType\":\"text\"}', '2016-07-28 10:42:17', '2016-07-28 10:42:17', 'c9f337ac-0b1c-4c76-8a28-300c8202db39'),
 ('2', '1', 'Tags', 'tags', 'global', NULL, '0', 'Tags', '{\"source\":\"taggroup:1\"}', '2016-07-28 10:42:17', '2016-07-28 10:42:17', '7631a53d-b71a-4c16-a5fd-7d78dcb93c9b'),
 ('3', '1', 'Site Url', 'siteUrl', 'global', '', '0', 'PlainText', '{\"placeholder\":\"\",\"maxLength\":\"\",\"multiline\":\"\",\"initialRows\":\"4\"}', '2016-08-04 13:04:37', '2016-08-04 13:04:37', 'e51d5dab-f2f7-4791-be3d-ed08207d2c91'),
 ('4', '2', 'Why does the church need me', 'whyDoesTheChurchNeedMe', 'global', '', '0', 'PlainText', '{\"placeholder\":\"\",\"maxLength\":\"\",\"multiline\":\"1\",\"initialRows\":\"4\"}', '2016-08-04 13:13:40', '2016-08-04 13:13:40', '423c14df-4a22-4a60-8667-ae10a6372eb8'),
 ('5', '2', 'What Next', 'whatNext', 'global', '', '0', 'PlainText', '{\"placeholder\":\"\",\"maxLength\":\"\",\"multiline\":\"1\",\"initialRows\":\"4\"}', '2016-08-04 13:13:51', '2016-08-04 13:13:51', '9aa66b7f-8265-4599-812b-e2efbf08f5e7'),
 ('7', '1', 'Page Description', 'pageDescription', 'global', '', '0', 'PlainText', '{\"placeholder\":\"\",\"maxLength\":\"\",\"multiline\":\"1\",\"initialRows\":\"4\"}', '2016-08-04 13:15:00', '2016-08-04 13:15:00', '4853ec2b-6715-433a-bebd-ad697662f1ec'),
 ('8', '1', 'Image', 'image', 'global', '', '0', 'Assets', '{\"useSingleFolder\":\"1\",\"sources\":\"*\",\"defaultUploadLocationSource\":\"1\",\"defaultUploadLocationSubpath\":\"\",\"singleUploadLocationSource\":\"1\",\"singleUploadLocationSubpath\":\"\",\"restrictFiles\":\"1\",\"allowedKinds\":[\"image\"],\"limit\":\"\",\"viewMode\":\"large\",\"selectionLabel\":\"\"}', '2016-08-04 14:09:46', '2016-08-04 14:09:57', '73006b11-ad2a-45ac-976b-642016c4fab1'),
 ('9', '3', 'Media Type', 'mediaType', 'global', '', '0', 'Dropdown', '{\"options\":[{\"label\":\"Sound Cloud\",\"value\":\"soundCloud\",\"default\":\"\"},{\"label\":\"YouTube\",\"value\":\"youtube\",\"default\":\"\"},{\"label\":\"Vimeo\",\"value\":\"vimeo\",\"default\":\"\"},{\"label\":\"PDF\",\"value\":\"pdf\",\"default\":\"\"}]}', '2016-08-04 14:11:30', '2016-08-04 14:11:30', 'e039ee3e-b1db-4ffd-b7e2-037453c4bdb3'),
 ('10', '3', 'PDF', 'pdf', 'global', '', '0', 'Assets', '{\"useSingleFolder\":\"1\",\"sources\":\"*\",\"defaultUploadLocationSource\":\"1\",\"defaultUploadLocationSubpath\":\"\",\"singleUploadLocationSource\":\"2\",\"singleUploadLocationSubpath\":\"\",\"restrictFiles\":\"1\",\"allowedKinds\":[\"pdf\"],\"limit\":\"\",\"viewMode\":\"large\",\"selectionLabel\":\"\"}', '2016-08-04 14:16:57', '2016-08-04 14:16:57', 'b836a494-f9b3-43ac-b73d-a7e3ea4e1662'),
 ('11', '3', 'Media Link', 'mediaLink', 'global', '', '0', 'PlainText', '{\"placeholder\":\"\",\"maxLength\":\"\",\"multiline\":\"\",\"initialRows\":\"4\"}', '2016-08-04 14:17:21', '2016-08-04 14:17:21', '7ede7acb-3892-464a-a200-529dc0557a0d'),
 ('12', '1', 'Text', 'text', 'global', '', '0', 'PlainText', '{\"placeholder\":\"\",\"maxLength\":\"\",\"multiline\":\"1\",\"initialRows\":\"4\"}', '2016-08-05 08:26:47', '2016-08-05 08:26:47', '6f85ab39-3b16-4729-9915-76136d17e32c'),
 ('13', '2', 'Connect Images', 'connectImages', 'global', '', '0', 'Assets', '{\"useSingleFolder\":\"1\",\"sources\":\"*\",\"defaultUploadLocationSource\":\"1\",\"defaultUploadLocationSubpath\":\"\",\"singleUploadLocationSource\":\"1\",\"singleUploadLocationSubpath\":\"\",\"restrictFiles\":\"1\",\"allowedKinds\":[\"image\"],\"limit\":\"2\",\"viewMode\":\"list\",\"selectionLabel\":\"\"}', '2016-08-05 08:32:21', '2016-08-05 08:32:21', 'c1ad45b9-c21f-4f6d-a11f-b7d18ed63678'),
 ('14', '4', 'FAQ', 'faq', 'global', '', '0', 'Table', '{\"columns\":{\"col1\":{\"heading\":\"Question\",\"handle\":\"question\",\"width\":\"\",\"type\":\"singleline\"},\"col2\":{\"heading\":\"Answer\",\"handle\":\"answer\",\"width\":\"\",\"type\":\"singleline\"}},\"defaults\":{\"row1\":{\"col1\":\"\",\"col2\":\"\"}}}', '2016-08-05 11:11:15', '2016-08-05 11:11:15', 'da5e88ab-ab5a-42c0-9e91-3217e3a60313'),
 ('15', '4', 'Be Transformed to Transform', 'beTransformedToTransform', 'global', '', '0', 'RichText', '{\"configFile\":\"Simple.json\",\"availableAssetSources\":\"*\",\"availableTransforms\":\"*\",\"cleanupHtml\":\"1\",\"purifyHtml\":\"1\",\"columnType\":\"text\"}', '2016-08-05 11:50:46', '2016-08-05 11:54:52', '3de23771-699d-4fe3-829b-0ddb37c9197d'),
 ('16', '4', 'Main Meeting Times', 'mainMeetingTimes', 'global', '', '0', 'RichText', '{\"configFile\":\"Simple.json\",\"availableAssetSources\":\"*\",\"availableTransforms\":\"*\",\"cleanupHtml\":\"1\",\"purifyHtml\":\"1\",\"columnType\":\"text\"}', '2016-08-05 11:51:15', '2016-08-05 11:56:46', 'bfb301dd-98c5-4d14-8d36-584e762b245e'),
 ('17', '4', 'Times & Location', 'timesLocation', 'global', '', '0', 'RichText', '{\"configFile\":\"Simple.json\",\"availableAssetSources\":\"*\",\"availableTransforms\":\"*\",\"cleanupHtml\":\"1\",\"purifyHtml\":\"1\",\"columnType\":\"text\"}', '2016-08-05 11:51:34', '2016-08-05 11:56:49', '4e93ba09-b295-4aa9-ae17-96fbe26911ab'),
 ('18', '4', 'What to Expect', 'whatToExpect', 'global', '', '0', 'RichText', '{\"configFile\":\"Simple.json\",\"availableAssetSources\":\"*\",\"availableTransforms\":\"*\",\"cleanupHtml\":\"1\",\"purifyHtml\":\"1\",\"columnType\":\"text\"}', '2016-08-05 11:51:50', '2016-08-05 11:56:52', '4f861013-34f4-48f3-8970-091f844738a6'),
 ('19', '4', 'Get Connected', 'getConnected', 'global', '', '0', 'RichText', '{\"configFile\":\"Simple.json\",\"availableAssetSources\":\"*\",\"availableTransforms\":\"*\",\"cleanupHtml\":\"1\",\"purifyHtml\":\"1\",\"columnType\":\"text\"}', '2016-08-05 11:52:05', '2016-08-05 11:56:44', '543f607d-f5c9-4c42-8582-149cc57d1fbf'),
 ('21', '5', 'Role', 'role', 'global', '', '0', 'PlainText', '{\"placeholder\":\"\",\"maxLength\":\"\",\"multiline\":\"\",\"initialRows\":\"4\"}', '2016-08-05 14:05:50', '2016-08-05 14:05:50', '1f12183e-8a4a-4b35-9ffa-d93af88991d1'),
 ('22', '5', 'Twitter Link', 'twitterLink', 'global', '', '0', 'PlainText', '{\"placeholder\":\"\",\"maxLength\":\"\",\"multiline\":\"\",\"initialRows\":\"4\"}', '2016-08-05 14:06:05', '2016-08-05 14:06:05', '1b4c9fad-0de5-4467-ab80-88e6fa44bbb3'),
 ('23', '5', 'Facebook Link', 'facebookLink', 'global', '', '0', 'PlainText', '{\"placeholder\":\"\",\"maxLength\":\"\",\"multiline\":\"\",\"initialRows\":\"4\"}', '2016-08-05 14:06:13', '2016-08-05 14:06:13', 'bd143f3e-2742-457e-9c73-335b61d6b2b1'),
 ('24', '5', 'Email', 'email', 'global', '', '0', 'PlainText', '{\"placeholder\":\"\",\"maxLength\":\"\",\"multiline\":\"\",\"initialRows\":\"4\"}', '2016-08-05 14:06:20', '2016-08-05 14:06:20', '08c904b1-8217-4391-968a-46f05c60417d'),
 ('25', '5', 'Photo', 'photo', 'global', '', '0', 'Assets', '{\"useSingleFolder\":\"1\",\"sources\":\"\",\"defaultUploadLocationSource\":\"1\",\"defaultUploadLocationSubpath\":\"\",\"singleUploadLocationSource\":\"3\",\"singleUploadLocationSubpath\":\"\",\"restrictFiles\":\"1\",\"allowedKinds\":[\"image\"],\"limit\":\"1\",\"viewMode\":\"large\",\"selectionLabel\":\"\"}', '2016-08-05 14:07:02', '2016-08-05 14:07:02', 'a66d309e-de09-44ba-ae2f-e767d6352e8a'),
 ('26', '6', 'Description', 'description', 'global', '', '0', 'PlainText', '{\"placeholder\":\"\",\"maxLength\":\"\",\"multiline\":\"1\",\"initialRows\":\"4\"}', '2016-08-08 09:08:09', '2016-08-08 09:08:09', '6281dec0-988f-4ea8-bf89-98af28e236c5'),
 ('27', '6', 'Event Category', 'eventCategory', 'global', '', '0', 'Categories', '{\"source\":\"group:1\",\"limit\":\"\",\"selectionLabel\":\"\"}', '2016-08-08 09:09:03', '2016-08-08 11:41:45', '8febdf7d-4701-4bff-aa57-343a7dea6e91'),
 ('28', '6', 'More Info Link', 'moreInfoLink', 'global', '', '0', 'PlainText', '{\"placeholder\":\"\",\"maxLength\":\"\",\"multiline\":\"\",\"initialRows\":\"4\"}', '2016-08-08 09:09:41', '2016-08-08 09:09:41', '25be3380-28d9-41f4-81fe-9482ced67850'),
 ('29', '6', 'Time and Date', 'timeAndDate', 'global', '', '0', 'Date', '{\"minuteIncrement\":\"30\",\"showTime\":1,\"showDate\":1}', '2016-08-08 09:16:35', '2016-08-08 09:16:35', '65dc72ea-9da5-4c66-829b-8faa3a90a299'),
 ('30', '7', 'Icon', 'icon', 'global', '', '0', 'Assets', '{\"useSingleFolder\":\"1\",\"sources\":\"*\",\"defaultUploadLocationSource\":\"1\",\"defaultUploadLocationSubpath\":\"\",\"singleUploadLocationSource\":\"4\",\"singleUploadLocationSubpath\":\"\",\"restrictFiles\":\"1\",\"allowedKinds\":[\"image\"],\"limit\":\"1\",\"viewMode\":\"large\",\"selectionLabel\":\"\"}', '2016-08-08 15:52:49', '2016-08-08 15:52:49', '92a8527b-0357-4e23-9fc7-8daee1ed5fba'),
 ('31', '7', 'Connect Group', 'connectGroup', 'global', '', '0', 'Categories', '{\"source\":\"group:2\",\"limit\":\"1\",\"selectionLabel\":\"\"}', '2016-08-08 15:54:10', '2016-08-08 15:54:10', '2b9a4c9f-e4e0-4810-9a34-ec01a5173bc1'),
 ('32', '7', 'Connect Description', 'connectDescription', 'global', '', '0', 'RichText', '{\"configFile\":\"Simple.json\",\"availableAssetSources\":\"*\",\"availableTransforms\":\"*\",\"cleanupHtml\":\"1\",\"purifyHtml\":\"1\",\"columnType\":\"text\"}', '2016-08-08 16:01:49', '2016-08-08 16:01:49', '091ce968-9103-4d5f-8555-1fd9c6ea3287'),
 ('33', '8', 'Blog Category', 'blogCategory', 'global', '', '0', 'Dropdown', '{\"options\":[{\"label\":\"News\",\"value\":\"news\",\"default\":\"\"},{\"label\":\"Blog\",\"value\":\"blog\",\"default\":\"\"},{\"label\":\"Vlog\",\"value\":\"vlog\",\"default\":\"\"}]}', '2016-08-09 10:58:21', '2016-08-09 15:39:31', 'e4573df2-0fdb-4a26-b959-0baba94fcf5d'),
 ('34', '8', 'Blog Author', 'blogAuthor', 'global', '', '0', 'Entries', '{\"sources\":[\"section:7\"],\"limit\":\"1\",\"selectionLabel\":\"\"}', '2016-08-09 14:14:08', '2016-08-09 14:22:59', 'ddc3249e-56c0-456e-aa2f-d3ac3ac3ad04'),
 ('35', '8', 'Video Url', 'videoUrl', 'global', '', '0', 'PlainText', '{\"placeholder\":\"\",\"maxLength\":\"\",\"multiline\":\"\",\"initialRows\":\"4\"}', '2016-08-09 15:25:44', '2016-08-09 15:48:09', '0f3d714e-d3e4-4771-894a-088d72ca77f4');



DROP TABLE IF EXISTS `craft_globalsets`;


--
-- Schema for table `craft_globalsets`
--
CREATE TABLE `craft_globalsets` (
  `id` int(11) NOT NULL,
  `name` varchar(255) COLLATE utf8_unicode_ci NOT NULL,
  `handle` varchar(255) COLLATE utf8_unicode_ci NOT NULL,
  `fieldLayoutId` int(10) DEFAULT NULL,
  `dateCreated` datetime NOT NULL,
  `dateUpdated` datetime NOT NULL,
  `uid` char(36) COLLATE utf8_unicode_ci NOT NULL DEFAULT '0',
  PRIMARY KEY (`id`),
  UNIQUE KEY `craft_globalsets_name_unq_idx` (`name`),
  UNIQUE KEY `craft_globalsets_handle_unq_idx` (`handle`),
  KEY `craft_globalsets_fieldLayoutId_fk` (`fieldLayoutId`)
) ENGINE=InnoDB DEFAULT CHARSET=utf8 COLLATE=utf8_unicode_ci;

--
-- Data for table `craft_globalsets`
--

INSERT INTO `craft_globalsets` (`id`, `name`, `handle`, `fieldLayoutId`, `dateCreated`, `dateUpdated`, `uid`) VALUES
 ('4', 'Twitter', 'twitter', '11', '2016-08-04 12:25:50', '2016-08-04 13:11:57', 'cf66acfa-a573-4b64-9489-e750626d7805'),
 ('5', 'Facebook', 'facebook', '10', '2016-08-04 12:25:58', '2016-08-04 13:11:50', 'eef9fb7e-94a9-487b-8c88-06682ca80873'),
 ('6', 'Vimeo', 'vimeo', '12', '2016-08-04 13:12:14', '2016-08-04 13:12:14', '4af5a6ef-8d58-4b42-b414-cdbe5a8de44c'),
 ('13', 'Service Times', 'serviceTimes', '24', '2016-08-05 08:26:22', '2016-08-05 08:28:40', '2249ff56-313c-482c-b980-125b2ccd739b');



DROP TABLE IF EXISTS `craft_info`;


--
-- Schema for table `craft_info`
--
CREATE TABLE `craft_info` (
  `id` int(11) NOT NULL AUTO_INCREMENT,
  `version` varchar(15) COLLATE utf8_unicode_ci NOT NULL,
  `build` int(11) unsigned NOT NULL,
  `schemaVersion` varchar(15) COLLATE utf8_unicode_ci NOT NULL,
  `releaseDate` datetime NOT NULL,
  `edition` tinyint(1) unsigned NOT NULL DEFAULT '0',
  `siteName` varchar(100) COLLATE utf8_unicode_ci NOT NULL,
  `siteUrl` varchar(255) COLLATE utf8_unicode_ci NOT NULL,
  `timezone` varchar(30) COLLATE utf8_unicode_ci DEFAULT NULL,
  `on` tinyint(1) unsigned NOT NULL DEFAULT '0',
  `maintenance` tinyint(1) unsigned NOT NULL DEFAULT '0',
  `track` varchar(40) COLLATE utf8_unicode_ci NOT NULL,
  `dateCreated` datetime NOT NULL,
  `dateUpdated` datetime NOT NULL,
  `uid` char(36) COLLATE utf8_unicode_ci NOT NULL DEFAULT '0',
  PRIMARY KEY (`id`)
) ENGINE=InnoDB AUTO_INCREMENT=2 DEFAULT CHARSET=utf8 COLLATE=utf8_unicode_ci;

--
-- Data for table `craft_info`
--

INSERT INTO `craft_info` (`id`, `version`, `build`, `schemaVersion`, `releaseDate`, `edition`, `siteName`, `siteUrl`, `timezone`, `on`, `maintenance`, `track`, `dateCreated`, `dateUpdated`, `uid`) VALUES
 ('1', '2.6', '2903', '2.6.5', '2016-08-02 23:22:42', '0', 'Transformation Centre', 'http://transformationcentre.sugarrushdemo.com/', 'UTC', '1', '1', 'stable', '2016-07-28 10:42:12', '2016-08-25 09:06:32', '297836f3-cbb7-4989-bee7-e656da40c094');



DROP TABLE IF EXISTS `craft_locales`;


--
-- Schema for table `craft_locales`
--
CREATE TABLE `craft_locales` (
  `locale` char(12) COLLATE utf8_unicode_ci NOT NULL,
  `sortOrder` smallint(6) unsigned DEFAULT NULL,
  `dateCreated` datetime NOT NULL,
  `dateUpdated` datetime NOT NULL,
  `uid` char(36) COLLATE utf8_unicode_ci NOT NULL DEFAULT '0',
  PRIMARY KEY (`locale`),
  KEY `craft_locales_sortOrder_idx` (`sortOrder`)
) ENGINE=InnoDB DEFAULT CHARSET=utf8 COLLATE=utf8_unicode_ci;

--
-- Data for table `craft_locales`
--

INSERT INTO `craft_locales` (`locale`, `sortOrder`, `dateCreated`, `dateUpdated`, `uid`) VALUES
 ('en_gb', '1', '2016-07-28 10:42:15', '2016-07-28 10:42:15', '9a74c36b-b206-4a28-b37d-4a4fe68b1539');



DROP TABLE IF EXISTS `craft_matrixblocks`;


--
-- Schema for table `craft_matrixblocks`
--
CREATE TABLE `craft_matrixblocks` (
  `id` int(11) NOT NULL,
  `ownerId` int(11) NOT NULL,
  `fieldId` int(11) NOT NULL,
  `typeId` int(11) DEFAULT NULL,
  `sortOrder` smallint(6) unsigned DEFAULT NULL,
  `ownerLocale` char(12) COLLATE utf8_unicode_ci DEFAULT NULL,
  `dateCreated` datetime NOT NULL,
  `dateUpdated` datetime NOT NULL,
  `uid` char(36) COLLATE utf8_unicode_ci NOT NULL DEFAULT '0',
  PRIMARY KEY (`id`),
  KEY `craft_matrixblocks_ownerId_idx` (`ownerId`),
  KEY `craft_matrixblocks_fieldId_idx` (`fieldId`),
  KEY `craft_matrixblocks_typeId_idx` (`typeId`),
  KEY `craft_matrixblocks_sortOrder_idx` (`sortOrder`),
  KEY `craft_matrixblocks_ownerLocale_fk` (`ownerLocale`)
) ENGINE=InnoDB DEFAULT CHARSET=utf8 COLLATE=utf8_unicode_ci;

DROP TABLE IF EXISTS `craft_matrixblocktypes`;


--
-- Schema for table `craft_matrixblocktypes`
--
CREATE TABLE `craft_matrixblocktypes` (
  `id` int(11) NOT NULL AUTO_INCREMENT,
  `fieldId` int(11) NOT NULL,
  `fieldLayoutId` int(11) DEFAULT NULL,
  `name` varchar(255) COLLATE utf8_unicode_ci NOT NULL,
  `handle` varchar(255) COLLATE utf8_unicode_ci NOT NULL,
  `sortOrder` smallint(6) unsigned DEFAULT NULL,
  `dateCreated` datetime NOT NULL,
  `dateUpdated` datetime NOT NULL,
  `uid` char(36) COLLATE utf8_unicode_ci NOT NULL DEFAULT '0',
  PRIMARY KEY (`id`),
  UNIQUE KEY `craft_matrixblocktypes_name_fieldId_unq_idx` (`name`,`fieldId`),
  UNIQUE KEY `craft_matrixblocktypes_handle_fieldId_unq_idx` (`handle`,`fieldId`),
  KEY `craft_matrixblocktypes_fieldId_fk` (`fieldId`),
  KEY `craft_matrixblocktypes_fieldLayoutId_fk` (`fieldLayoutId`)
) ENGINE=InnoDB DEFAULT CHARSET=utf8 COLLATE=utf8_unicode_ci;

DROP TABLE IF EXISTS `craft_migrations`;


--
-- Schema for table `craft_migrations`
--
CREATE TABLE `craft_migrations` (
  `id` int(11) NOT NULL AUTO_INCREMENT,
  `pluginId` int(11) DEFAULT NULL,
  `version` varchar(255) COLLATE utf8_unicode_ci NOT NULL,
  `applyTime` datetime NOT NULL,
  `dateCreated` datetime NOT NULL,
  `dateUpdated` datetime NOT NULL,
  `uid` char(36) COLLATE utf8_unicode_ci NOT NULL DEFAULT '0',
  PRIMARY KEY (`id`),
  UNIQUE KEY `craft_migrations_version_unq_idx` (`version`),
  KEY `craft_migrations_pluginId_fk` (`pluginId`)
) ENGINE=InnoDB AUTO_INCREMENT=35 DEFAULT CHARSET=utf8 COLLATE=utf8_unicode_ci;

--
-- Data for table `craft_migrations`
--

INSERT INTO `craft_migrations` (`id`, `pluginId`, `version`, `applyTime`, `dateCreated`, `dateUpdated`, `uid`) VALUES
 ('1', NULL, 'm000000_000000_base', '2016-07-28 10:42:14', '2016-07-28 10:42:14', '2016-07-28 10:42:14', '99ea85fa-d369-4c07-843b-aad7b0b8bee4'),
 ('2', NULL, 'm140730_000001_add_filename_and_format_to_transformindex', '2016-07-28 10:42:14', '2016-07-28 10:42:14', '2016-07-28 10:42:14', '9770f5ba-627e-4169-b1b5-acde0bec52a2'),
 ('3', NULL, 'm140815_000001_add_format_to_transforms', '2016-07-28 10:42:14', '2016-07-28 10:42:14', '2016-07-28 10:42:14', '59e58575-a533-4531-9a0e-4c93646edcc1'),
 ('4', NULL, 'm140822_000001_allow_more_than_128_items_per_field', '2016-07-28 10:42:14', '2016-07-28 10:42:14', '2016-07-28 10:42:14', '34af63ec-7304-409d-8c8a-74165270a626'),
 ('5', NULL, 'm140829_000001_single_title_formats', '2016-07-28 10:42:14', '2016-07-28 10:42:14', '2016-07-28 10:42:14', '851fba4a-f452-4031-98b5-6019ce467d6a'),
 ('6', NULL, 'm140831_000001_extended_cache_keys', '2016-07-28 10:42:14', '2016-07-28 10:42:14', '2016-07-28 10:42:14', '9592ea7e-ae58-4f7d-9ed2-a44b84da9efe'),
 ('7', NULL, 'm140922_000001_delete_orphaned_matrix_blocks', '2016-07-28 10:42:14', '2016-07-28 10:42:14', '2016-07-28 10:42:14', '66e687e1-735b-4db9-be89-a0d8d6e38db9'),
 ('8', NULL, 'm141008_000001_elements_index_tune', '2016-07-28 10:42:14', '2016-07-28 10:42:14', '2016-07-28 10:42:14', '2cb8700e-aaec-4cff-b948-f287414fa3c9'),
 ('9', NULL, 'm141009_000001_assets_source_handle', '2016-07-28 10:42:14', '2016-07-28 10:42:14', '2016-07-28 10:42:14', 'e36a93f8-e069-426e-a8ca-bc3f491a31fa'),
 ('10', NULL, 'm141024_000001_field_layout_tabs', '2016-07-28 10:42:14', '2016-07-28 10:42:14', '2016-07-28 10:42:14', '7c137bb7-73cc-4179-a586-58954bb32010'),
 ('11', NULL, 'm141030_000000_plugin_schema_versions', '2016-07-28 10:42:14', '2016-07-28 10:42:14', '2016-07-28 10:42:14', 'dfc4e601-8933-4399-a413-a75c806aaabc'),
 ('12', NULL, 'm141030_000001_drop_structure_move_permission', '2016-07-28 10:42:14', '2016-07-28 10:42:14', '2016-07-28 10:42:14', 'b2c2818e-c0e6-46b2-8b92-06d0f08f8aa1'),
 ('13', NULL, 'm141103_000001_tag_titles', '2016-07-28 10:42:14', '2016-07-28 10:42:14', '2016-07-28 10:42:14', '6b092e8e-034a-4013-a1a0-2f7f45304a6c'),
 ('14', NULL, 'm141109_000001_user_status_shuffle', '2016-07-28 10:42:14', '2016-07-28 10:42:14', '2016-07-28 10:42:14', '93ec8955-2226-4ebc-8735-ad6d2d677d83'),
 ('15', NULL, 'm141126_000001_user_week_start_day', '2016-07-28 10:42:14', '2016-07-28 10:42:14', '2016-07-28 10:42:14', 'e7db0905-7750-4461-908e-b0a012a113c5'),
 ('16', NULL, 'm150210_000001_adjust_user_photo_size', '2016-07-28 10:42:14', '2016-07-28 10:42:14', '2016-07-28 10:42:14', '8f3f48d0-937d-4564-a0b8-9b4c8bd97177'),
 ('17', NULL, 'm150724_000001_adjust_quality_settings', '2016-07-28 10:42:14', '2016-07-28 10:42:14', '2016-07-28 10:42:14', '12edf8c4-3c2a-4e22-b97e-5e57c658d429'),
 ('18', NULL, 'm150827_000000_element_index_settings', '2016-07-28 10:42:14', '2016-07-28 10:42:14', '2016-07-28 10:42:14', '5b7e1a1e-d621-4aa0-9c7b-e4d93c702b4a'),
 ('19', NULL, 'm150918_000001_add_colspan_to_widgets', '2016-07-28 10:42:14', '2016-07-28 10:42:14', '2016-07-28 10:42:14', 'b43c903b-5ff6-4cb8-adda-44ead0c5f823'),
 ('20', NULL, 'm151007_000000_clear_asset_caches', '2016-07-28 10:42:14', '2016-07-28 10:42:14', '2016-07-28 10:42:14', 'eadf69f7-8336-4913-866f-1b8d40f9b0b7'),
 ('21', NULL, 'm151109_000000_text_url_formats', '2016-07-28 10:42:14', '2016-07-28 10:42:14', '2016-07-28 10:42:14', '41d0088b-ca3f-476e-b58d-f47231932da8'),
 ('22', NULL, 'm151110_000000_move_logo', '2016-07-28 10:42:14', '2016-07-28 10:42:14', '2016-07-28 10:42:14', '80263dce-e8a5-4ca2-92ba-258d05cf1a52'),
 ('23', NULL, 'm151117_000000_adjust_image_widthheight', '2016-07-28 10:42:14', '2016-07-28 10:42:14', '2016-07-28 10:42:14', '3c4416dc-eeea-4114-a852-e00e73e889ef'),
 ('24', NULL, 'm151127_000000_clear_license_key_status', '2016-07-28 10:42:14', '2016-07-28 10:42:14', '2016-07-28 10:42:14', 'b1ecb22c-af62-449b-8a48-0522874dadef'),
 ('25', NULL, 'm151127_000000_plugin_license_keys', '2016-07-28 10:42:14', '2016-07-28 10:42:14', '2016-07-28 10:42:14', '1e1f0f01-ab61-4b44-87be-f5dbd31be9b1'),
 ('26', NULL, 'm151130_000000_update_pt_widget_feeds', '2016-07-28 10:42:14', '2016-07-28 10:42:14', '2016-07-28 10:42:14', '5c45d580-d852-4b1c-9ebe-367db23a5486'),
 ('27', NULL, 'm160114_000000_asset_sources_public_url_default_true', '2016-07-28 10:42:14', '2016-07-28 10:42:14', '2016-07-28 10:42:14', '1e6cc0ca-725a-431a-8208-d30e6f64168e'),
 ('28', NULL, 'm160223_000000_sortorder_to_smallint', '2016-07-28 10:42:14', '2016-07-28 10:42:14', '2016-07-28 10:42:14', '4e748fc5-bdd7-46e4-bf3a-c831bb6ac2d3'),
 ('29', NULL, 'm160229_000000_set_default_entry_statuses', '2016-07-28 10:42:14', '2016-07-28 10:42:14', '2016-07-28 10:42:14', 'e324ec42-a9a8-4c53-b1df-52fea077f398'),
 ('30', NULL, 'm160304_000000_client_permissions', '2016-07-28 10:42:14', '2016-07-28 10:42:14', '2016-07-28 10:42:14', 'a7edc872-ec64-4968-8c03-6dcedcf8e68e'),
 ('31', NULL, 'm160322_000000_asset_filesize', '2016-07-28 10:42:14', '2016-07-28 10:42:14', '2016-07-28 10:42:14', '2f4152ff-e263-4e73-94d0-81214ab183b1'),
 ('32', NULL, 'm160503_000000_orphaned_fieldlayouts', '2016-07-28 10:42:14', '2016-07-28 10:42:14', '2016-07-28 10:42:14', 'bf760307-b4f3-4720-99bc-371f320daf05'),
 ('33', NULL, 'm160510_000000_tasksettings', '2016-07-28 10:42:14', '2016-07-28 10:42:14', '2016-07-28 10:42:14', '3fd28bb6-a04b-4644-b08a-fdf846c02e35'),
 ('34', '1', 'm160117_000000_reasons_addFieldLayoutIdColumn', '2016-08-04 14:20:56', '2016-08-04 14:20:56', '2016-08-04 14:20:56', '77369345-0672-4761-9dee-54a3092577eb');



DROP TABLE IF EXISTS `craft_plugins`;


--
-- Schema for table `craft_plugins`
--
CREATE TABLE `craft_plugins` (
  `id` int(11) NOT NULL AUTO_INCREMENT,
  `class` varchar(150) COLLATE utf8_unicode_ci NOT NULL,
  `version` varchar(15) COLLATE utf8_unicode_ci NOT NULL,
  `schemaVersion` varchar(15) COLLATE utf8_unicode_ci DEFAULT NULL,
  `licenseKey` char(24) COLLATE utf8_unicode_ci DEFAULT NULL,
  `licenseKeyStatus` enum('valid','invalid','mismatched','unknown') COLLATE utf8_unicode_ci NOT NULL DEFAULT 'unknown',
  `enabled` tinyint(1) unsigned NOT NULL DEFAULT '0',
  `settings` text COLLATE utf8_unicode_ci,
  `installDate` datetime NOT NULL,
  `dateCreated` datetime NOT NULL,
  `dateUpdated` datetime NOT NULL,
  `uid` char(36) COLLATE utf8_unicode_ci NOT NULL DEFAULT '0',
  PRIMARY KEY (`id`)
) ENGINE=InnoDB AUTO_INCREMENT=5 DEFAULT CHARSET=utf8 COLLATE=utf8_unicode_ci;

--
-- Data for table `craft_plugins`
--

INSERT INTO `craft_plugins` (`id`, `class`, `version`, `schemaVersion`, `licenseKey`, `licenseKeyStatus`, `enabled`, `settings`, `installDate`, `dateCreated`, `dateUpdated`, `uid`) VALUES
 ('1', 'Reasons', '1.0.6', '1.1', NULL, 'unknown', '1', NULL, '2016-08-04 14:20:56', '2016-08-04 14:20:56', '2016-08-25 09:06:30', '975108e3-ac26-4a1d-8638-a41cc7d2054f'),
 ('2', 'ContactForm', '1.7.0', '1.0.0', NULL, 'unknown', '1', '{\"toEmail\":\"dcoulter45@gmail.com\",\"prependSender\":\"On behalf of\",\"prependSubject\":\"New message from Transformation Centre\",\"allowAttachments\":\"\",\"honeypotField\":\"\",\"successFlashMessage\":\"Your message has been sent.\"}', '2016-08-09 09:44:47', '2016-08-09 09:44:47', '2016-08-25 09:06:30', 'e6408dcf-53f8-4b12-aeac-1f90b380054a'),
 ('3', 'Trimmer', '1.0', NULL, NULL, 'unknown', '1', NULL, '2016-08-09 11:35:09', '2016-08-09 11:35:09', '2016-08-25 09:06:30', 'dd8497a4-ac75-444c-8593-0dd6ab31ce13'),
 ('4', 'Embedder', '0.9.4', NULL, NULL, 'unknown', '1', NULL, '2016-08-09 15:46:39', '2016-08-09 15:46:39', '2016-08-25 09:06:30', '17261fae-ee67-4c53-8207-bc863dd0ef91');



DROP TABLE IF EXISTS `craft_rackspaceaccess`;


--
-- Schema for table `craft_rackspaceaccess`
--
CREATE TABLE `craft_rackspaceaccess` (
  `id` int(11) NOT NULL AUTO_INCREMENT,
  `connectionKey` varchar(255) COLLATE utf8_unicode_ci NOT NULL,
  `token` varchar(255) COLLATE utf8_unicode_ci NOT NULL,
  `storageUrl` varchar(255) COLLATE utf8_unicode_ci NOT NULL,
  `cdnUrl` varchar(255) COLLATE utf8_unicode_ci NOT NULL,
  `dateCreated` datetime NOT NULL,
  `dateUpdated` datetime NOT NULL,
  `uid` char(36) COLLATE utf8_unicode_ci NOT NULL DEFAULT '0',
  PRIMARY KEY (`id`),
  UNIQUE KEY `craft_rackspaceaccess_connectionKey_unq_idx` (`connectionKey`)
) ENGINE=InnoDB DEFAULT CHARSET=utf8 COLLATE=utf8_unicode_ci;

DROP TABLE IF EXISTS `craft_reasons`;


--
-- Schema for table `craft_reasons`
--
CREATE TABLE `craft_reasons` (
  `id` int(11) NOT NULL AUTO_INCREMENT,
  `fieldLayoutId` int(10) DEFAULT NULL,
  `conditionals` text COLLATE utf8_unicode_ci,
  `dateCreated` datetime NOT NULL,
  `dateUpdated` datetime NOT NULL,
  `uid` char(36) COLLATE utf8_unicode_ci NOT NULL DEFAULT '0',
  PRIMARY KEY (`id`),
  KEY `craft_reasons_fieldLayoutId_fk` (`fieldLayoutId`)
) ENGINE=InnoDB AUTO_INCREMENT=5 DEFAULT CHARSET=utf8 COLLATE=utf8_unicode_ci;

--
-- Data for table `craft_reasons`
--

INSERT INTO `craft_reasons` (`id`, `fieldLayoutId`, `conditionals`, `dateCreated`, `dateUpdated`, `uid`) VALUES
 ('2', '21', '{\"10\":[[{\"fieldId\":9,\"compare\":\"==\",\"value\":\"pdf\"}]],\"11\":[[{\"fieldId\":9,\"compare\":\"==\",\"value\":\"youtube\"}],[{\"fieldId\":9,\"compare\":\"==\",\"value\":\"vimeo\"}],[{\"fieldId\":9,\"compare\":\"==\",\"value\":\"soundCloud\"}]]}', '2016-08-04 14:35:40', '2016-08-04 14:35:40', '6404ab86-e5eb-4c42-bc3b-bbe9a2095cb0'),
 ('4', '53', '{\"8\":[[{\"fieldId\":33,\"compare\":\"!=\",\"value\":\"vlog\"}]],\"35\":[[{\"fieldId\":33,\"compare\":\"==\",\"value\":\"vlog\"}]]}', '2016-08-09 15:58:16', '2016-08-09 15:58:16', 'c10aa90f-f493-4865-a469-458dc7baa57e');



DROP TABLE IF EXISTS `craft_relations`;


--
-- Schema for table `craft_relations`
--
CREATE TABLE `craft_relations` (
  `id` int(11) NOT NULL AUTO_INCREMENT,
  `fieldId` int(11) NOT NULL,
  `sourceId` int(11) NOT NULL,
  `sourceLocale` char(12) COLLATE utf8_unicode_ci DEFAULT NULL,
  `targetId` int(11) NOT NULL,
  `sortOrder` smallint(6) DEFAULT NULL,
  `dateCreated` datetime NOT NULL,
  `dateUpdated` datetime NOT NULL,
  `uid` char(36) COLLATE utf8_unicode_ci NOT NULL DEFAULT '0',
  PRIMARY KEY (`id`),
  UNIQUE KEY `craft_relations_fieldId_sourceId_sourceLocale_targetId_unq_idx` (`fieldId`,`sourceId`,`sourceLocale`,`targetId`),
  KEY `craft_relations_sourceId_fk` (`sourceId`),
  KEY `craft_relations_sourceLocale_fk` (`sourceLocale`),
  KEY `craft_relations_targetId_fk` (`targetId`)
) ENGINE=InnoDB AUTO_INCREMENT=141 DEFAULT CHARSET=utf8 COLLATE=utf8_unicode_ci;

--
-- Data for table `craft_relations`
--

INSERT INTO `craft_relations` (`id`, `fieldId`, `sourceId`, `sourceLocale`, `targetId`, `sortOrder`, `dateCreated`, `dateUpdated`, `uid`) VALUES
 ('2', '8', '10', NULL, '8', '1', '2016-08-04 14:59:43', '2016-08-04 14:59:43', '2349ce4a-d14f-42c5-bccc-8b6bfcbfe615'),
 ('4', '8', '9', NULL, '8', '1', '2016-08-04 15:00:42', '2016-08-04 15:00:42', '73233a89-ed51-46c9-94d1-b41b68293a49'),
 ('5', '8', '12', NULL, '8', '1', '2016-08-04 15:53:59', '2016-08-04 15:53:59', '6633e3f8-13e3-4d68-b56f-092364172a2e'),
 ('6', '13', '7', NULL, '14', '1', '2016-08-05 08:49:00', '2016-08-05 08:49:00', 'dfa6e4b2-4f57-4f00-92c4-c86852320d68'),
 ('7', '13', '7', NULL, '15', '2', '2016-08-05 08:49:00', '2016-08-05 08:49:00', 'f0dbdb76-927e-4fac-a7bc-764700e7d434'),
 ('9', '25', '21', NULL, '20', '1', '2016-08-05 15:12:03', '2016-08-05 15:12:03', 'f29d5930-eb1c-40ba-9af4-d1c3b2727eae'),
 ('10', '25', '23', NULL, '22', '1', '2016-08-05 15:12:29', '2016-08-05 15:12:29', 'ff9ba89a-8b04-4406-a6f4-10854df4fc66'),
 ('11', '25', '25', NULL, '24', '1', '2016-08-05 15:12:50', '2016-08-05 15:12:50', 'bd43e538-e8eb-4548-9f91-c66526f6f052'),
 ('12', '25', '27', NULL, '26', '1', '2016-08-05 15:13:31', '2016-08-05 15:13:31', 'c0f3be9e-d498-4b19-b093-469ef9569258'),
 ('13', '25', '29', NULL, '28', '1', '2016-08-05 15:17:36', '2016-08-05 15:17:36', 'aaaf6f2f-9951-4885-91be-91d025b9ce2f'),
 ('14', '25', '32', NULL, '31', '1', '2016-08-05 15:18:42', '2016-08-05 15:18:42', '4d8953d9-9987-4a08-854d-4f8cbb67c080'),
 ('15', '25', '33', NULL, '30', '1', '2016-08-05 15:19:03', '2016-08-05 15:19:03', '03e4b5bf-4435-44e4-b3d0-c61fbe7d32e0'),
 ('16', '25', '37', NULL, '34', '1', '2016-08-05 15:20:59', '2016-08-05 15:20:59', '2d95931b-685c-471b-bcfe-64ed1511785a'),
 ('17', '25', '38', NULL, '36', '1', '2016-08-05 15:21:28', '2016-08-05 15:21:28', 'de991233-06fa-48ce-9908-f5f61527a2c7'),
 ('18', '25', '39', NULL, '35', '1', '2016-08-05 15:21:37', '2016-08-05 15:21:37', 'c84ff9f2-7a80-41bb-be77-3cca9abc509b'),
 ('19', '25', '43', NULL, '42', '1', '2016-08-05 15:24:00', '2016-08-05 15:24:00', '931a88b4-61e3-4ddf-9bfc-9e44452f4c1f'),
 ('20', '25', '44', NULL, '40', '1', '2016-08-05 15:24:16', '2016-08-05 15:24:16', 'adb88d7b-da3b-40fd-9232-ff3b34cd9dcc'),
 ('21', '25', '45', NULL, '41', '1', '2016-08-05 15:24:49', '2016-08-05 15:24:49', '45905737-5b2b-4634-88b4-51e2f7132126'),
 ('22', '25', '49', NULL, '47', '1', '2016-08-05 15:26:10', '2016-08-05 15:26:10', '042ff195-b195-4e24-ac16-9856c78583e0'),
 ('23', '25', '50', NULL, '46', '1', '2016-08-05 15:26:40', '2016-08-05 15:26:40', '26a8f15f-dc03-4fea-96bd-079bdb4e045c'),
 ('24', '25', '51', NULL, '48', '1', '2016-08-05 15:27:05', '2016-08-05 15:27:05', '6258166e-f173-4d37-85cd-e9ea1fc15e75'),
 ('25', '25', '54', NULL, '53', '1', '2016-08-05 15:28:07', '2016-08-05 15:28:07', '73c5375e-d6cb-43e0-867d-c09aa552d2ed'),
 ('26', '25', '55', NULL, '52', '1', '2016-08-05 15:28:25', '2016-08-05 15:28:25', '8e4f0561-c976-4a46-96d7-7a8ce12381bc'),
 ('35', '8', '60', NULL, '58', '1', '2016-08-08 13:39:08', '2016-08-08 13:39:08', '1302ddcc-3e6b-4a05-884f-9984e26d54a5'),
 ('36', '27', '60', NULL, '61', '1', '2016-08-08 13:39:08', '2016-08-08 13:39:08', '6a12b874-f308-4bb6-b13a-635fb28b5094'),
 ('39', '8', '59', NULL, '56', '1', '2016-08-08 13:39:19', '2016-08-08 13:39:19', '126c1927-6fb7-485b-991c-43bacfc29ea9'),
 ('40', '27', '59', NULL, '63', '1', '2016-08-08 13:39:19', '2016-08-08 13:39:19', '7c4f3f7e-81df-4529-bfbd-4f8af95de325'),
 ('44', '31', '86', NULL, '65', '1', '2016-08-08 16:03:01', '2016-08-08 16:03:01', '47e9186e-7189-4d6e-8463-ea8edbcfae4a'),
 ('45', '30', '86', NULL, '76', '1', '2016-08-08 16:03:01', '2016-08-08 16:03:01', 'd06e45d8-9c9c-4346-a04d-963fc5338d9e'),
 ('47', '31', '88', NULL, '65', '1', '2016-08-08 16:03:55', '2016-08-08 16:03:55', '206fde2d-ff63-4a90-bcca-d2c2c609e282'),
 ('48', '30', '88', NULL, '79', '1', '2016-08-08 16:03:55', '2016-08-08 16:03:55', '419891db-2f0c-43c8-ba8c-974702851b54'),
 ('49', '31', '89', NULL, '65', '1', '2016-08-08 16:13:15', '2016-08-08 16:13:15', 'fbafc18b-42f9-4c37-9f49-995411ac79e7'),
 ('50', '30', '89', NULL, '84', '1', '2016-08-08 16:13:15', '2016-08-08 16:13:15', 'd7a1c569-058e-4243-bf36-14737c90d4e7'),
 ('51', '31', '90', NULL, '65', '1', '2016-08-08 16:14:39', '2016-08-08 16:14:39', '304708f9-3f70-4839-ad53-e46d396a6430'),
 ('52', '30', '90', NULL, '80', '1', '2016-08-08 16:14:39', '2016-08-08 16:14:39', '83d2cca1-cb9b-4990-bb40-87dc2798eba3'),
 ('53', '31', '91', NULL, '65', '1', '2016-08-08 16:15:29', '2016-08-08 16:15:29', '4695c51e-6604-4063-9514-31a0a587aea2'),
 ('54', '30', '91', NULL, '78', '1', '2016-08-08 16:15:29', '2016-08-08 16:15:29', 'efd5a295-70b9-4f63-9ffe-db7853a53a62'),
 ('59', '31', '93', NULL, '66', '1', '2016-08-09 08:25:06', '2016-08-09 08:25:06', '2908ba29-e707-41e5-a564-5589fa00207f'),
 ('60', '30', '93', NULL, '81', '1', '2016-08-09 08:25:06', '2016-08-09 08:25:06', 'd7f9cf8f-ea93-4a32-8e16-fe2fb4c033b6'),
 ('73', '31', '98', NULL, '66', '1', '2016-08-09 08:28:19', '2016-08-09 08:28:19', '9daaa49c-d7f7-4b15-ba94-2b74ea4c5da7'),
 ('74', '30', '98', NULL, '77', '1', '2016-08-09 08:28:19', '2016-08-09 08:28:19', 'd8ea299c-365b-4756-a926-e4b7ef8bbe27'),
 ('83', '31', '104', NULL, '67', '1', '2016-08-09 08:34:22', '2016-08-09 08:34:22', '34539b5a-f252-41bf-812f-4c24badf2d9b'),
 ('84', '30', '104', NULL, '72', '1', '2016-08-09 08:34:22', '2016-08-09 08:34:22', 'aa15b20a-efac-45c0-8ddd-2baa03a32fa7'),
 ('98', '8', '111', NULL, '56', '1', '2016-08-09 15:45:24', '2016-08-09 15:45:24', '8d3a7414-16be-40d3-b5d3-02da3beaece4'),
 ('99', '34', '111', NULL, '51', '1', '2016-08-09 15:45:24', '2016-08-09 15:45:24', 'b53ca3c5-c47b-4567-826d-602e2fd358f0'),
 ('100', '8', '109', NULL, '57', '1', '2016-08-09 15:57:36', '2016-08-09 15:57:36', 'b61c5bc5-f007-4061-88be-0d31bc0d910d'),
 ('101', '8', '110', NULL, '58', '1', '2016-08-09 15:57:41', '2016-08-09 15:57:41', '4c1172a8-8c98-4ba0-ae7c-195d60aba8bd'),
 ('102', '34', '110', NULL, '19', '1', '2016-08-09 15:57:41', '2016-08-09 15:57:41', '79ec4ae1-a4eb-4e5f-8c7a-8e0e2a3cfa32'),
 ('103', '8', '113', NULL, '112', '1', '2016-08-10 08:58:17', '2016-08-10 08:58:17', '96d77ab1-e528-484d-9bcc-006bd5080c6b'),
 ('104', '34', '113', NULL, '19', '1', '2016-08-10 08:58:17', '2016-08-10 08:58:17', '54cd05d3-c7e6-4301-bd97-6d80f1d18a27'),
 ('105', '8', '115', NULL, '112', '1', '2016-08-10 10:46:20', '2016-08-10 10:46:20', 'fad08b8c-613c-4afa-b14a-25bf7a56e325'),
 ('106', '10', '115', NULL, '114', '1', '2016-08-10 10:46:20', '2016-08-10 10:46:20', '6a4ab8af-7e29-4e5c-b592-50b410966b5a'),
 ('107', '25', '19', NULL, '18', '1', '2016-08-10 11:17:01', '2016-08-10 11:17:01', 'cc31f0fd-606b-4d25-8032-96b5a6f19bbd'),
 ('108', '8', '117', NULL, '116', '1', '2016-08-11 08:23:58', '2016-08-11 08:23:58', '37f8a281-e071-417f-9ad1-edc41e7bc930'),
 ('109', '34', '117', NULL, '55', '1', '2016-08-11 08:23:58', '2016-08-11 08:23:58', 'd1d854e1-d309-4aed-9bf1-79dc10edac4a'),
 ('110', '8', '119', NULL, '118', '1', '2016-08-11 08:25:19', '2016-08-11 08:25:19', '9a3056d7-889d-4d50-aad9-93d9fc37ffa6'),
 ('113', '31', '92', NULL, '65', '1', '2016-08-18 09:22:20', '2016-08-18 09:22:20', '3a2eb1f5-efc8-4349-9795-e5fba9145c38'),
 ('114', '30', '92', NULL, '85', '1', '2016-08-18 09:22:20', '2016-08-18 09:22:20', '2de18153-be04-4c27-9f57-889dca24efb3'),
 ('115', '31', '99', NULL, '66', '1', '2016-08-18 09:22:50', '2016-08-18 09:22:50', '9a651dd5-8bb8-48a2-a1d7-4f8d34f93acd'),
 ('116', '30', '99', NULL, '71', '1', '2016-08-18 09:22:50', '2016-08-18 09:22:50', '34a42a36-5bbc-43e6-b83f-b9e2f1309e39'),
 ('117', '31', '95', NULL, '66', '1', '2016-08-18 09:23:18', '2016-08-18 09:23:18', '56187898-c442-4469-b545-00283e2e2b86'),
 ('118', '30', '95', NULL, '70', '1', '2016-08-18 09:23:18', '2016-08-18 09:23:18', 'a58b77ca-0695-417a-97e5-823440b037aa'),
 ('119', '31', '105', NULL, '67', '1', '2016-08-18 09:23:42', '2016-08-18 09:23:42', 'f33b3ecf-c519-49c8-9edc-94fe00698098'),
 ('120', '30', '105', NULL, '82', '1', '2016-08-18 09:23:42', '2016-08-18 09:23:42', '8633a2b9-6631-4148-80ab-9fb9f2f3b604'),
 ('121', '31', '103', NULL, '67', '1', '2016-08-18 09:23:55', '2016-08-18 09:23:55', '343efb5d-c7cf-4a24-8a62-b9f98d77acb5'),
 ('122', '30', '103', NULL, '75', '1', '2016-08-18 09:23:55', '2016-08-18 09:23:55', 'a0192bf1-ecf4-435c-bd66-fe4f08566e70'),
 ('123', '31', '96', NULL, '66', '1', '2016-08-18 14:47:58', '2016-08-18 14:47:58', 'ec9c5dc9-a778-4aa3-9b0c-e6365ab1ea32'),
 ('124', '30', '96', NULL, '68', '1', '2016-08-18 14:47:58', '2016-08-18 14:47:58', 'b175bdae-5911-4fae-8780-67bce7445238'),
 ('127', '31', '97', NULL, '66', '1', '2016-08-18 14:48:49', '2016-08-18 14:48:49', '8a4bf9e1-606b-4f3d-abfd-af305ebb88fb'),
 ('128', '30', '97', NULL, '83', '1', '2016-08-18 14:48:49', '2016-08-18 14:48:49', '6afcc1d4-929d-4856-ab8e-7e234f113f06'),
 ('131', '31', '94', NULL, '66', '1', '2016-08-18 14:50:00', '2016-08-18 14:50:00', 'dfc1c3e9-fa36-4708-9b30-c54ee2115af5'),
 ('132', '30', '94', NULL, '73', '1', '2016-08-18 14:50:00', '2016-08-18 14:50:00', 'c3c717ea-fa56-4cf5-b685-0ce2948ff52d'),
 ('133', '31', '102', NULL, '67', '1', '2016-08-18 14:50:47', '2016-08-18 14:50:47', 'a239c4a4-3048-4e39-bfd7-51a481052110'),
 ('134', '30', '102', NULL, '69', '1', '2016-08-18 14:50:47', '2016-08-18 14:50:47', '30e0b9d8-03da-4821-a381-9aaf72734b4b'),
 ('137', '31', '101', NULL, '67', '1', '2016-08-18 14:52:23', '2016-08-18 14:52:23', '1e991c09-f0df-4b41-850c-cfeb22eff204'),
 ('138', '30', '101', NULL, '100', '1', '2016-08-18 14:52:23', '2016-08-18 14:52:23', '8ac58de9-36eb-4ef7-b22c-7cd3bce339e1'),
 ('139', '31', '87', NULL, '65', '1', '2016-08-23 16:38:18', '2016-08-23 16:38:18', '150e1322-5cb1-4ebb-b38b-470b4c458246'),
 ('140', '30', '87', NULL, '120', '1', '2016-08-23 16:38:18', '2016-08-23 16:38:18', 'ca4469c2-4138-424f-a44b-1924389a89ec');



DROP TABLE IF EXISTS `craft_routes`;


--
-- Schema for table `craft_routes`
--
CREATE TABLE `craft_routes` (
  `id` int(11) NOT NULL AUTO_INCREMENT,
  `locale` char(12) COLLATE utf8_unicode_ci DEFAULT NULL,
  `urlParts` varchar(255) COLLATE utf8_unicode_ci NOT NULL,
  `urlPattern` varchar(255) COLLATE utf8_unicode_ci NOT NULL,
  `template` varchar(255) COLLATE utf8_unicode_ci NOT NULL,
  `sortOrder` smallint(6) unsigned DEFAULT NULL,
  `dateCreated` datetime NOT NULL,
  `dateUpdated` datetime NOT NULL,
  `uid` char(36) COLLATE utf8_unicode_ci NOT NULL DEFAULT '0',
  PRIMARY KEY (`id`),
  UNIQUE KEY `craft_routes_urlPattern_unq_idx` (`urlPattern`),
  KEY `craft_routes_locale_idx` (`locale`)
) ENGINE=InnoDB DEFAULT CHARSET=utf8 COLLATE=utf8_unicode_ci;

DROP TABLE IF EXISTS `craft_searchindex`;


--
-- Schema for table `craft_searchindex`
--
CREATE TABLE `craft_searchindex` (
  `elementId` int(11) NOT NULL,
  `attribute` varchar(25) COLLATE utf8_unicode_ci NOT NULL,
  `fieldId` int(11) NOT NULL,
  `locale` char(12) COLLATE utf8_unicode_ci NOT NULL,
  `keywords` text COLLATE utf8_unicode_ci NOT NULL,
  PRIMARY KEY (`elementId`,`attribute`,`fieldId`,`locale`),
  FULLTEXT KEY `craft_searchindex_keywords_idx` (`keywords`)
) ENGINE=MyISAM DEFAULT CHARSET=utf8 COLLATE=utf8_unicode_ci;

--
-- Data for table `craft_searchindex`
--

INSERT INTO `craft_searchindex` (`elementId`, `attribute`, `fieldId`, `locale`, `keywords`) VALUES
 ('1', 'username', '0', 'en_gb', ' admin '),
 ('1', 'firstname', '0', 'en_gb', ''),
 ('1', 'lastname', '0', 'en_gb', ''),
 ('1', 'fullname', '0', 'en_gb', ''),
 ('1', 'email', '0', 'en_gb', ' dean c sugarrushcreative com '),
 ('1', 'slug', '0', 'en_gb', ''),
 ('109', 'field', '34', 'en_gb', ''),
 ('110', 'field', '35', 'en_gb', ''),
 ('112', 'filename', '0', 'en_gb', ' deathtostock_notstock7 jpg '),
 ('112', 'extension', '0', 'en_gb', ' jpg '),
 ('112', 'kind', '0', 'en_gb', ' image '),
 ('112', 'slug', '0', 'en_gb', ''),
 ('112', 'title', '0', 'en_gb', ' deathto stock not stock7 '),
 ('113', 'field', '1', 'en_gb', ' cum sociis natoque penatibus et magnis dis parturient montes nascetur ridiculus mus aliquam velit eros pretium at sem ut aliquam consequat erat duis mollis ultrices orci vel euismod quisque vel dolor at metus aliquet consectetur praesent at cursus sem donec sit amet suscipit lacus cras tincidunt malesuada enim nec rutrum sem scelerisque sed proin id ipsum condimentum commodo elit ut fermentum est pellentesque in lorem lectus nam sed orci at libero efficitur cursus sed quis placerat orci in sed vehicula est in consectetur lacinia erat nec consequat urna bibendum et nam condimentum lectus eget iaculis lacinia justo nulla placerat sapien eu laoreet eros dolor at tortor interdum et malesuada fames ac ante ipsum primis in faucibus fusce ut sem ac magna feugiat aliquet ac luctus leo morbi non nibh et justo interdum viverra in porta turpis at nunc porta elementum varius libero dictum '),
 ('109', 'field', '35', 'en_gb', ''),
 ('109', 'field', '1', 'en_gb', ' maecenas bibendum urna sapien mattis convallis nisi tempor vel praesent auctor ipsum non feugiat efficitur vestibulum viverra purus eget condimentum vulputate quam mauris rutrum nulla non molestie nisi quam vitae justo ut consectetur dui ullamcorper pharetra condimentum aliquam imperdiet nulla sit amet blandit luctus curabitur non bibendum nibh nulla congue nibh quam sed iaculis lorem egestas maximus maecenas libero justo eleifend euismod libero eget pulvinar aliquet ligula vivamus eget leo nulla vestibulum augue felis maximus a ipsum id luctus porta turpis nunc rhoncus venenatis quam sed maximus ut a lorem consectetur vulputate metus eu dictum mauris donec fermentum aliquam interdum nulla in orci vitae metus ornare viverra phasellus sed nisi interdum metus faucibus dictum nam porttitor porttitor sapien vestibulum ante ipsum primis in faucibus orci luctus et ultrices posuere cubilia curae vivamus consequat et nibh imperdiet feugiat donec efficitur orci eu nisl aliquet efficitur nunc nec dolor et erat porttitor sodales vestibulum massa velit tempor eu condimentum eget lobortis a ex nullam ornare vel nibh hendrerit bibendum etiam vitae est id neque lobortis gravida sit amet pharetra dui morbi tempor nunc eget ex tincidunt gravida et a ex nunc at felis sapien maecenas quis lobortis felis suspendisse ultrices eu orci id pulvinar sed sagittis arcu eget suscipit tristique donec gravida felis vestibulum enim viverra condimentum mauris eleifend luctus arcu sed vestibulum velit sodales ac '),
 ('4', 'slug', '0', 'en_gb', ''),
 ('5', 'slug', '0', 'en_gb', ''),
 ('5', 'field', '3', 'en_gb', ' https www facebook com transformation centre 7 '),
 ('4', 'field', '3', 'en_gb', ' https twitter com t_c_lisburn '),
 ('6', 'field', '3', 'en_gb', ' https vimeo com user54531083 '),
 ('6', 'slug', '0', 'en_gb', ''),
 ('7', 'slug', '0', 'en_gb', ' connect '),
 ('7', 'title', '0', 'en_gb', ' connect '),
 ('7', 'field', '7', 'en_gb', ' our mission is to be transformed to transform that is why we want to be a healthy community of holy people multiplying disciples leaders groups and churches we do that by loving god loving others and making disciples we would like you to join this vision not just another church '),
 ('7', 'field', '4', 'en_gb', ' sure maybe it doesn t look like it but you are our greatest asset you are the reason people are welcomed through the doors experience an atmosphere for worship and truly grow in community we believe that if you know jesus and you have made transformation centre your home that you are called to serve as part of the body you gifts may be the one thing someone needs to find their way home '),
 ('7', 'field', '5', 'en_gb', ' have a look below at the main ministries and fill in the form appropriately a member of the pastoral team will be in touch with you as soon as possible to discuss your involvement if your passion and area of ministry cannot be found in the list below please let us know we would love to explore with you the formation of a new ministry a list of all areas of ministry plus others please specify in a few words '),
 ('8', 'filename', '0', 'en_gb', ' stock 1 jpg '),
 ('8', 'extension', '0', 'en_gb', ' jpg '),
 ('8', 'kind', '0', 'en_gb', ' image '),
 ('8', 'slug', '0', 'en_gb', ''),
 ('8', 'title', '0', 'en_gb', ' stock 1 '),
 ('9', 'field', '8', 'en_gb', ' stock 1 '),
 ('9', 'field', '9', 'en_gb', ' soundcloud '),
 ('9', 'field', '11', 'en_gb', ' https soundcloud com tc lisburn 24716pm pastornickserb b2b howtoencountergodeveryday sermon '),
 ('9', 'field', '10', 'en_gb', ''),
 ('9', 'slug', '0', 'en_gb', ' the book of romans '),
 ('9', 'title', '0', 'en_gb', ' back to basics how to encounter god everday '),
 ('10', 'field', '8', 'en_gb', ' stock 1 '),
 ('10', 'field', '9', 'en_gb', ' soundcloud '),
 ('10', 'field', '11', 'en_gb', ' https soundcloud com tc lisburn 2016 07 24_am_liberating truth_pastor nick serb '),
 ('10', 'field', '10', 'en_gb', ''),
 ('10', 'slug', '0', 'en_gb', ' liberating truth '),
 ('10', 'title', '0', 'en_gb', ' liberating truth '),
 ('11', 'field', '8', 'en_gb', ''),
 ('11', 'field', '9', 'en_gb', ' youtube '),
 ('11', 'field', '11', 'en_gb', ' https www youtube com watch v=o2__fxd7aoy '),
 ('11', 'field', '10', 'en_gb', ''),
 ('11', 'slug', '0', 'en_gb', ' 1 session men for god conference 2015 '),
 ('11', 'title', '0', 'en_gb', ' 1 session men for god conference 2015 '),
 ('12', 'field', '8', 'en_gb', ' stock 1 '),
 ('12', 'field', '9', 'en_gb', ' soundcloud '),
 ('12', 'field', '11', 'en_gb', ' https soundcloud com tc lisburn 2016 07 10_am free at last_mr karl niblock '),
 ('12', 'field', '10', 'en_gb', ''),
 ('12', 'slug', '0', 'en_gb', ' free at last karl niblock '),
 ('12', 'title', '0', 'en_gb', ' free at last karl niblock '),
 ('13', 'field', '1', 'en_gb', ' sunday 11 00am 6 30pm wednesday prayer 7 30pm '),
 ('13', 'slug', '0', 'en_gb', ''),
 ('13', 'field', '12', 'en_gb', ' sunday 11 00 am 6 30 pm wednesday prayer 7 30 pm '),
 ('14', 'filename', '0', 'en_gb', ' connect img 1 jpg '),
 ('14', 'extension', '0', 'en_gb', ' jpg '),
 ('14', 'kind', '0', 'en_gb', ' image '),
 ('14', 'slug', '0', 'en_gb', ''),
 ('14', 'title', '0', 'en_gb', ' connect img 1 '),
 ('15', 'filename', '0', 'en_gb', ' connect img 2 jpg '),
 ('15', 'extension', '0', 'en_gb', ' jpg '),
 ('15', 'kind', '0', 'en_gb', ' image '),
 ('15', 'slug', '0', 'en_gb', ''),
 ('15', 'title', '0', 'en_gb', ' connect img 2 '),
 ('7', 'field', '13', 'en_gb', ' connect img 1 connect img 2 '),
 ('16', 'slug', '0', 'en_gb', ' new here '),
 ('16', 'title', '0', 'en_gb', ' new here '),
 ('16', 'field', '14', 'en_gb', ' what s the leadership structure the church is lead by a team of elders and deacons the role of elders is to look after the spiritual life of every believer in the church and to teach the bible they do this with a serving heart and a leader s mind the deacons look after the administrative side of the ministry offering spiritual insight into the practical life of the church nick serb is a full time paid pastor and a very much integral part of the elders team his passion for teaching and vision is reflected in his leadership what s the leadership structure the church is lead by a team of elders and deacons the role of elders is to look after the spiritual life of every believer in the church and to teach the bible they do this with a serving heart and a leader s mind the deacons look after the administrative side of the ministry offering spiritual insight into the practical life of the church nick serb is a full time paid pastor and a very much integral part of the elders team his passion for teaching and vision is reflected in his leadership what denomination is transformation centre transformation centre is part of the free methodist church family in europe we hold to awesleyan theology but above all to a biblical and orthodox heritage have a look at ourcore beliefs here link to a pdf document what are the core beliefs what denomination is transformation centre transformation centre is part of the free methodist church family in europe we hold to awesleyan theology but above all to a biblical and orthodox heritage have a look at ourcore beliefs here link to a pdf document what are the core beliefs what s the purpose vision of transformation centre our purpose statement is be transformed to transform the idea is that christ transforms us as we come to faith in jesus christ 2 cor 5 17 and as we are transformed daily romans 12 1 2 others are touched and called to transformation as we serve god here on earth we also look for our final transformation when jesus comes back to take us home phil 3 21 it is our mission to improve the well being of everyone in the community by providing for their physical mental and spiritual health we do that by introducing people to the transforming love of god our goal is to love god love others and make disciples what s the purpose vision of transformation centre our purpose statement is be transformed to transform the idea is that christ transforms us as we come to faith in jesus christ 2 cor 5 17 and as we are transformed daily romans 12 1 2 others are touched and called to transformation as we serve god here on earth we also look for our final transformation when jesus comes back to take us home phil 3 21 it is our mission to improve the well being of everyone in the community by providing for their physical mental and spiritual health we do that by introducing people to the transforming love of god our goal is to love god love others and make disciples what role does prayer have for transformation centre we believe a church is lead from the prayer room not the board room this means that everything we do stands because of prayer we emphasise a strong personal life of prayer but also a united corporate prayer ministry to us prayer is as vital as breathing on wednesday night you can expect to come and simply spend time with god pray out loud if you wish and have others pray for you if you have a need prayer is where everything starts because being christians is having a personal encounter with god what role does prayer have for transformation centre we believe a church is lead from the prayer room not the board room this means that everything we do stands because of prayer we emphasise a strong personal life of prayer but also a united corporate prayer ministry to us prayer is as vital as breathing on wednesday night you can expect to come and simply spend time with god pray out loud if you wish and have others pray for you if you have a need prayer is where everything starts because being christians is having a personal encounter with god how can i get involved first of all we want to invite all people to know jesus as their lord and personal saviour as we can to this saving faith we want to encourage and equip believers to serve god according to their passion and gifts have a look at out connect page and see if there is anything that matches your passion we are also looking to see people starting new things and serving god in new ways go to join us page fill in the form and we will get in touch with you as soon as possible how can i get involved first of all we want to invite all people to know jesus as their lord and personal saviour as we can to this saving faith we want to encourage and equip believers to serve god according to their passion and gifts have a look at out connect page and see if there is anything that matches your passion we are also looking to see people starting new things and serving god in new ways go to join us page fill in the form and we will get in touch with you as soon as possible '),
 ('16', 'field', '15', 'en_gb', ' welcome to transformation centre former mount zion the church started around 30 years ago when a group of sincere believers sought to meet for fellowship and bible study it was their desire from the beginning to be real and honest about their faith now the church has a growing congregation built on the same principles of real and honest christianity our purpose is to make disciples who glorify christ in all things we want to be as biblical as possible in doctrine and practice i hope we can be a blessing to you as you browse this site '),
 ('16', 'field', '16', 'en_gb', ' on sunday mornings we meet for worship and praise the children have a time of singing and prayer then there is preaching usually pastor nick serb preaches but sometimes we have other elders or guest speakers the preaching is conversational passionate and simple on sunday evenings we usually have a time of sharing when people talk about their experiences with god or whatever they struggle with followed by a bible study on wednesdays we meet to pray together and minister to one another '),
 ('16', 'field', '17', 'en_gb', ' sunday services are at 11 00 am and 6 30 pm the prayer time on wednesday is at 7 30 pm for other events and times please look at our events page and connect page '),
 ('16', 'field', '18', 'en_gb', ' we know visiting a new church for the first time can be a bit overwhelming here at transformation centre we have intentionally built a culture that is casual and friendly where you can truly be yourself we are a very informal and family friendly church the music combines both familiar and not so familiar songs lead from the front by a team of musicians the preaching is most of the time dynamic and conversational where people are free to ask questions join in and become part of the service '),
 ('16', 'field', '19', 'en_gb', ' the best way to connect with us is to become part of the various ministries that take place in the church getting to know the people joining in our fellowship lunches and informal worship times if you like sport we organise nights of football and volleyball we would love the chance to know you better over a cup of coffee or tea find out more on our connect page '),
 ('17', 'slug', '0', 'en_gb', ' about '),
 ('17', 'title', '0', 'en_gb', ' about us '),
 ('17', 'field', '1', 'en_gb', ' we are a community church which started around 40 years ago when a group of sincere believers sought to meet for fellowship and bible study in lisburn northern ireland from the beginning their desire was to be real and honest about their faith now the church has a growing congregation built on the same principle of real and honest christianity as a community our purpose is to be transformed so others can know the transforming love of jesus we believe the gospel of jesus christ the good news is what transforms us our vision is to improve the well being of everyone in our community and to provide for their physical mental and spiritual health we believe in the transformational power of god therefore we believe that god can transform anyone no matter how sinful they think they are we are an informal church and building relationships with people is very important to us we want to get to know people and help where possible loving god loving others and making disciples sums up all that we do what to expect on sunday mornings we meet for worship and praise the children have a time of singing and prayer and then there is preaching usually pastor nick serb preaches but sometimes we have other elders or guest speakers the preaching is conversational passionate and simple on sunday evenings we usually have a time of sharing when people talk about their experiences with god or whatever they struggle with followed by a bible study on wednesdays we meet to pray together and minister to one another we are a very informal and family friendly church we like to think we are friendly and loving and we are doing our best to welcome everyone the music combines both the old and the contemporary lead from the front by a team of musicians the preaching is dynamic and people are free to ask questions join in and become part of the service '),
 ('18', 'filename', '0', 'en_gb', ' nick serb jpg '),
 ('18', 'extension', '0', 'en_gb', ' jpg '),
 ('18', 'kind', '0', 'en_gb', ' image '),
 ('18', 'slug', '0', 'en_gb', ''),
 ('18', 'title', '0', 'en_gb', ' nick serb '),
 ('19', 'field', '21', 'en_gb', ' pastor '),
 ('19', 'field', '25', 'en_gb', ' nick serb '),
 ('19', 'field', '24', 'en_gb', ' nick transformationcentre co uk '),
 ('19', 'field', '23', 'en_gb', ' https www facebook com transformation centre 7 '),
 ('19', 'field', '22', 'en_gb', ' https twitter com t_c_lisburn '),
 ('19', 'slug', '0', 'en_gb', ' nick serb '),
 ('19', 'title', '0', 'en_gb', ' nick serb '),
 ('20', 'filename', '0', 'en_gb', ' andy irwin jpg '),
 ('20', 'extension', '0', 'en_gb', ' jpg '),
 ('20', 'kind', '0', 'en_gb', ' image '),
 ('20', 'slug', '0', 'en_gb', ''),
 ('20', 'title', '0', 'en_gb', ' andy irwin '),
 ('21', 'field', '21', 'en_gb', ' tbc '),
 ('21', 'field', '25', 'en_gb', ' andy irwin ');
INSERT INTO `craft_searchindex` (`elementId`, `attribute`, `fieldId`, `locale`, `keywords`) VALUES
 ('21', 'field', '24', 'en_gb', ''),
 ('21', 'field', '23', 'en_gb', ''),
 ('21', 'field', '22', 'en_gb', ''),
 ('21', 'slug', '0', 'en_gb', ' andy irwin '),
 ('21', 'title', '0', 'en_gb', ' andy irwin '),
 ('22', 'filename', '0', 'en_gb', ' norman moore jpg '),
 ('22', 'extension', '0', 'en_gb', ' jpg '),
 ('22', 'kind', '0', 'en_gb', ' image '),
 ('22', 'slug', '0', 'en_gb', ''),
 ('22', 'title', '0', 'en_gb', ' norman moore '),
 ('23', 'field', '21', 'en_gb', ' tbc '),
 ('23', 'field', '25', 'en_gb', ' norman moore '),
 ('23', 'field', '24', 'en_gb', ''),
 ('23', 'field', '23', 'en_gb', ''),
 ('23', 'field', '22', 'en_gb', ''),
 ('23', 'slug', '0', 'en_gb', ' norman moore '),
 ('23', 'title', '0', 'en_gb', ' norman moore '),
 ('24', 'filename', '0', 'en_gb', ' jll bird jpg '),
 ('24', 'extension', '0', 'en_gb', ' jpg '),
 ('24', 'kind', '0', 'en_gb', ' image '),
 ('24', 'slug', '0', 'en_gb', ''),
 ('24', 'title', '0', 'en_gb', ' jll bird '),
 ('25', 'field', '21', 'en_gb', ' deaconess '),
 ('25', 'field', '25', 'en_gb', ' jll bird '),
 ('25', 'field', '24', 'en_gb', ''),
 ('25', 'field', '23', 'en_gb', ''),
 ('25', 'field', '22', 'en_gb', ''),
 ('25', 'slug', '0', 'en_gb', ' jill bird '),
 ('25', 'title', '0', 'en_gb', ' jill bird '),
 ('26', 'filename', '0', 'en_gb', ' jim bell jpg '),
 ('26', 'extension', '0', 'en_gb', ' jpg '),
 ('26', 'kind', '0', 'en_gb', ' image '),
 ('26', 'slug', '0', 'en_gb', ''),
 ('26', 'title', '0', 'en_gb', ' jim bell '),
 ('27', 'field', '21', 'en_gb', ' deacon '),
 ('27', 'field', '25', 'en_gb', ' jim bell '),
 ('27', 'field', '24', 'en_gb', ''),
 ('27', 'field', '23', 'en_gb', ''),
 ('27', 'field', '22', 'en_gb', ''),
 ('27', 'slug', '0', 'en_gb', ' jim bell '),
 ('27', 'title', '0', 'en_gb', ' jim bell '),
 ('28', 'filename', '0', 'en_gb', ' clifford irwin jpg '),
 ('28', 'extension', '0', 'en_gb', ' jpg '),
 ('28', 'kind', '0', 'en_gb', ' image '),
 ('28', 'slug', '0', 'en_gb', ''),
 ('28', 'title', '0', 'en_gb', ' clifford irwin '),
 ('29', 'field', '21', 'en_gb', ' deacon '),
 ('29', 'field', '25', 'en_gb', ' clifford irwin '),
 ('29', 'field', '24', 'en_gb', ''),
 ('29', 'field', '23', 'en_gb', ''),
 ('29', 'field', '22', 'en_gb', ''),
 ('29', 'slug', '0', 'en_gb', ' clifford irwin '),
 ('29', 'title', '0', 'en_gb', ' clifford irwin '),
 ('30', 'filename', '0', 'en_gb', ' paul dubei jpg '),
 ('30', 'extension', '0', 'en_gb', ' jpg '),
 ('30', 'kind', '0', 'en_gb', ' image '),
 ('30', 'slug', '0', 'en_gb', ''),
 ('30', 'title', '0', 'en_gb', ' paul dubei '),
 ('31', 'filename', '0', 'en_gb', ' peter havenaar jpg '),
 ('31', 'extension', '0', 'en_gb', ' jpg '),
 ('31', 'kind', '0', 'en_gb', ' image '),
 ('31', 'slug', '0', 'en_gb', ''),
 ('31', 'title', '0', 'en_gb', ' peter havenaar '),
 ('32', 'field', '21', 'en_gb', ' deacon '),
 ('32', 'field', '25', 'en_gb', ' peter havenaar '),
 ('32', 'field', '24', 'en_gb', ''),
 ('32', 'field', '23', 'en_gb', ''),
 ('32', 'field', '22', 'en_gb', ''),
 ('32', 'slug', '0', 'en_gb', ' peter havenaar '),
 ('32', 'title', '0', 'en_gb', ' peter havenaar '),
 ('33', 'field', '21', 'en_gb', ' deacon '),
 ('33', 'field', '25', 'en_gb', ' paul dubei '),
 ('33', 'field', '24', 'en_gb', ''),
 ('33', 'field', '23', 'en_gb', ''),
 ('33', 'field', '22', 'en_gb', ''),
 ('33', 'slug', '0', 'en_gb', ' paul debei '),
 ('33', 'title', '0', 'en_gb', ' paul debei '),
 ('34', 'filename', '0', 'en_gb', ' norman wright jpg '),
 ('34', 'extension', '0', 'en_gb', ' jpg '),
 ('34', 'kind', '0', 'en_gb', ' image '),
 ('34', 'slug', '0', 'en_gb', ''),
 ('34', 'title', '0', 'en_gb', ' norman wright '),
 ('35', 'filename', '0', 'en_gb', ' stephen megrath jpg '),
 ('35', 'extension', '0', 'en_gb', ' jpg '),
 ('35', 'kind', '0', 'en_gb', ' image '),
 ('35', 'slug', '0', 'en_gb', ''),
 ('35', 'title', '0', 'en_gb', ' stephen megrath '),
 ('36', 'filename', '0', 'en_gb', ' victor irwin jpg '),
 ('36', 'extension', '0', 'en_gb', ' jpg '),
 ('36', 'kind', '0', 'en_gb', ' image '),
 ('36', 'slug', '0', 'en_gb', ''),
 ('36', 'title', '0', 'en_gb', ' victor irwin '),
 ('37', 'field', '21', 'en_gb', ' deacon '),
 ('37', 'field', '25', 'en_gb', ' norman wright '),
 ('37', 'field', '24', 'en_gb', ''),
 ('37', 'field', '23', 'en_gb', ''),
 ('37', 'field', '22', 'en_gb', ''),
 ('37', 'slug', '0', 'en_gb', ' norman wright '),
 ('37', 'title', '0', 'en_gb', ' norman wright '),
 ('38', 'field', '21', 'en_gb', ' deacon ');
INSERT INTO `craft_searchindex` (`elementId`, `attribute`, `fieldId`, `locale`, `keywords`) VALUES
 ('38', 'field', '25', 'en_gb', ' victor irwin '),
 ('38', 'field', '24', 'en_gb', ''),
 ('38', 'field', '23', 'en_gb', ''),
 ('38', 'field', '22', 'en_gb', ''),
 ('38', 'slug', '0', 'en_gb', ' victor irwin '),
 ('38', 'title', '0', 'en_gb', ' victor irwin '),
 ('39', 'field', '21', 'en_gb', ' deacon '),
 ('39', 'field', '25', 'en_gb', ' stephen megrath '),
 ('39', 'field', '24', 'en_gb', ''),
 ('39', 'field', '23', 'en_gb', ''),
 ('39', 'field', '22', 'en_gb', ''),
 ('39', 'slug', '0', 'en_gb', ' stephen megrath '),
 ('39', 'title', '0', 'en_gb', ' stephen megrath '),
 ('40', 'filename', '0', 'en_gb', ' care and counsel harmony kennedy jpg '),
 ('40', 'extension', '0', 'en_gb', ' jpg '),
 ('40', 'kind', '0', 'en_gb', ' image '),
 ('40', 'slug', '0', 'en_gb', ''),
 ('40', 'title', '0', 'en_gb', ' care and counsel harmony kennedy '),
 ('41', 'filename', '0', 'en_gb', ' impact youth nathan jpg '),
 ('41', 'extension', '0', 'en_gb', ' jpg '),
 ('41', 'kind', '0', 'en_gb', ' image '),
 ('41', 'slug', '0', 'en_gb', ''),
 ('41', 'title', '0', 'en_gb', ' impact youth nathan '),
 ('42', 'filename', '0', 'en_gb', ' pa to pastor nick serb derek bird jpg '),
 ('42', 'extension', '0', 'en_gb', ' jpg '),
 ('42', 'kind', '0', 'en_gb', ' image '),
 ('42', 'slug', '0', 'en_gb', ''),
 ('42', 'title', '0', 'en_gb', ' pa to pastor nick serb derek bird '),
 ('43', 'field', '21', 'en_gb', ' pa to pastor nick serb '),
 ('43', 'field', '25', 'en_gb', ' pa to pastor nick serb derek bird '),
 ('43', 'field', '24', 'en_gb', ''),
 ('43', 'field', '23', 'en_gb', ''),
 ('43', 'field', '22', 'en_gb', ''),
 ('43', 'slug', '0', 'en_gb', ' derek bird '),
 ('43', 'title', '0', 'en_gb', ' derek bird '),
 ('44', 'field', '21', 'en_gb', ' care and counsel '),
 ('44', 'field', '25', 'en_gb', ' care and counsel harmony kennedy '),
 ('44', 'field', '24', 'en_gb', ''),
 ('44', 'field', '23', 'en_gb', ''),
 ('44', 'field', '22', 'en_gb', ''),
 ('44', 'slug', '0', 'en_gb', ' harmony kennedy '),
 ('44', 'title', '0', 'en_gb', ' harmony kennedy '),
 ('45', 'field', '21', 'en_gb', ' impact youth '),
 ('45', 'field', '25', 'en_gb', ' impact youth nathan '),
 ('45', 'field', '24', 'en_gb', ''),
 ('45', 'field', '23', 'en_gb', ''),
 ('45', 'field', '22', 'en_gb', ''),
 ('45', 'slug', '0', 'en_gb', ' nathan ivonici '),
 ('45', 'title', '0', 'en_gb', ' nathan ivonici '),
 ('46', 'filename', '0', 'en_gb', ' education works kerri pinkerton jpg '),
 ('46', 'extension', '0', 'en_gb', ' jpg '),
 ('46', 'kind', '0', 'en_gb', ' image '),
 ('46', 'slug', '0', 'en_gb', ''),
 ('46', 'title', '0', 'en_gb', ' education works kerri pinkerton '),
 ('47', 'filename', '0', 'en_gb', ' family support cathal cullen jpg '),
 ('47', 'extension', '0', 'en_gb', ' jpg '),
 ('47', 'kind', '0', 'en_gb', ' image '),
 ('47', 'slug', '0', 'en_gb', ''),
 ('47', 'title', '0', 'en_gb', ' family support cathal cullen '),
 ('48', 'filename', '0', 'en_gb', ' music matters mark ferguson jpg '),
 ('48', 'extension', '0', 'en_gb', ' jpg '),
 ('48', 'kind', '0', 'en_gb', ' image '),
 ('48', 'slug', '0', 'en_gb', ''),
 ('48', 'title', '0', 'en_gb', ' music matters mark ferguson '),
 ('49', 'field', '21', 'en_gb', ' family support '),
 ('49', 'field', '25', 'en_gb', ' family support cathal cullen '),
 ('49', 'field', '24', 'en_gb', ''),
 ('49', 'field', '23', 'en_gb', ''),
 ('49', 'field', '22', 'en_gb', ''),
 ('49', 'slug', '0', 'en_gb', ' cathal cullen '),
 ('49', 'title', '0', 'en_gb', ' cathal cullen '),
 ('50', 'field', '21', 'en_gb', ' education works '),
 ('50', 'field', '25', 'en_gb', ' education works kerri pinkerton '),
 ('50', 'field', '24', 'en_gb', ''),
 ('50', 'field', '23', 'en_gb', ''),
 ('50', 'field', '22', 'en_gb', ''),
 ('50', 'slug', '0', 'en_gb', ' kerry pinkerton '),
 ('50', 'title', '0', 'en_gb', ' kerry pinkerton '),
 ('51', 'field', '21', 'en_gb', ' music matters '),
 ('51', 'field', '25', 'en_gb', ' music matters mark ferguson '),
 ('51', 'field', '24', 'en_gb', ''),
 ('51', 'field', '23', 'en_gb', ''),
 ('51', 'field', '22', 'en_gb', ''),
 ('51', 'slug', '0', 'en_gb', ' mark ferguson '),
 ('51', 'title', '0', 'en_gb', ' mark ferguson '),
 ('52', 'filename', '0', 'en_gb', ' kidsforgod ruth connolly jpg '),
 ('52', 'extension', '0', 'en_gb', ' jpg '),
 ('52', 'kind', '0', 'en_gb', ' image '),
 ('52', 'slug', '0', 'en_gb', ''),
 ('52', 'title', '0', 'en_gb', ' kidsfor god ruth connolly '),
 ('53', 'filename', '0', 'en_gb', ' missions irene cummings jpg '),
 ('53', 'extension', '0', 'en_gb', ' jpg '),
 ('53', 'kind', '0', 'en_gb', ' image '),
 ('53', 'slug', '0', 'en_gb', ''),
 ('53', 'title', '0', 'en_gb', ' missions irene cummings '),
 ('54', 'field', '21', 'en_gb', ' missions '),
 ('54', 'field', '25', 'en_gb', ' missions irene cummings '),
 ('54', 'field', '24', 'en_gb', ''),
 ('54', 'field', '23', 'en_gb', ''),
 ('54', 'field', '22', 'en_gb', '');
INSERT INTO `craft_searchindex` (`elementId`, `attribute`, `fieldId`, `locale`, `keywords`) VALUES
 ('54', 'slug', '0', 'en_gb', ' irene cummings '),
 ('54', 'title', '0', 'en_gb', ' irene cummings '),
 ('55', 'field', '21', 'en_gb', ' kids for god '),
 ('55', 'field', '25', 'en_gb', ' kidsfor god ruth connolly '),
 ('55', 'field', '24', 'en_gb', ''),
 ('55', 'field', '23', 'en_gb', ''),
 ('55', 'field', '22', 'en_gb', ''),
 ('55', 'slug', '0', 'en_gb', ' ruth connolly '),
 ('55', 'title', '0', 'en_gb', ' ruth connolly '),
 ('56', 'filename', '0', 'en_gb', ' deathtostock_energyandserenity2 jpg '),
 ('56', 'extension', '0', 'en_gb', ' jpg '),
 ('56', 'kind', '0', 'en_gb', ' image '),
 ('56', 'slug', '0', 'en_gb', ''),
 ('56', 'title', '0', 'en_gb', ' deathto stock energyand serenity2 '),
 ('57', 'filename', '0', 'en_gb', ' dscf7252 jpg '),
 ('57', 'extension', '0', 'en_gb', ' jpg '),
 ('57', 'kind', '0', 'en_gb', ' image '),
 ('57', 'slug', '0', 'en_gb', ''),
 ('57', 'title', '0', 'en_gb', ' dscf7252 '),
 ('58', 'filename', '0', 'en_gb', ' death_to_stock_photography_weekend_work 10 of 10 jpg '),
 ('58', 'extension', '0', 'en_gb', ' jpg '),
 ('58', 'kind', '0', 'en_gb', ' image '),
 ('58', 'slug', '0', 'en_gb', ''),
 ('58', 'title', '0', 'en_gb', ' death to stock photography weekend work 10 of 10 '),
 ('59', 'field', '8', 'en_gb', ' deathto stock energyand serenity2 '),
 ('59', 'field', '1', 'en_gb', ''),
 ('59', 'field', '3', 'en_gb', ''),
 ('59', 'slug', '0', 'en_gb', ' maecenas nisi risus mollis sed ligula '),
 ('59', 'title', '0', 'en_gb', ' maecenas nisi risus mollis sed ligula '),
 ('59', 'field', '26', 'en_gb', ' vestibulum sodales et dui placerat feugiat etiam vitae purus aliquam pretium urna ut elementum leo pellentesque et libero suscipit luctus metus sed blandit leo class aptent taciti sociosqu ad litora torquent per conubia nostra per inceptos himenaeos donec at lorem volutpat blandit arcu a venenatis magna morbi quis erat ligula sed tempor turpis tellus non finibus ex condimentum at pellentesque congue diam non metus consectetur ut fringilla ex commodo donec quis nulla ac tortor convallis interdum '),
 ('59', 'field', '27', 'en_gb', ' youth for god '),
 ('59', 'field', '28', 'en_gb', ' http sugarrushcreative com '),
 ('60', 'field', '8', 'en_gb', ' death to stock photography weekend work 10 of 10 '),
 ('60', 'field', '26', 'en_gb', ' sed quis purus sit amet mauris tincidunt mattis congue vel risus donec vel lacinia dolor porttitor pellentesque purus donec ornare luctus orci a tempus sed tincidunt blandit urna euismod posuere nulla laoreet nibh sit amet tellus rhoncus ac maximus urna commodo quisque eleifend urna eget ante ullamcorper efficitur nullam quis augue metus nam ut hendrerit ligula at fermentum odio pellentesque imperdiet est turpis sit amet convallis turpis faucibus eget pellentesque id ex in nisi luctus placerat '),
 ('60', 'field', '27', 'en_gb', ' men for god '),
 ('60', 'field', '28', 'en_gb', ''),
 ('60', 'slug', '0', 'en_gb', ' nulla laoreet nibh sit amet '),
 ('60', 'title', '0', 'en_gb', ' nulla laoreet nibh sit amet '),
 ('61', 'slug', '0', 'en_gb', ' men for god '),
 ('61', 'title', '0', 'en_gb', ' men for god '),
 ('62', 'slug', '0', 'en_gb', ' women for god '),
 ('62', 'title', '0', 'en_gb', ' women for god '),
 ('63', 'slug', '0', 'en_gb', ' youth for god '),
 ('63', 'title', '0', 'en_gb', ' youth for god '),
 ('64', 'slug', '0', 'en_gb', ' kids for god '),
 ('64', 'title', '0', 'en_gb', ' kids for god '),
 ('60', 'field', '29', 'en_gb', ' 2016 08 12 '),
 ('59', 'field', '29', 'en_gb', ' 2016 08 16 '),
 ('65', 'slug', '0', 'en_gb', ' church '),
 ('65', 'title', '0', 'en_gb', ' church '),
 ('66', 'slug', '0', 'en_gb', ' community '),
 ('66', 'title', '0', 'en_gb', ' community '),
 ('67', 'slug', '0', 'en_gb', ' care '),
 ('67', 'title', '0', 'en_gb', ' care '),
 ('68', 'filename', '0', 'en_gb', ' creativity works png '),
 ('68', 'extension', '0', 'en_gb', ' png '),
 ('68', 'kind', '0', 'en_gb', ' image '),
 ('68', 'slug', '0', 'en_gb', ''),
 ('68', 'title', '0', 'en_gb', ' creativity works '),
 ('69', 'filename', '0', 'en_gb', ' discipleship works png '),
 ('69', 'extension', '0', 'en_gb', ' png '),
 ('69', 'kind', '0', 'en_gb', ' image '),
 ('69', 'slug', '0', 'en_gb', ''),
 ('69', 'title', '0', 'en_gb', ' discipleship works '),
 ('70', 'filename', '0', 'en_gb', ' education works png '),
 ('70', 'extension', '0', 'en_gb', ' png '),
 ('70', 'kind', '0', 'en_gb', ' image '),
 ('70', 'slug', '0', 'en_gb', ''),
 ('70', 'title', '0', 'en_gb', ' education works '),
 ('71', 'filename', '0', 'en_gb', ' family support png '),
 ('71', 'extension', '0', 'en_gb', ' png '),
 ('71', 'kind', '0', 'en_gb', ' image '),
 ('71', 'slug', '0', 'en_gb', ''),
 ('71', 'title', '0', 'en_gb', ' family support '),
 ('72', 'filename', '0', 'en_gb', ' friendship works png '),
 ('72', 'extension', '0', 'en_gb', ' png '),
 ('72', 'kind', '0', 'en_gb', ' image '),
 ('72', 'slug', '0', 'en_gb', ''),
 ('72', 'title', '0', 'en_gb', ' friendship works '),
 ('73', 'filename', '0', 'en_gb', ' higher ground png '),
 ('73', 'extension', '0', 'en_gb', ' png '),
 ('73', 'kind', '0', 'en_gb', ' image '),
 ('73', 'slug', '0', 'en_gb', ''),
 ('73', 'title', '0', 'en_gb', ' higher ground '),
 ('74', 'filename', '0', 'en_gb', ' impact ministries png '),
 ('74', 'extension', '0', 'en_gb', ' png '),
 ('74', 'kind', '0', 'en_gb', ' image '),
 ('74', 'slug', '0', 'en_gb', ''),
 ('74', 'title', '0', 'en_gb', ' impact ministries '),
 ('75', 'filename', '0', 'en_gb', ' inclusion works png '),
 ('75', 'extension', '0', 'en_gb', ' png '),
 ('75', 'kind', '0', 'en_gb', ' image '),
 ('75', 'slug', '0', 'en_gb', ''),
 ('75', 'title', '0', 'en_gb', ' inclusion works '),
 ('76', 'filename', '0', 'en_gb', ' kids for god png '),
 ('76', 'extension', '0', 'en_gb', ' png '),
 ('76', 'kind', '0', 'en_gb', ' image '),
 ('76', 'slug', '0', 'en_gb', ''),
 ('76', 'title', '0', 'en_gb', ' kids for god '),
 ('77', 'filename', '0', 'en_gb', ' leadership works png ');
INSERT INTO `craft_searchindex` (`elementId`, `attribute`, `fieldId`, `locale`, `keywords`) VALUES
 ('77', 'extension', '0', 'en_gb', ' png '),
 ('77', 'kind', '0', 'en_gb', ' image '),
 ('77', 'slug', '0', 'en_gb', ''),
 ('77', 'title', '0', 'en_gb', ' leadership works '),
 ('78', 'filename', '0', 'en_gb', ' media works png '),
 ('78', 'extension', '0', 'en_gb', ' png '),
 ('78', 'kind', '0', 'en_gb', ' image '),
 ('78', 'slug', '0', 'en_gb', ''),
 ('78', 'title', '0', 'en_gb', ' media works '),
 ('79', 'filename', '0', 'en_gb', ' men for god png '),
 ('79', 'extension', '0', 'en_gb', ' png '),
 ('79', 'kind', '0', 'en_gb', ' image '),
 ('79', 'slug', '0', 'en_gb', ''),
 ('79', 'title', '0', 'en_gb', ' men for god '),
 ('80', 'filename', '0', 'en_gb', ' music works png '),
 ('80', 'extension', '0', 'en_gb', ' png '),
 ('80', 'kind', '0', 'en_gb', ' image '),
 ('80', 'slug', '0', 'en_gb', ''),
 ('80', 'title', '0', 'en_gb', ' music works '),
 ('81', 'filename', '0', 'en_gb', ' prayer works png '),
 ('81', 'extension', '0', 'en_gb', ' png '),
 ('81', 'kind', '0', 'en_gb', ' image '),
 ('81', 'slug', '0', 'en_gb', ''),
 ('81', 'title', '0', 'en_gb', ' prayer works '),
 ('82', 'filename', '0', 'en_gb', ' sheltered housing png '),
 ('82', 'extension', '0', 'en_gb', ' png '),
 ('82', 'kind', '0', 'en_gb', ' image '),
 ('82', 'slug', '0', 'en_gb', ''),
 ('82', 'title', '0', 'en_gb', ' sheltered housing '),
 ('83', 'filename', '0', 'en_gb', ' sport works png '),
 ('83', 'extension', '0', 'en_gb', ' png '),
 ('83', 'kind', '0', 'en_gb', ' image '),
 ('83', 'slug', '0', 'en_gb', ''),
 ('83', 'title', '0', 'en_gb', ' sport works '),
 ('84', 'filename', '0', 'en_gb', ' women for god png '),
 ('84', 'extension', '0', 'en_gb', ' png '),
 ('84', 'kind', '0', 'en_gb', ' image '),
 ('84', 'slug', '0', 'en_gb', ''),
 ('84', 'title', '0', 'en_gb', ' women for god '),
 ('85', 'filename', '0', 'en_gb', ' church planting png '),
 ('85', 'extension', '0', 'en_gb', ' png '),
 ('85', 'kind', '0', 'en_gb', ' image '),
 ('85', 'slug', '0', 'en_gb', ''),
 ('85', 'title', '0', 'en_gb', ' church planting '),
 ('86', 'field', '12', 'en_gb', ' this is a ministry to children children church takes place during the morning service on sundays children are taught in an age appropriate environment from nursery age to year 1 in high school kid zone takes place on a friday night where children can have some fun and learn about god '),
 ('86', 'field', '31', 'en_gb', ' church '),
 ('86', 'field', '30', 'en_gb', ' kids for god '),
 ('86', 'slug', '0', 'en_gb', ' kids for god '),
 ('86', 'title', '0', 'en_gb', ' kids for god '),
 ('87', 'field', '12', 'en_gb', ' impact is a ministry to teens youth and young adults it reaches out to those who are not usually represented by traditional ministries it has a mission emphasis by purposely reaching out to young people of all ages in the community creating a safe environment away from any harmful influences some parts of this project are still being developed '),
 ('87', 'field', '31', 'en_gb', ' church '),
 ('87', 'field', '30', 'en_gb', ' youth for god '),
 ('87', 'slug', '0', 'en_gb', ' youth for god '),
 ('87', 'title', '0', 'en_gb', ' youth for god '),
 ('86', 'field', '32', 'en_gb', ' this is a ministry to children children church takes place during the morning service on sundays children are taught in an age appropriate environment from nursery age to year 1 in high school kid zone takes place on a friday night where children can have some fun and learn about god '),
 ('87', 'field', '32', 'en_gb', ' youth for god reaches out to younger people in our community especially those who are not usually represented by traditional ministries it has a mission emphasis by purposely reaching out to young people of all ages in the community creating a safe environment away from any harmful influences '),
 ('88', 'field', '32', 'en_gb', ' the purpose for this ministry is to revive the men of ireland the men meet every other monday night for discipleship and fellowship there are annual conferences and retreats which enable men to grow together in their faith for more details visit www menforgod co uk '),
 ('88', 'field', '31', 'en_gb', ' church '),
 ('88', 'field', '30', 'en_gb', ' men for god '),
 ('88', 'slug', '0', 'en_gb', ' men for god '),
 ('88', 'title', '0', 'en_gb', ' men for god '),
 ('89', 'field', '32', 'en_gb', ' the purpose for this ministry us to create an environment for women to support one another and learn together how to grow in faith the women meed every other monday night for a bible study discussing and good fun and fellowship there are also conferences organised with topics related to women for more details visit www womenforgod co uk '),
 ('89', 'field', '31', 'en_gb', ' church '),
 ('89', 'field', '30', 'en_gb', ' women for god '),
 ('89', 'slug', '0', 'en_gb', ' women for god '),
 ('89', 'title', '0', 'en_gb', ' women for god '),
 ('90', 'field', '32', 'en_gb', ' our music ministry is developed to encourage the church to worship and not just sing songs we want to encourage all those with a gift and a desire for singing to get involved and grow in their gifts the music team meets every first saturday in the month for fellowship rehearsal and practical workshops for different instruments '),
 ('90', 'field', '31', 'en_gb', ' church '),
 ('90', 'field', '30', 'en_gb', ' music works '),
 ('90', 'slug', '0', 'en_gb', ' music works '),
 ('90', 'title', '0', 'en_gb', ' music works '),
 ('91', 'field', '32', 'en_gb', ' this is a ministry that takes the message of transformation through the power of the gospel and creatively spreads it through the internet and the social media the media team is developing ways in which we can communicate with the world audio and video and share the transforming love of god '),
 ('91', 'field', '31', 'en_gb', ' church '),
 ('91', 'field', '30', 'en_gb', ' media works '),
 ('91', 'slug', '0', 'en_gb', ' media works '),
 ('91', 'title', '0', 'en_gb', ' media works '),
 ('92', 'field', '32', 'en_gb', ' it is all about spreading the good news of jesus christ and taking this gospel to places that are in need this means locally and all over the world we aim at preparing and training church planters who are ready to pioneer church plants in ireland north and south and beyond '),
 ('92', 'field', '31', 'en_gb', ' church '),
 ('92', 'field', '30', 'en_gb', ' church planting '),
 ('92', 'slug', '0', 'en_gb', ' church planting '),
 ('92', 'title', '0', 'en_gb', ' church planting '),
 ('93', 'field', '32', 'en_gb', ' prayer is the power engine of everything we do we meet regularly on wednesdays to pray for one another for the church and for the community we believe that prayer works therefore we pray for the sick and the needy we want to offer prayer to all those in need of prayer support for how that works please visit www prayerworks co uk '),
 ('93', 'field', '31', 'en_gb', ' community '),
 ('93', 'field', '30', 'en_gb', ' prayer works '),
 ('93', 'slug', '0', 'en_gb', ' prayer works '),
 ('93', 'title', '0', 'en_gb', ' prayer works '),
 ('94', 'field', '32', 'en_gb', ' we want to provide a community space where people can enjoy healthy food with quality coffee and tea we value the building of healthy relationships and community integration for all people higher ground has operated before as a coffee shop in gregg street '),
 ('94', 'field', '31', 'en_gb', ' community '),
 ('94', 'field', '30', 'en_gb', ' higher ground '),
 ('94', 'slug', '0', 'en_gb', ' higher ground '),
 ('94', 'title', '0', 'en_gb', ' higher ground '),
 ('95', 'field', '32', 'en_gb', ' this is a project that supports primary and secondary school children with their reading and writing skills it also develops courses for the elderly on basic skills computer and internet basic skills our centre is equipped with a computer room we value good education and support for all people to achieve and do better in their education '),
 ('95', 'field', '31', 'en_gb', ' community '),
 ('95', 'field', '30', 'en_gb', ' education works '),
 ('95', 'slug', '0', 'en_gb', ' education works '),
 ('95', 'title', '0', 'en_gb', ' education works '),
 ('96', 'field', '32', 'en_gb', ' this is a project that encourages people who are creative or passionate about the creative arts we want to use our creativity and the artistic skills to share the wonderful message of god s transforming love art is an amazing tool for allowing people to express themselves '),
 ('96', 'field', '31', 'en_gb', ' community '),
 ('96', 'field', '30', 'en_gb', ' creativity works '),
 ('96', 'slug', '0', 'en_gb', ' creativity works ');
INSERT INTO `craft_searchindex` (`elementId`, `attribute`, `fieldId`, `locale`, `keywords`) VALUES
 ('96', 'title', '0', 'en_gb', ' creativity works '),
 ('97', 'field', '32', 'en_gb', ' we value the health of our body soul and spirit for that we encourage people to do sport as a way to keep our bodies healthy we have regular sessions where we teach people how to play volleyball and have fun with it for those that love football there is a weekly session organised for fun and exercise please contact us for more details '),
 ('97', 'field', '31', 'en_gb', ' community '),
 ('97', 'field', '30', 'en_gb', ' sport works '),
 ('97', 'slug', '0', 'en_gb', ' sport works '),
 ('97', 'title', '0', 'en_gb', ' sport works '),
 ('98', 'field', '32', 'en_gb', ' every church must be lead by a group of spiritual leaders who understand their responsibility and fulfil it with joy but this is not just about church leadership but any leadership all those who are in a place of leadership at home or at work are being trained and advised on how to become better leaders this is done by one off seminars one to one mentoring and training programmes '),
 ('98', 'field', '31', 'en_gb', ' community '),
 ('98', 'field', '30', 'en_gb', ' leadership works '),
 ('98', 'slug', '0', 'en_gb', ' leadership works '),
 ('98', 'title', '0', 'en_gb', ' leadership works '),
 ('99', 'field', '32', 'en_gb', ' we value family as being the foundation of every society a healthy and loving environment at home will create healthy characters in our children we are passionate about family and encourage every family including the single parents family to be part of this amazing project we will be offering parenting seminars and workshops with other specific activities for family '),
 ('99', 'field', '31', 'en_gb', ' community '),
 ('99', 'field', '30', 'en_gb', ' family support '),
 ('99', 'slug', '0', 'en_gb', ' family support '),
 ('99', 'title', '0', 'en_gb', ' family support '),
 ('100', 'filename', '0', 'en_gb', ' care and counsel png '),
 ('100', 'extension', '0', 'en_gb', ' png '),
 ('100', 'kind', '0', 'en_gb', ' image '),
 ('100', 'slug', '0', 'en_gb', ''),
 ('100', 'title', '0', 'en_gb', ' care and counsel '),
 ('101', 'field', '32', 'en_gb', ' we have a team of dedicated volunteers to support you in your time of need whether you have a mental health issue of simply struggle with difficulties in life we want to be there for you you can contact us by phone email or fill in the form on the contact page we will be in touch with you for an appointment within a week '),
 ('101', 'field', '31', 'en_gb', ' care '),
 ('101', 'field', '30', 'en_gb', ' care and counsel '),
 ('101', 'slug', '0', 'en_gb', ' care and counsel '),
 ('101', 'title', '0', 'en_gb', ' care and counsel '),
 ('102', 'field', '32', 'en_gb', ' the great commission was given to us to make disciples not converts the discipleship course back to basics is run every three years and also when it becomes necessary it aims at teaching every person the most basics elements of the christian faith in a very dynamic and interactive way please contact us for more details '),
 ('102', 'field', '31', 'en_gb', ' care '),
 ('102', 'field', '30', 'en_gb', ' discipleship works '),
 ('102', 'slug', '0', 'en_gb', ' discipleship works '),
 ('102', 'title', '0', 'en_gb', ' discipleship works '),
 ('103', 'field', '32', 'en_gb', ' this is a project for those who physical and intellectual disability we understand the value of belonging and inclusion within a community we are developing a sensory room for children and adults with sensory disability our team is dedicated to make the best of every opportunity to include children and adults with any kind of disability '),
 ('103', 'field', '31', 'en_gb', ' care '),
 ('103', 'field', '30', 'en_gb', ' inclusion works '),
 ('103', 'slug', '0', 'en_gb', ' inclusion works '),
 ('103', 'title', '0', 'en_gb', ' inclusion works '),
 ('104', 'field', '32', 'en_gb', ' loneliness is one of the main causes to a poor mental health the friendship club has been creating a space for people to get together and fight against loneliness we do this by organising monthly activities and annual trips for all those who are in need of friendship currently this project is being redeveloped for september 2016 '),
 ('104', 'field', '31', 'en_gb', ' care '),
 ('104', 'field', '30', 'en_gb', ' friendship works '),
 ('104', 'slug', '0', 'en_gb', ' friendship works '),
 ('104', 'title', '0', 'en_gb', ' friendship works '),
 ('105', 'field', '32', 'en_gb', ' homelessness is a frightening prospective and as a church we would like to be able to provide temporary accommodation for those who are homeless or in the process of acquiring permanent accommodation it is also vital for those recovering from addiction or trying to move away from a toxic environment to be able to have temporary shelter '),
 ('105', 'field', '31', 'en_gb', ' care '),
 ('105', 'field', '30', 'en_gb', ' sheltered housing '),
 ('105', 'slug', '0', 'en_gb', ' sheltered housing '),
 ('105', 'title', '0', 'en_gb', ' sheltered housing '),
 ('111', 'field', '34', 'en_gb', ' mark ferguson '),
 ('111', 'field', '35', 'en_gb', ' https www youtube com watch v=o2__fxd7aoy '),
 ('109', 'field', '8', 'en_gb', ' dscf7252 '),
 ('109', 'field', '33', 'en_gb', ' news '),
 ('109', 'slug', '0', 'en_gb', ' encountering god 26th october 2013 '),
 ('109', 'title', '0', 'en_gb', ' encountering god 26th october 2013 '),
 ('110', 'field', '1', 'en_gb', ' maecenas bibendum urna sapien mattis convallis nisi tempor vel praesent auctor ipsum non feugiat efficitur vestibulum viverra purus eget condimentum vulputate quam mauris rutrum nulla non molestie nisi quam vitae justo ut consectetur dui ullamcorper pharetra condimentum aliquam imperdiet nulla sit amet blandit luctus curabitur non bibendum nibh nulla congue nibh quam sed iaculis lorem egestas maximus maecenas libero justo eleifend euismod libero eget pulvinar aliquet ligula vivamus eget leo nulla vestibulum augue felis maximus a ipsum id luctus porta turpis nunc rhoncus venenatis quam sed maximus ut a lorem consectetur vulputate metus eu dictum mauris donec fermentum aliquam interdum nulla in orci vitae metus ornare viverra phasellus sed nisi interdum metus faucibus dictum nam porttitor porttitor sapien vestibulum ante ipsum primis in faucibus orci luctus et ultrices posuere cubilia curae vivamus consequat et nibh imperdiet feugiat donec efficitur orci eu nisl aliquet efficitur nunc nec dolor et erat porttitor sodales vestibulum massa velit tempor eu condimentum eget lobortis a ex nullam ornare vel nibh hendrerit bibendum etiam vitae est id neque lobortis gravida sit amet pharetra dui morbi tempor nunc eget ex tincidunt gravida et a ex nunc at felis sapien maecenas quis lobortis felis suspendisse ultrices eu orci id pulvinar sed sagittis arcu eget suscipit tristique donec gravida felis vestibulum enim viverra condimentum mauris eleifend luctus arcu sed vestibulum velit sodales ac '),
 ('110', 'field', '8', 'en_gb', ' death to stock photography weekend work 10 of 10 '),
 ('110', 'field', '33', 'en_gb', ' blog '),
 ('110', 'slug', '0', 'en_gb', ' phasellus accumsan quis '),
 ('110', 'title', '0', 'en_gb', ' phasellus accumsan quis '),
 ('111', 'field', '1', 'en_gb', ' pellentesque nisi felis malesuada ut accumsan id euismod id lacus sed id rhoncus nunc duis consectetur fringilla justo ac euismod ipsum ornare sed nullam et sollicitudin nunc quisque sagittis nisl sed dignissim aliquam nulla facilisi in mattis turpis sit amet nisi auctor lacinia proin auctor ligula sed purus venenatis pharetra pellentesque sagittis nibh erat quis eleifend diam hendrerit sit amet sed a felis ac ante pellentesque dapibus donec a malesuada sapien sed pulvinar risus erat in dictum nibh eleifend ac pellentesque sapien arcu laoreet id posuere vitae eleifend sit amet magna cras et tincidunt odio ac rhoncus lectus aenean eget cursus tortor in fringilla suscipit orci quis ultricies nam est lectus facilisis vel vulputate volutpat feugiat at nibh donec accumsan malesuada mauris ac feugiat mauris sodales urna id volutpat cursus augue felis tristique orci ac convallis neque ante eu sem integer aliquet et risus sed semper aenean fermentum sed urna non eleifend integer sit amet nulla ac risus luctus scelerisque ac et nulla donec faucibus lobortis orci eget feugiat donec sed auctor ipsum curabitur porttitor pulvinar neque ut mattis integer non imperdiet sapien nulla congue quis est id finibus '),
 ('111', 'field', '8', 'en_gb', ' deathto stock energyand serenity2 '),
 ('111', 'field', '33', 'en_gb', ' vlog '),
 ('111', 'slug', '0', 'en_gb', ' donec a malesuada sapien '),
 ('111', 'title', '0', 'en_gb', ' donec a malesuada sapien '),
 ('110', 'field', '34', 'en_gb', ' nick serb '),
 ('113', 'field', '33', 'en_gb', ' news '),
 ('113', 'field', '8', 'en_gb', ' deathto stock not stock7 '),
 ('113', 'field', '35', 'en_gb', ''),
 ('113', 'field', '34', 'en_gb', ' nick serb '),
 ('113', 'slug', '0', 'en_gb', ' consectetur lacinia '),
 ('113', 'title', '0', 'en_gb', ' consectetur lacinia '),
 ('114', 'filename', '0', 'en_gb', ' alt site oct 15 pdf '),
 ('114', 'extension', '0', 'en_gb', ' pdf '),
 ('114', 'kind', '0', 'en_gb', ' pdf '),
 ('114', 'slug', '0', 'en_gb', ''),
 ('114', 'title', '0', 'en_gb', ' alt site oct 15 '),
 ('115', 'field', '8', 'en_gb', ' deathto stock not stock7 '),
 ('115', 'field', '9', 'en_gb', ' pdf '),
 ('115', 'field', '11', 'en_gb', ''),
 ('115', 'field', '10', 'en_gb', ' alt site oct 15 '),
 ('115', 'slug', '0', 'en_gb', ' test pdf '),
 ('115', 'title', '0', 'en_gb', ' test pdf '),
 ('116', 'filename', '0', 'en_gb', ' death_to_stock_photography_weekend_work 3 of 10 jpg '),
 ('116', 'extension', '0', 'en_gb', ' jpg '),
 ('116', 'kind', '0', 'en_gb', ' image '),
 ('116', 'slug', '0', 'en_gb', ''),
 ('116', 'title', '0', 'en_gb', ' death to stock photography weekend work 3 of 10 '),
 ('117', 'field', '1', 'en_gb', ' sed eget tincidunt magna praesent quis tincidunt velit sed id lectus elementum ultrices dui tincidunt blandit odio morbi et metus quis felis cursus volutpat eget vitae odio suspendisse dignissim sapien nec scelerisque vestibulum nibh dolor eleifend elit ac fermentum justo tellus ac sapien etiam ultricies pretium venenatis etiam eu feugiat urna cras eget consectetur quam maecenas elementum nibh nisi ut molestie enim pulvinar nec etiam at nisl placerat hendrerit ex vitae bibendum nibh maecenas ut lorem vel ex vehicula finibus suspendisse sed congue lectus id ultricies libero nullam massa tellus tempor eu urna in molestie fermentum nibh mauris vehicula tellus ac erat dignissim convallis ut dapibus lacus at nisl iaculis a sodales odio facilisis etiam in pulvinar sem pellentesque justo tortor gravida sit amet sem faucibus dapibus volutpat neque vestibulum ultrices placerat posuere cum sociis natoque penatibus et magnis dis parturient montes nascetur ridiculus mus nulla non purus id lorem gravida tempus maecenas quis turpis nec velit aliquet tincidunt fusce et fermentum lacus praesent vel aliquam ipsum non suscipit turpis nullam sed elit quis augue euismod ornare sit amet a augue aliquam erat volutpat nunc eleifend hendrerit justo aliquam a dui sed lacus pulvinar dignissim sit amet ut elit etiam vitae pellentesque ante in molestie felis donec varius mattis imperdiet integer hendrerit mauris sit amet egestas mattis vestibulum semper metus a mi condimentum volutpat vivamus lacinia mi sed rhoncus sagittis sapien metus sodales risus id ultricies lacus justo et lectus ut ut feugiat magna fusce efficitur lorem id pulvinar pharetra sed a sollicitudin massa vivamus suscipit auctor odio vel molestie ex dapibus at '),
 ('117', 'field', '33', 'en_gb', ' blog '),
 ('117', 'field', '8', 'en_gb', ' death to stock photography weekend work 3 of 10 '),
 ('117', 'field', '35', 'en_gb', ''),
 ('117', 'field', '34', 'en_gb', ' ruth connolly '),
 ('117', 'slug', '0', 'en_gb', ' maecenas quis turpis nec velit aliquet tincidunt '),
 ('117', 'title', '0', 'en_gb', ' maecenas quis turpis nec velit aliquet tincidunt '),
 ('118', 'filename', '0', 'en_gb', ' deathtostock_energyandserenity4 jpg '),
 ('118', 'extension', '0', 'en_gb', ' jpg '),
 ('118', 'kind', '0', 'en_gb', ' image '),
 ('118', 'slug', '0', 'en_gb', ''),
 ('118', 'title', '0', 'en_gb', ' deathto stock energyand serenity4 '),
 ('119', 'field', '1', 'en_gb', ' lorem ipsum dolor sit amet consectetur adipiscing elit suspendisse faucibus tortor ac sapien posuere quis congue urna mollis praesent vehicula nulla eget dictum commodo augue magna faucibus elit sit amet tincidunt sem sapien quis turpis mauris orci ipsum molestie finibus consequat in faucibus sit amet lectus donec cursus ante et imperdiet tristique enim augue mattis tortor vitae sodales dui dolor non mi nam a eros et enim faucibus semper nulla consectetur convallis lectus at ornare pellentesque nibh sapien tincidunt ut convallis eu finibus nec orci mauris vitae leo nulla nullam ultrices eros eget metus consectetur rutrum ut finibus eros lorem in bibendum tellus pharetra et praesent accumsan metus tempor facilisis ultricies augue lacus accumsan sem at consequat lacus felis in ex duis egestas sed metus ut ullamcorper phasellus non odio et orci fermentum commodo integer pharetra quis mi nec fermentum vivamus nec justo ut nulla mollis mattis curabitur ut venenatis nibh at maximus diam sed sed mi velit etiam vel neque id augue feugiat sagittis cum sociis natoque penatibus et magnis dis parturient montes nascetur ridiculus mus maecenas scelerisque pharetra purus eu luctus tellus in ultricies leo justo faucibus pulvinar eros commodo et maecenas sodales a neque eu vestibulum suspendisse potenti nunc at augue sit amet ante convallis tristique in a lacus sed erat nisl pharetra nec laoreet ut pharetra ut justo duis sodales libero at ligula consectetur in faucibus purus dictum aenean consectetur pharetra molestie maecenas vulputate consectetur erat non auctor elit ullamcorper quis aenean malesuada mollis tortor nec pharetra nulla pellentesque nec nulla venenatis viverra purus ut tempor sapien sagittis a morbi finibus diam dolor vitae ornare urna viverra a donec vulputate sollicitudin enim quisque porttitor dignissim leo quis venenatis nisi elementum id vestibulum ultricies eros a elit tristique varius vestibulum tincidunt quam ac rutrum fringilla turpis felis ullamcorper tortor at accumsan urna augue sit amet justo '),
 ('119', 'field', '33', 'en_gb', ' blog '),
 ('119', 'field', '8', 'en_gb', ' deathto stock energyand serenity4 ');
INSERT INTO `craft_searchindex` (`elementId`, `attribute`, `fieldId`, `locale`, `keywords`) VALUES
 ('119', 'field', '35', 'en_gb', ''),
 ('119', 'field', '34', 'en_gb', ''),
 ('119', 'slug', '0', 'en_gb', ' nulla venenatis viverra purus ut tempor sapien sagittis '),
 ('119', 'title', '0', 'en_gb', ' nulla venenatis viverra purus ut tempor sapien sagittis '),
 ('120', 'filename', '0', 'en_gb', ' youth for god png '),
 ('120', 'extension', '0', 'en_gb', ' png '),
 ('120', 'kind', '0', 'en_gb', ' image '),
 ('120', 'slug', '0', 'en_gb', ''),
 ('120', 'title', '0', 'en_gb', ' youth for god '),
 ('121', 'slug', '0', 'en_gb', ' meet us '),
 ('121', 'title', '0', 'en_gb', ' meet us '),
 ('121', 'field', '12', 'en_gb', ' transformation centre is lead by a team of elders and deacons each of them have responsibilities according to their spiritual gifts and particular callings the elders are the one looking after the spiritual life of the community while the deacons lead in a more practical way some of them are also directors who have the extra responsibility of the day to day running every department or project has a core team that looks after the needs of every ministry we aim at empowering people for ministry and developing their skills to be effective not just in church but also in their everyday life we have a leadership pipeline that develops the leaders for tomorrow the leadership team is open and ready to listen to your ideas and passions look up their details below '),
 ('122', 'slug', '0', 'en_gb', ' blog '),
 ('122', 'title', '0', 'en_gb', ' blog '),
 ('122', 'field', '12', 'en_gb', ' we have gathered here some resources articles and devotionals written by our church and ministry leaders we pray this blog will be a great blessing to you '),
 ('124', 'slug', '0', 'en_gb', ' events '),
 ('124', 'title', '0', 'en_gb', ' events '),
 ('124', 'field', '12', 'en_gb', ' the following events cover all areas of ministry as well as training opportunities and conferences you can either choose the category above or follow the date list below we look forward to seeing you soon '),
 ('125', 'slug', '0', 'en_gb', ' media '),
 ('125', 'title', '0', 'en_gb', ' media '),
 ('125', 'field', '12', 'en_gb', ' welcome to our media page here you will find sermons videos and other resources we want to provide quality biblical teaching that will help you grow in your faith and christian service every week we get together to read the bible to pray and to worship we talk and discuss about the way jesus can transform our lives and our world ');



DROP TABLE IF EXISTS `craft_sections`;


--
-- Schema for table `craft_sections`
--
CREATE TABLE `craft_sections` (
  `id` int(11) NOT NULL AUTO_INCREMENT,
  `structureId` int(11) DEFAULT NULL,
  `name` varchar(255) COLLATE utf8_unicode_ci NOT NULL,
  `handle` varchar(255) COLLATE utf8_unicode_ci NOT NULL,
  `type` enum('single','channel','structure') COLLATE utf8_unicode_ci NOT NULL DEFAULT 'channel',
  `hasUrls` tinyint(1) unsigned NOT NULL DEFAULT '1',
  `template` varchar(500) COLLATE utf8_unicode_ci DEFAULT NULL,
  `enableVersioning` tinyint(1) unsigned NOT NULL DEFAULT '0',
  `dateCreated` datetime NOT NULL,
  `dateUpdated` datetime NOT NULL,
  `uid` char(36) COLLATE utf8_unicode_ci NOT NULL DEFAULT '0',
  PRIMARY KEY (`id`),
  UNIQUE KEY `craft_sections_name_unq_idx` (`name`),
  UNIQUE KEY `craft_sections_handle_unq_idx` (`handle`),
  KEY `craft_sections_structureId_fk` (`structureId`)
) ENGINE=InnoDB AUTO_INCREMENT=16 DEFAULT CHARSET=utf8 COLLATE=utf8_unicode_ci;

--
-- Data for table `craft_sections`
--

INSERT INTO `craft_sections` (`id`, `structureId`, `name`, `handle`, `type`, `hasUrls`, `template`, `enableVersioning`, `dateCreated`, `dateUpdated`, `uid`) VALUES
 ('3', NULL, 'Join Us', 'joinUs', 'single', '1', 'join-us', '1', '2016-08-04 13:13:04', '2016-08-08 14:34:09', '74ff24ce-d918-44f4-bcbc-8268da1ab23e'),
 ('4', NULL, 'Media Entries', 'mediaEntries', 'channel', '1', 'media/_entry', '1', '2016-08-04 14:04:10', '2016-08-18 11:55:42', '7183ca28-cc2f-41aa-9cb9-546a5a0c0afc'),
 ('5', NULL, 'New Here', 'newHere', 'single', '1', 'new-here', '1', '2016-08-05 11:11:38', '2016-08-05 11:11:38', 'f4f46ad0-f1db-4278-b019-c91fd4bb21f4'),
 ('6', NULL, 'About Us', 'aboutUs', 'single', '1', 'about-us', '1', '2016-08-05 13:44:45', '2016-08-05 13:45:27', '0244f634-708d-4d39-b86a-63d9bdb824b3'),
 ('7', NULL, 'Our People', 'ourPeople', 'channel', '0', NULL, '1', '2016-08-05 14:03:27', '2016-08-18 11:21:17', '8beb917a-f900-4799-af99-2d1ce4bf180b'),
 ('8', NULL, 'Event Entries', 'eventEntries', 'channel', '1', 'events/_entry', '1', '2016-08-08 08:44:40', '2016-08-18 11:35:35', 'd5584d49-2d4b-42d7-87b0-a66427880a8a'),
 ('9', NULL, 'Connect', 'connect', 'channel', '0', NULL, '1', '2016-08-08 15:54:28', '2016-08-08 15:54:28', 'bd7c46a4-098e-4bbf-a11c-eb83c71ae712'),
 ('10', NULL, 'Blog Entries', 'blogEntries', 'channel', '1', 'blog/_entry', '1', '2016-08-09 10:48:54', '2016-08-18 11:24:05', '461b887f-99ae-4920-8a8a-e5b21b8c430c'),
 ('11', NULL, 'Meet Us', 'meetUs', 'single', '1', 'meet-us', '1', '2016-08-18 11:21:42', '2016-08-18 11:21:42', 'd80f1457-007d-435e-84c5-d0ae2843b55f'),
 ('12', NULL, 'Blog', 'blog', 'single', '1', 'blog', '1', '2016-08-18 11:24:14', '2016-08-18 11:24:14', '2548f67d-ca1c-411c-82b3-a246f082266d'),
 ('14', NULL, 'Events', 'events', 'single', '1', 'events', '1', '2016-08-18 11:46:29', '2016-08-18 11:46:29', '78d4ca5a-0dfa-42a8-8bfc-7e4967b28634'),
 ('15', NULL, 'Media', 'media', 'single', '1', 'media', '1', '2016-08-18 11:55:51', '2016-08-18 11:55:51', '5085f810-23ea-4bec-b995-141023c5152c');



DROP TABLE IF EXISTS `craft_sections_i18n`;


--
-- Schema for table `craft_sections_i18n`
--
CREATE TABLE `craft_sections_i18n` (
  `id` int(11) NOT NULL AUTO_INCREMENT,
  `sectionId` int(11) NOT NULL,
  `locale` char(12) COLLATE utf8_unicode_ci NOT NULL,
  `enabledByDefault` tinyint(1) unsigned NOT NULL DEFAULT '1',
  `urlFormat` text COLLATE utf8_unicode_ci,
  `nestedUrlFormat` text COLLATE utf8_unicode_ci,
  `dateCreated` datetime NOT NULL,
  `dateUpdated` datetime NOT NULL,
  `uid` char(36) COLLATE utf8_unicode_ci NOT NULL DEFAULT '0',
  PRIMARY KEY (`id`),
  UNIQUE KEY `craft_sections_i18n_sectionId_locale_unq_idx` (`sectionId`,`locale`),
  KEY `craft_sections_i18n_locale_fk` (`locale`)
) ENGINE=InnoDB AUTO_INCREMENT=16 DEFAULT CHARSET=utf8 COLLATE=utf8_unicode_ci;

--
-- Data for table `craft_sections_i18n`
--

INSERT INTO `craft_sections_i18n` (`id`, `sectionId`, `locale`, `enabledByDefault`, `urlFormat`, `nestedUrlFormat`, `dateCreated`, `dateUpdated`, `uid`) VALUES
 ('3', '3', 'en_gb', '1', 'join-us', NULL, '2016-08-04 13:13:04', '2016-08-08 14:34:10', 'ea9fbea1-6aef-4de0-a8c1-33855069bc9f'),
 ('4', '4', 'en_gb', '1', 'media/{slug}', NULL, '2016-08-04 14:04:10', '2016-08-04 14:04:10', 'cd7b98c5-3f93-418c-8a14-a73db2f9f41d'),
 ('5', '5', 'en_gb', '1', 'new-here', NULL, '2016-08-05 11:11:38', '2016-08-05 11:11:38', 'a58593f0-84bb-46c5-b0e3-84d33857f335'),
 ('6', '6', 'en_gb', '1', 'about-us', NULL, '2016-08-05 13:44:45', '2016-08-05 13:45:27', 'e84fa65c-f462-4e8a-a4c4-d349411f58e9'),
 ('7', '7', 'en_gb', '1', NULL, NULL, '2016-08-05 14:03:27', '2016-08-05 14:03:27', 'c1630a20-5784-4f4b-953e-52399bbb14fa'),
 ('8', '8', 'en_gb', '1', 'events/{slug}', NULL, '2016-08-08 08:44:40', '2016-08-18 11:35:35', '21f2fb05-46cc-4023-b5e8-67cd89ba1da2'),
 ('9', '9', 'en_gb', '1', NULL, NULL, '2016-08-08 15:54:28', '2016-08-08 15:54:28', '22f35f8b-e378-4faa-944b-406df7cadf83'),
 ('10', '10', 'en_gb', '1', 'blog/{slug}', NULL, '2016-08-09 10:48:54', '2016-08-09 10:48:54', '9450e200-abb2-4548-bf03-688b835540c5'),
 ('11', '11', 'en_gb', '1', 'meet-us', NULL, '2016-08-18 11:21:42', '2016-08-18 11:21:42', '795ae351-7460-489e-8d06-5e33c7b257bf'),
 ('12', '12', 'en_gb', '1', 'blog', NULL, '2016-08-18 11:24:14', '2016-08-18 11:24:14', '59611d1b-f4ce-47cb-970b-4ba802fb5e83'),
 ('14', '14', 'en_gb', '1', 'events', NULL, '2016-08-18 11:46:29', '2016-08-18 11:46:29', '34647eda-41df-4554-8666-40536b09a0d2'),
 ('15', '15', 'en_gb', '1', 'media', NULL, '2016-08-18 11:55:51', '2016-08-18 11:55:51', 'ab9b5e83-2914-42e2-9c54-2c5f3a01488e');



DROP TABLE IF EXISTS `craft_sessions`;


--
-- Schema for table `craft_sessions`
--
CREATE TABLE `craft_sessions` (
  `id` int(11) NOT NULL AUTO_INCREMENT,
  `userId` int(11) NOT NULL,
  `token` char(100) COLLATE utf8_unicode_ci NOT NULL,
  `dateCreated` datetime NOT NULL,
  `dateUpdated` datetime NOT NULL,
  `uid` char(36) COLLATE utf8_unicode_ci NOT NULL DEFAULT '0',
  PRIMARY KEY (`id`),
  KEY `craft_sessions_uid_idx` (`uid`),
  KEY `craft_sessions_token_idx` (`token`),
  KEY `craft_sessions_dateUpdated_idx` (`dateUpdated`),
  KEY `craft_sessions_userId_fk` (`userId`)
) ENGINE=InnoDB AUTO_INCREMENT=26 DEFAULT CHARSET=utf8 COLLATE=utf8_unicode_ci;

DROP TABLE IF EXISTS `craft_shunnedmessages`;


--
-- Schema for table `craft_shunnedmessages`
--
CREATE TABLE `craft_shunnedmessages` (
  `id` int(11) NOT NULL AUTO_INCREMENT,
  `userId` int(11) NOT NULL,
  `message` varchar(255) COLLATE utf8_unicode_ci NOT NULL,
  `expiryDate` datetime DEFAULT NULL,
  `dateCreated` datetime NOT NULL,
  `dateUpdated` datetime NOT NULL,
  `uid` char(36) COLLATE utf8_unicode_ci NOT NULL DEFAULT '0',
  PRIMARY KEY (`id`),
  UNIQUE KEY `craft_shunnedmessages_userId_message_unq_idx` (`userId`,`message`)
) ENGINE=InnoDB DEFAULT CHARSET=utf8 COLLATE=utf8_unicode_ci;

DROP TABLE IF EXISTS `craft_structureelements`;


--
-- Schema for table `craft_structureelements`
--
CREATE TABLE `craft_structureelements` (
  `id` int(11) NOT NULL AUTO_INCREMENT,
  `structureId` int(11) NOT NULL,
  `elementId` int(11) DEFAULT NULL,
  `root` int(11) unsigned DEFAULT NULL,
  `lft` int(11) unsigned NOT NULL,
  `rgt` int(11) unsigned NOT NULL,
  `level` smallint(6) unsigned NOT NULL,
  `dateCreated` datetime NOT NULL,
  `dateUpdated` datetime NOT NULL,
  `uid` char(36) COLLATE utf8_unicode_ci NOT NULL DEFAULT '0',
  PRIMARY KEY (`id`),
  UNIQUE KEY `craft_structureelements_structureId_elementId_unq_idx` (`structureId`,`elementId`),
  KEY `craft_structureelements_root_idx` (`root`),
  KEY `craft_structureelements_lft_idx` (`lft`),
  KEY `craft_structureelements_rgt_idx` (`rgt`),
  KEY `craft_structureelements_level_idx` (`level`),
  KEY `craft_structureelements_elementId_fk` (`elementId`)
) ENGINE=InnoDB AUTO_INCREMENT=11 DEFAULT CHARSET=utf8 COLLATE=utf8_unicode_ci;

--
-- Data for table `craft_structureelements`
--

INSERT INTO `craft_structureelements` (`id`, `structureId`, `elementId`, `root`, `lft`, `rgt`, `level`, `dateCreated`, `dateUpdated`, `uid`) VALUES
 ('1', '1', NULL, '1', '1', '10', '0', '2016-08-08 11:42:00', '2016-08-08 11:42:00', 'a152f431-4483-4a15-b78c-dac6e27b2283'),
 ('2', '1', '61', '1', '2', '3', '1', '2016-08-08 11:42:00', '2016-08-08 11:42:00', '9eb3b021-ed49-4cb9-9c14-2530043bbf70'),
 ('3', '1', '62', '1', '4', '5', '1', '2016-08-08 11:42:12', '2016-08-08 11:42:12', '14bcd376-9461-41bc-b518-71673c8cf8ba'),
 ('4', '1', '63', '1', '6', '7', '1', '2016-08-08 11:42:36', '2016-08-08 11:42:36', '420f45b9-56c8-4626-87a4-b347563dd4b2'),
 ('5', '1', '64', '1', '8', '9', '1', '2016-08-08 11:42:56', '2016-08-08 11:42:56', '6c9c886f-fd55-464f-a16a-6eec2c30575e'),
 ('6', '2', NULL, '6', '1', '8', '0', '2016-08-08 15:53:38', '2016-08-08 15:53:38', '81a9cbc0-0677-4779-bd0b-0449b01eb7e5'),
 ('7', '2', '65', '6', '2', '3', '1', '2016-08-08 15:53:38', '2016-08-08 15:53:38', 'b43d1ed1-25f2-4a7b-ae4e-02bbebcabc6a'),
 ('8', '2', '66', '6', '4', '5', '1', '2016-08-08 15:53:42', '2016-08-08 15:53:42', '5659a521-d8a6-498c-abfa-1bd0c0349a29'),
 ('9', '2', '67', '6', '6', '7', '1', '2016-08-08 15:53:47', '2016-08-08 15:53:47', 'b3bfcb6b-8750-4fc9-bc9c-e2653cfd0cc1'),
 ('10', '3', NULL, '10', '1', '2', '0', '2016-08-09 10:56:24', '2016-08-09 10:56:24', '124d5525-02e1-4b30-b6d7-ec0c4e8361b0');



DROP TABLE IF EXISTS `craft_structures`;


--
-- Schema for table `craft_structures`
--
CREATE TABLE `craft_structures` (
  `id` int(11) NOT NULL AUTO_INCREMENT,
  `maxLevels` smallint(6) unsigned DEFAULT NULL,
  `dateCreated` datetime NOT NULL,
  `dateUpdated` datetime NOT NULL,
  `uid` char(36) COLLATE utf8_unicode_ci NOT NULL DEFAULT '0',
  PRIMARY KEY (`id`)
) ENGINE=InnoDB AUTO_INCREMENT=4 DEFAULT CHARSET=utf8 COLLATE=utf8_unicode_ci;

--
-- Data for table `craft_structures`
--

INSERT INTO `craft_structures` (`id`, `maxLevels`, `dateCreated`, `dateUpdated`, `uid`) VALUES
 ('1', NULL, '2016-08-08 11:41:05', '2016-08-08 14:08:27', 'ca2cb44d-3531-43b9-a7c1-d27ab6f4d1f5'),
 ('2', NULL, '2016-08-08 15:53:21', '2016-08-08 15:53:21', '6b199c69-148a-4bcd-ba67-f6c747e6ac8a'),
 ('3', NULL, '2016-08-09 10:56:07', '2016-08-09 10:56:07', 'e44eafc1-ede3-4487-8c9d-bdc5d36a0a59');



DROP TABLE IF EXISTS `craft_systemsettings`;


--
-- Schema for table `craft_systemsettings`
--
CREATE TABLE `craft_systemsettings` (
  `id` int(11) NOT NULL AUTO_INCREMENT,
  `category` varchar(15) COLLATE utf8_unicode_ci NOT NULL,
  `settings` text COLLATE utf8_unicode_ci,
  `dateCreated` datetime NOT NULL,
  `dateUpdated` datetime NOT NULL,
  `uid` char(36) COLLATE utf8_unicode_ci NOT NULL DEFAULT '0',
  PRIMARY KEY (`id`),
  UNIQUE KEY `craft_systemsettings_category_unq_idx` (`category`)
) ENGINE=InnoDB AUTO_INCREMENT=2 DEFAULT CHARSET=utf8 COLLATE=utf8_unicode_ci;

--
-- Data for table `craft_systemsettings`
--

INSERT INTO `craft_systemsettings` (`id`, `category`, `settings`, `dateCreated`, `dateUpdated`, `uid`) VALUES
 ('1', 'email', '{\"protocol\":\"gmail\",\"emailAddress\":\"dean.c@sugarrushcreative.com\",\"senderName\":\"Transformation Centre\",\"host\":\"smtp.gmail.com\",\"smtpAuth\":1,\"smtpSecureTransportType\":\"ssl\",\"username\":\"sugarrushbelfast@gmail.com\",\"password\":\"designer01\",\"port\":\"587\",\"timeout\":\"20\"}', '2016-07-28 10:42:17', '2016-08-15 09:59:27', 'c1427e8e-bd4c-477c-a692-0863806aa522');



DROP TABLE IF EXISTS `craft_taggroups`;


--
-- Schema for table `craft_taggroups`
--
CREATE TABLE `craft_taggroups` (
  `id` int(11) NOT NULL AUTO_INCREMENT,
  `name` varchar(255) COLLATE utf8_unicode_ci NOT NULL,
  `handle` varchar(255) COLLATE utf8_unicode_ci NOT NULL,
  `fieldLayoutId` int(10) DEFAULT NULL,
  `dateCreated` datetime NOT NULL,
  `dateUpdated` datetime NOT NULL,
  `uid` char(36) COLLATE utf8_unicode_ci NOT NULL DEFAULT '0',
  PRIMARY KEY (`id`),
  UNIQUE KEY `craft_taggroups_name_unq_idx` (`name`),
  UNIQUE KEY `craft_taggroups_handle_unq_idx` (`handle`),
  KEY `craft_taggroups_fieldLayoutId_fk` (`fieldLayoutId`)
) ENGINE=InnoDB AUTO_INCREMENT=2 DEFAULT CHARSET=utf8 COLLATE=utf8_unicode_ci;

--
-- Data for table `craft_taggroups`
--

INSERT INTO `craft_taggroups` (`id`, `name`, `handle`, `fieldLayoutId`, `dateCreated`, `dateUpdated`, `uid`) VALUES
 ('1', 'Default', 'default', '1', '2016-07-28 10:42:17', '2016-07-28 10:42:17', '732c22d8-5200-4744-8d07-003c4638457e');



DROP TABLE IF EXISTS `craft_tags`;


--
-- Schema for table `craft_tags`
--
CREATE TABLE `craft_tags` (
  `id` int(11) NOT NULL,
  `groupId` int(11) NOT NULL,
  `dateCreated` datetime NOT NULL,
  `dateUpdated` datetime NOT NULL,
  `uid` char(36) COLLATE utf8_unicode_ci NOT NULL DEFAULT '0',
  PRIMARY KEY (`id`),
  KEY `craft_tags_groupId_fk` (`groupId`)
) ENGINE=InnoDB DEFAULT CHARSET=utf8 COLLATE=utf8_unicode_ci;

DROP TABLE IF EXISTS `craft_tasks`;


--
-- Schema for table `craft_tasks`
--
CREATE TABLE `craft_tasks` (
  `id` int(11) NOT NULL AUTO_INCREMENT,
  `root` int(11) unsigned DEFAULT NULL,
  `lft` int(11) unsigned NOT NULL,
  `rgt` int(11) unsigned NOT NULL,
  `level` smallint(6) unsigned NOT NULL,
  `currentStep` int(11) unsigned DEFAULT NULL,
  `totalSteps` int(11) unsigned DEFAULT NULL,
  `status` enum('pending','error','running') COLLATE utf8_unicode_ci DEFAULT NULL,
  `type` varchar(150) COLLATE utf8_unicode_ci NOT NULL,
  `description` varchar(255) COLLATE utf8_unicode_ci DEFAULT NULL,
  `settings` mediumtext COLLATE utf8_unicode_ci,
  `dateCreated` datetime NOT NULL,
  `dateUpdated` datetime NOT NULL,
  `uid` char(36) COLLATE utf8_unicode_ci NOT NULL DEFAULT '0',
  PRIMARY KEY (`id`),
  KEY `craft_tasks_root_idx` (`root`),
  KEY `craft_tasks_lft_idx` (`lft`),
  KEY `craft_tasks_rgt_idx` (`rgt`),
  KEY `craft_tasks_level_idx` (`level`)
) ENGINE=InnoDB AUTO_INCREMENT=80 DEFAULT CHARSET=utf8 COLLATE=utf8_unicode_ci;

DROP TABLE IF EXISTS `craft_templatecachecriteria`;


--
-- Schema for table `craft_templatecachecriteria`
--
CREATE TABLE `craft_templatecachecriteria` (
  `id` int(11) NOT NULL AUTO_INCREMENT,
  `cacheId` int(11) NOT NULL,
  `type` varchar(150) COLLATE utf8_unicode_ci NOT NULL,
  `criteria` text COLLATE utf8_unicode_ci NOT NULL,
  PRIMARY KEY (`id`),
  KEY `craft_templatecachecriteria_cacheId_fk` (`cacheId`),
  KEY `craft_templatecachecriteria_type_idx` (`type`)
) ENGINE=InnoDB DEFAULT CHARSET=utf8 COLLATE=utf8_unicode_ci;

DROP TABLE IF EXISTS `craft_templatecacheelements`;


--
-- Schema for table `craft_templatecacheelements`
--
CREATE TABLE `craft_templatecacheelements` (
  `cacheId` int(11) NOT NULL,
  `elementId` int(11) NOT NULL,
  KEY `craft_templatecacheelements_cacheId_fk` (`cacheId`),
  KEY `craft_templatecacheelements_elementId_fk` (`elementId`)
) ENGINE=InnoDB DEFAULT CHARSET=utf8 COLLATE=utf8_unicode_ci;

DROP TABLE IF EXISTS `craft_templatecaches`;


--
-- Schema for table `craft_templatecaches`
--
CREATE TABLE `craft_templatecaches` (
  `id` int(11) NOT NULL AUTO_INCREMENT,
  `cacheKey` varchar(255) COLLATE utf8_unicode_ci NOT NULL,
  `locale` char(12) COLLATE utf8_unicode_ci NOT NULL,
  `path` varchar(255) COLLATE utf8_unicode_ci DEFAULT NULL,
  `expiryDate` datetime NOT NULL,
  `body` mediumtext COLLATE utf8_unicode_ci NOT NULL,
  PRIMARY KEY (`id`),
  KEY `craft_templatecaches_expiryDate_cacheKey_locale_path_idx` (`expiryDate`,`cacheKey`,`locale`,`path`),
  KEY `craft_templatecaches_locale_fk` (`locale`)
) ENGINE=InnoDB DEFAULT CHARSET=utf8 COLLATE=utf8_unicode_ci;

DROP TABLE IF EXISTS `craft_tokens`;


--
-- Schema for table `craft_tokens`
--
CREATE TABLE `craft_tokens` (
  `id` int(11) NOT NULL AUTO_INCREMENT,
  `token` char(32) COLLATE utf8_unicode_ci NOT NULL,
  `route` text COLLATE utf8_unicode_ci,
  `usageLimit` tinyint(3) unsigned DEFAULT NULL,
  `usageCount` tinyint(3) unsigned DEFAULT NULL,
  `expiryDate` datetime NOT NULL,
  `dateCreated` datetime NOT NULL,
  `dateUpdated` datetime NOT NULL,
  `uid` char(36) COLLATE utf8_unicode_ci NOT NULL DEFAULT '0',
  PRIMARY KEY (`id`),
  UNIQUE KEY `craft_tokens_token_unq_idx` (`token`),
  KEY `craft_tokens_expiryDate_idx` (`expiryDate`)
) ENGINE=InnoDB DEFAULT CHARSET=utf8 COLLATE=utf8_unicode_ci;

DROP TABLE IF EXISTS `craft_usergroups`;


--
-- Schema for table `craft_usergroups`
--
CREATE TABLE `craft_usergroups` (
  `id` int(11) NOT NULL AUTO_INCREMENT,
  `name` varchar(255) COLLATE utf8_unicode_ci NOT NULL,
  `handle` varchar(255) COLLATE utf8_unicode_ci NOT NULL,
  `dateCreated` datetime NOT NULL,
  `dateUpdated` datetime NOT NULL,
  `uid` char(36) COLLATE utf8_unicode_ci NOT NULL DEFAULT '0',
  PRIMARY KEY (`id`)
) ENGINE=InnoDB DEFAULT CHARSET=utf8 COLLATE=utf8_unicode_ci;

DROP TABLE IF EXISTS `craft_usergroups_users`;


--
-- Schema for table `craft_usergroups_users`
--
CREATE TABLE `craft_usergroups_users` (
  `id` int(11) NOT NULL AUTO_INCREMENT,
  `groupId` int(11) NOT NULL,
  `userId` int(11) NOT NULL,
  `dateCreated` datetime NOT NULL,
  `dateUpdated` datetime NOT NULL,
  `uid` char(36) COLLATE utf8_unicode_ci NOT NULL DEFAULT '0',
  PRIMARY KEY (`id`),
  UNIQUE KEY `craft_usergroups_users_groupId_userId_unq_idx` (`groupId`,`userId`),
  KEY `craft_usergroups_users_userId_fk` (`userId`)
) ENGINE=InnoDB DEFAULT CHARSET=utf8 COLLATE=utf8_unicode_ci;

DROP TABLE IF EXISTS `craft_userpermissions`;


--
-- Schema for table `craft_userpermissions`
--
CREATE TABLE `craft_userpermissions` (
  `id` int(11) NOT NULL AUTO_INCREMENT,
  `name` varchar(255) COLLATE utf8_unicode_ci NOT NULL,
  `dateCreated` datetime NOT NULL,
  `dateUpdated` datetime NOT NULL,
  `uid` char(36) COLLATE utf8_unicode_ci NOT NULL DEFAULT '0',
  PRIMARY KEY (`id`),
  UNIQUE KEY `craft_userpermissions_name_unq_idx` (`name`)
) ENGINE=InnoDB DEFAULT CHARSET=utf8 COLLATE=utf8_unicode_ci;

DROP TABLE IF EXISTS `craft_userpermissions_usergroups`;


--
-- Schema for table `craft_userpermissions_usergroups`
--
CREATE TABLE `craft_userpermissions_usergroups` (
  `id` int(11) NOT NULL AUTO_INCREMENT,
  `permissionId` int(11) NOT NULL,
  `groupId` int(11) NOT NULL,
  `dateCreated` datetime NOT NULL,
  `dateUpdated` datetime NOT NULL,
  `uid` char(36) COLLATE utf8_unicode_ci NOT NULL DEFAULT '0',
  PRIMARY KEY (`id`),
  UNIQUE KEY `craft_userpermissions_usergroups_permissionId_groupId_unq_idx` (`permissionId`,`groupId`),
  KEY `craft_userpermissions_usergroups_groupId_fk` (`groupId`)
) ENGINE=InnoDB DEFAULT CHARSET=utf8 COLLATE=utf8_unicode_ci;

DROP TABLE IF EXISTS `craft_userpermissions_users`;


--
-- Schema for table `craft_userpermissions_users`
--
CREATE TABLE `craft_userpermissions_users` (
  `id` int(11) NOT NULL AUTO_INCREMENT,
  `permissionId` int(11) NOT NULL,
  `userId` int(11) NOT NULL,
  `dateCreated` datetime NOT NULL,
  `dateUpdated` datetime NOT NULL,
  `uid` char(36) COLLATE utf8_unicode_ci NOT NULL DEFAULT '0',
  PRIMARY KEY (`id`),
  UNIQUE KEY `craft_userpermissions_users_permissionId_userId_unq_idx` (`permissionId`,`userId`),
  KEY `craft_userpermissions_users_userId_fk` (`userId`)
) ENGINE=InnoDB DEFAULT CHARSET=utf8 COLLATE=utf8_unicode_ci;

DROP TABLE IF EXISTS `craft_users`;


--
-- Schema for table `craft_users`
--
CREATE TABLE `craft_users` (
  `id` int(11) NOT NULL,
  `username` varchar(100) COLLATE utf8_unicode_ci NOT NULL,
  `photo` varchar(100) COLLATE utf8_unicode_ci DEFAULT NULL,
  `firstName` varchar(100) COLLATE utf8_unicode_ci DEFAULT NULL,
  `lastName` varchar(100) COLLATE utf8_unicode_ci DEFAULT NULL,
  `email` varchar(255) COLLATE utf8_unicode_ci NOT NULL,
  `password` char(255) COLLATE utf8_unicode_ci DEFAULT NULL,
  `preferredLocale` char(12) COLLATE utf8_unicode_ci DEFAULT NULL,
  `weekStartDay` tinyint(1) unsigned NOT NULL DEFAULT '0',
  `admin` tinyint(1) unsigned NOT NULL DEFAULT '0',
  `client` tinyint(1) unsigned NOT NULL DEFAULT '0',
  `locked` tinyint(1) unsigned NOT NULL DEFAULT '0',
  `suspended` tinyint(1) unsigned NOT NULL DEFAULT '0',
  `pending` tinyint(1) unsigned NOT NULL DEFAULT '0',
  `archived` tinyint(1) unsigned NOT NULL DEFAULT '0',
  `lastLoginDate` datetime DEFAULT NULL,
  `lastLoginAttemptIPAddress` varchar(45) COLLATE utf8_unicode_ci DEFAULT NULL,
  `invalidLoginWindowStart` datetime DEFAULT NULL,
  `invalidLoginCount` tinyint(4) unsigned DEFAULT NULL,
  `lastInvalidLoginDate` datetime DEFAULT NULL,
  `lockoutDate` datetime DEFAULT NULL,
  `verificationCode` char(100) COLLATE utf8_unicode_ci DEFAULT NULL,
  `verificationCodeIssuedDate` datetime DEFAULT NULL,
  `unverifiedEmail` varchar(255) COLLATE utf8_unicode_ci DEFAULT NULL,
  `passwordResetRequired` tinyint(1) unsigned NOT NULL DEFAULT '0',
  `lastPasswordChangeDate` datetime DEFAULT NULL,
  `dateCreated` datetime NOT NULL,
  `dateUpdated` datetime NOT NULL,
  `uid` char(36) COLLATE utf8_unicode_ci NOT NULL DEFAULT '0',
  PRIMARY KEY (`id`),
  UNIQUE KEY `craft_users_username_unq_idx` (`username`),
  UNIQUE KEY `craft_users_email_unq_idx` (`email`),
  KEY `craft_users_verificationCode_idx` (`verificationCode`),
  KEY `craft_users_uid_idx` (`uid`),
  KEY `craft_users_preferredLocale_fk` (`preferredLocale`)
) ENGINE=InnoDB DEFAULT CHARSET=utf8 COLLATE=utf8_unicode_ci;

--
-- Data for table `craft_users`
--

INSERT INTO `craft_users` (`id`, `username`, `photo`, `firstName`, `lastName`, `email`, `password`, `preferredLocale`, `weekStartDay`, `admin`, `client`, `locked`, `suspended`, `pending`, `archived`, `lastLoginDate`, `lastLoginAttemptIPAddress`, `invalidLoginWindowStart`, `invalidLoginCount`, `lastInvalidLoginDate`, `lockoutDate`, `verificationCode`, `verificationCodeIssuedDate`, `unverifiedEmail`, `passwordResetRequired`, `lastPasswordChangeDate`, `dateCreated`, `dateUpdated`, `uid`) VALUES
 ('1', 'admin', NULL, NULL, NULL, 'dean.c@sugarrushcreative.com', '$2y$13$iIdx5N1Ew0/I8mwKn5lm.uS4KnRMEoT5aLgYHCicqc2F9/wgp80bO', NULL, '0', '1', '0', '0', '0', '0', '0', '2016-08-25 09:00:41', '127.0.0.1', NULL, NULL, '2016-08-18 14:30:50', NULL, NULL, NULL, NULL, '0', '2016-07-28 10:42:15', '2016-07-28 10:42:16', '2016-08-25 09:00:41', 'fe83b401-e9af-47ec-87c9-924fe8a0e2d4');



DROP TABLE IF EXISTS `craft_widgets`;


--
-- Schema for table `craft_widgets`
--
CREATE TABLE `craft_widgets` (
  `id` int(11) NOT NULL AUTO_INCREMENT,
  `userId` int(11) NOT NULL,
  `type` varchar(150) COLLATE utf8_unicode_ci NOT NULL,
  `sortOrder` smallint(6) unsigned DEFAULT NULL,
  `colspan` tinyint(4) unsigned DEFAULT NULL,
  `settings` text COLLATE utf8_unicode_ci,
  `enabled` tinyint(1) unsigned NOT NULL DEFAULT '1',
  `dateCreated` datetime NOT NULL,
  `dateUpdated` datetime NOT NULL,
  `uid` char(36) COLLATE utf8_unicode_ci NOT NULL DEFAULT '0',
  PRIMARY KEY (`id`),
  KEY `craft_widgets_userId_fk` (`userId`)
) ENGINE=InnoDB AUTO_INCREMENT=5 DEFAULT CHARSET=utf8 COLLATE=utf8_unicode_ci;

--
-- Data for table `craft_widgets`
--

INSERT INTO `craft_widgets` (`id`, `userId`, `type`, `sortOrder`, `colspan`, `settings`, `enabled`, `dateCreated`, `dateUpdated`, `uid`) VALUES
 ('1', '1', 'RecentEntries', '1', NULL, NULL, '1', '2016-07-28 10:42:29', '2016-07-28 10:42:29', '2a9d8b26-bfe5-41d9-9f04-fe59b1ed3b42'),
 ('2', '1', 'GetHelp', '2', NULL, NULL, '1', '2016-07-28 10:42:29', '2016-07-28 10:42:29', '1f970772-ec3a-42ec-ac7e-7f2883df4326'),
 ('3', '1', 'Updates', '3', NULL, NULL, '1', '2016-07-28 10:42:29', '2016-07-28 10:42:29', '4feed67d-3f03-42e4-9509-6f86dd5cc4f1'),
 ('4', '1', 'Feed', '4', NULL, '{\"url\":\"https:\\/\\/craftcms.com\\/news.rss\",\"title\":\"Craft News\"}', '1', '2016-07-28 10:42:30', '2016-07-28 10:42:30', '97207c84-04ce-40af-9576-eeca0c2bcfa4');


--
-- Constraints for tables
--


--
-- Constraints for table `craft_assetfiles`
--
ALTER TABLE `craft_assetfiles`
	ADD CONSTRAINT `craft_assetfiles_folderId_fk` FOREIGN KEY (`folderId`) REFERENCES `craft_assetfolders` (`id`) ON DELETE CASCADE,
	ADD CONSTRAINT `craft_assetfiles_id_fk` FOREIGN KEY (`id`) REFERENCES `craft_elements` (`id`) ON DELETE CASCADE,
	ADD CONSTRAINT `craft_assetfiles_sourceId_fk` FOREIGN KEY (`sourceId`) REFERENCES `craft_assetsources` (`id`) ON DELETE CASCADE;

--
-- Constraints for table `craft_assetfolders`
--
ALTER TABLE `craft_assetfolders`
	ADD CONSTRAINT `craft_assetfolders_parentId_fk` FOREIGN KEY (`parentId`) REFERENCES `craft_assetfolders` (`id`) ON DELETE CASCADE,
	ADD CONSTRAINT `craft_assetfolders_sourceId_fk` FOREIGN KEY (`sourceId`) REFERENCES `craft_assetsources` (`id`) ON DELETE CASCADE;

--
-- Constraints for table `craft_assetindexdata`
--
ALTER TABLE `craft_assetindexdata`
	ADD CONSTRAINT `craft_assetindexdata_sourceId_fk` FOREIGN KEY (`sourceId`) REFERENCES `craft_assetsources` (`id`) ON DELETE CASCADE;

--
-- Constraints for table `craft_assetsources`
--
ALTER TABLE `craft_assetsources`
	ADD CONSTRAINT `craft_assetsources_fieldLayoutId_fk` FOREIGN KEY (`fieldLayoutId`) REFERENCES `craft_fieldlayouts` (`id`) ON DELETE SET NULL;

--
-- Constraints for table `craft_categories`
--
ALTER TABLE `craft_categories`
	ADD CONSTRAINT `craft_categories_groupId_fk` FOREIGN KEY (`groupId`) REFERENCES `craft_categorygroups` (`id`) ON DELETE CASCADE,
	ADD CONSTRAINT `craft_categories_id_fk` FOREIGN KEY (`id`) REFERENCES `craft_elements` (`id`) ON DELETE CASCADE;

--
-- Constraints for table `craft_categorygroups`
--
ALTER TABLE `craft_categorygroups`
	ADD CONSTRAINT `craft_categorygroups_fieldLayoutId_fk` FOREIGN KEY (`fieldLayoutId`) REFERENCES `craft_fieldlayouts` (`id`) ON DELETE SET NULL,
	ADD CONSTRAINT `craft_categorygroups_structureId_fk` FOREIGN KEY (`structureId`) REFERENCES `craft_structures` (`id`) ON DELETE CASCADE;

--
-- Constraints for table `craft_categorygroups_i18n`
--
ALTER TABLE `craft_categorygroups_i18n`
	ADD CONSTRAINT `craft_categorygroups_i18n_groupId_fk` FOREIGN KEY (`groupId`) REFERENCES `craft_categorygroups` (`id`) ON DELETE CASCADE,
	ADD CONSTRAINT `craft_categorygroups_i18n_locale_fk` FOREIGN KEY (`locale`) REFERENCES `craft_locales` (`locale`) ON DELETE CASCADE ON UPDATE CASCADE;

--
-- Constraints for table `craft_content`
--
ALTER TABLE `craft_content`
	ADD CONSTRAINT `craft_content_elementId_fk` FOREIGN KEY (`elementId`) REFERENCES `craft_elements` (`id`) ON DELETE CASCADE,
	ADD CONSTRAINT `craft_content_locale_fk` FOREIGN KEY (`locale`) REFERENCES `craft_locales` (`locale`) ON DELETE CASCADE ON UPDATE CASCADE;

--
-- Constraints for table `craft_elements_i18n`
--
ALTER TABLE `craft_elements_i18n`
	ADD CONSTRAINT `craft_elements_i18n_elementId_fk` FOREIGN KEY (`elementId`) REFERENCES `craft_elements` (`id`) ON DELETE CASCADE,
	ADD CONSTRAINT `craft_elements_i18n_locale_fk` FOREIGN KEY (`locale`) REFERENCES `craft_locales` (`locale`) ON DELETE CASCADE ON UPDATE CASCADE;

--
-- Constraints for table `craft_emailmessages`
--
ALTER TABLE `craft_emailmessages`
	ADD CONSTRAINT `craft_emailmessages_locale_fk` FOREIGN KEY (`locale`) REFERENCES `craft_locales` (`locale`) ON DELETE CASCADE ON UPDATE CASCADE;

--
-- Constraints for table `craft_entries`
--
ALTER TABLE `craft_entries`
	ADD CONSTRAINT `craft_entries_authorId_fk` FOREIGN KEY (`authorId`) REFERENCES `craft_users` (`id`) ON DELETE CASCADE,
	ADD CONSTRAINT `craft_entries_id_fk` FOREIGN KEY (`id`) REFERENCES `craft_elements` (`id`) ON DELETE CASCADE,
	ADD CONSTRAINT `craft_entries_sectionId_fk` FOREIGN KEY (`sectionId`) REFERENCES `craft_sections` (`id`) ON DELETE CASCADE,
	ADD CONSTRAINT `craft_entries_typeId_fk` FOREIGN KEY (`typeId`) REFERENCES `craft_entrytypes` (`id`) ON DELETE CASCADE;

--
-- Constraints for table `craft_entrydrafts`
--
ALTER TABLE `craft_entrydrafts`
	ADD CONSTRAINT `craft_entrydrafts_creatorId_fk` FOREIGN KEY (`creatorId`) REFERENCES `craft_users` (`id`) ON DELETE CASCADE,
	ADD CONSTRAINT `craft_entrydrafts_entryId_fk` FOREIGN KEY (`entryId`) REFERENCES `craft_entries` (`id`) ON DELETE CASCADE,
	ADD CONSTRAINT `craft_entrydrafts_locale_fk` FOREIGN KEY (`locale`) REFERENCES `craft_locales` (`locale`) ON DELETE CASCADE ON UPDATE CASCADE,
	ADD CONSTRAINT `craft_entrydrafts_sectionId_fk` FOREIGN KEY (`sectionId`) REFERENCES `craft_sections` (`id`) ON DELETE CASCADE;

--
-- Constraints for table `craft_entrytypes`
--
ALTER TABLE `craft_entrytypes`
	ADD CONSTRAINT `craft_entrytypes_fieldLayoutId_fk` FOREIGN KEY (`fieldLayoutId`) REFERENCES `craft_fieldlayouts` (`id`) ON DELETE SET NULL,
	ADD CONSTRAINT `craft_entrytypes_sectionId_fk` FOREIGN KEY (`sectionId`) REFERENCES `craft_sections` (`id`) ON DELETE CASCADE;

--
-- Constraints for table `craft_entryversions`
--
ALTER TABLE `craft_entryversions`
	ADD CONSTRAINT `craft_entryversions_creatorId_fk` FOREIGN KEY (`creatorId`) REFERENCES `craft_users` (`id`) ON DELETE SET NULL,
	ADD CONSTRAINT `craft_entryversions_entryId_fk` FOREIGN KEY (`entryId`) REFERENCES `craft_entries` (`id`) ON DELETE CASCADE,
	ADD CONSTRAINT `craft_entryversions_locale_fk` FOREIGN KEY (`locale`) REFERENCES `craft_locales` (`locale`) ON DELETE CASCADE ON UPDATE CASCADE,
	ADD CONSTRAINT `craft_entryversions_sectionId_fk` FOREIGN KEY (`sectionId`) REFERENCES `craft_sections` (`id`) ON DELETE CASCADE;

--
-- Constraints for table `craft_fieldlayoutfields`
--
ALTER TABLE `craft_fieldlayoutfields`
	ADD CONSTRAINT `craft_fieldlayoutfields_fieldId_fk` FOREIGN KEY (`fieldId`) REFERENCES `craft_fields` (`id`) ON DELETE CASCADE,
	ADD CONSTRAINT `craft_fieldlayoutfields_layoutId_fk` FOREIGN KEY (`layoutId`) REFERENCES `craft_fieldlayouts` (`id`) ON DELETE CASCADE,
	ADD CONSTRAINT `craft_fieldlayoutfields_tabId_fk` FOREIGN KEY (`tabId`) REFERENCES `craft_fieldlayouttabs` (`id`) ON DELETE CASCADE;

--
-- Constraints for table `craft_fieldlayouttabs`
--
ALTER TABLE `craft_fieldlayouttabs`
	ADD CONSTRAINT `craft_fieldlayouttabs_layoutId_fk` FOREIGN KEY (`layoutId`) REFERENCES `craft_fieldlayouts` (`id`) ON DELETE CASCADE;

--
-- Constraints for table `craft_fields`
--
ALTER TABLE `craft_fields`
	ADD CONSTRAINT `craft_fields_groupId_fk` FOREIGN KEY (`groupId`) REFERENCES `craft_fieldgroups` (`id`) ON DELETE CASCADE;

--
-- Constraints for table `craft_globalsets`
--
ALTER TABLE `craft_globalsets`
	ADD CONSTRAINT `craft_globalsets_fieldLayoutId_fk` FOREIGN KEY (`fieldLayoutId`) REFERENCES `craft_fieldlayouts` (`id`) ON DELETE SET NULL,
	ADD CONSTRAINT `craft_globalsets_id_fk` FOREIGN KEY (`id`) REFERENCES `craft_elements` (`id`) ON DELETE CASCADE;

--
-- Constraints for table `craft_matrixblocks`
--
ALTER TABLE `craft_matrixblocks`
	ADD CONSTRAINT `craft_matrixblocks_fieldId_fk` FOREIGN KEY (`fieldId`) REFERENCES `craft_fields` (`id`) ON DELETE CASCADE,
	ADD CONSTRAINT `craft_matrixblocks_id_fk` FOREIGN KEY (`id`) REFERENCES `craft_elements` (`id`) ON DELETE CASCADE,
	ADD CONSTRAINT `craft_matrixblocks_ownerId_fk` FOREIGN KEY (`ownerId`) REFERENCES `craft_elements` (`id`) ON DELETE CASCADE,
	ADD CONSTRAINT `craft_matrixblocks_ownerLocale_fk` FOREIGN KEY (`ownerLocale`) REFERENCES `craft_locales` (`locale`) ON DELETE CASCADE ON UPDATE CASCADE,
	ADD CONSTRAINT `craft_matrixblocks_typeId_fk` FOREIGN KEY (`typeId`) REFERENCES `craft_matrixblocktypes` (`id`) ON DELETE CASCADE;

--
-- Constraints for table `craft_matrixblocktypes`
--
ALTER TABLE `craft_matrixblocktypes`
	ADD CONSTRAINT `craft_matrixblocktypes_fieldId_fk` FOREIGN KEY (`fieldId`) REFERENCES `craft_fields` (`id`) ON DELETE CASCADE,
	ADD CONSTRAINT `craft_matrixblocktypes_fieldLayoutId_fk` FOREIGN KEY (`fieldLayoutId`) REFERENCES `craft_fieldlayouts` (`id`) ON DELETE SET NULL;

--
-- Constraints for table `craft_migrations`
--
ALTER TABLE `craft_migrations`
	ADD CONSTRAINT `craft_migrations_pluginId_fk` FOREIGN KEY (`pluginId`) REFERENCES `craft_plugins` (`id`) ON DELETE CASCADE;

--
-- Constraints for table `craft_reasons`
--
ALTER TABLE `craft_reasons`
	ADD CONSTRAINT `craft_reasons_fieldLayoutId_fk` FOREIGN KEY (`fieldLayoutId`) REFERENCES `craft_fieldlayouts` (`id`) ON DELETE CASCADE;

--
-- Constraints for table `craft_relations`
--
ALTER TABLE `craft_relations`
	ADD CONSTRAINT `craft_relations_fieldId_fk` FOREIGN KEY (`fieldId`) REFERENCES `craft_fields` (`id`) ON DELETE CASCADE,
	ADD CONSTRAINT `craft_relations_sourceId_fk` FOREIGN KEY (`sourceId`) REFERENCES `craft_elements` (`id`) ON DELETE CASCADE,
	ADD CONSTRAINT `craft_relations_sourceLocale_fk` FOREIGN KEY (`sourceLocale`) REFERENCES `craft_locales` (`locale`) ON DELETE CASCADE ON UPDATE CASCADE,
	ADD CONSTRAINT `craft_relations_targetId_fk` FOREIGN KEY (`targetId`) REFERENCES `craft_elements` (`id`) ON DELETE CASCADE;

--
-- Constraints for table `craft_routes`
--
ALTER TABLE `craft_routes`
	ADD CONSTRAINT `craft_routes_locale_fk` FOREIGN KEY (`locale`) REFERENCES `craft_locales` (`locale`) ON DELETE CASCADE ON UPDATE CASCADE;

--
-- Constraints for table `craft_sections`
--
ALTER TABLE `craft_sections`
	ADD CONSTRAINT `craft_sections_structureId_fk` FOREIGN KEY (`structureId`) REFERENCES `craft_structures` (`id`) ON DELETE SET NULL;

--
-- Constraints for table `craft_sections_i18n`
--
ALTER TABLE `craft_sections_i18n`
	ADD CONSTRAINT `craft_sections_i18n_locale_fk` FOREIGN KEY (`locale`) REFERENCES `craft_locales` (`locale`) ON DELETE CASCADE ON UPDATE CASCADE,
	ADD CONSTRAINT `craft_sections_i18n_sectionId_fk` FOREIGN KEY (`sectionId`) REFERENCES `craft_sections` (`id`) ON DELETE CASCADE;

--
-- Constraints for table `craft_sessions`
--
ALTER TABLE `craft_sessions`
	ADD CONSTRAINT `craft_sessions_userId_fk` FOREIGN KEY (`userId`) REFERENCES `craft_users` (`id`) ON DELETE CASCADE;

--
-- Constraints for table `craft_shunnedmessages`
--
ALTER TABLE `craft_shunnedmessages`
	ADD CONSTRAINT `craft_shunnedmessages_userId_fk` FOREIGN KEY (`userId`) REFERENCES `craft_users` (`id`) ON DELETE CASCADE;

--
-- Constraints for table `craft_structureelements`
--
ALTER TABLE `craft_structureelements`
	ADD CONSTRAINT `craft_structureelements_elementId_fk` FOREIGN KEY (`elementId`) REFERENCES `craft_elements` (`id`) ON DELETE CASCADE,
	ADD CONSTRAINT `craft_structureelements_structureId_fk` FOREIGN KEY (`structureId`) REFERENCES `craft_structures` (`id`) ON DELETE CASCADE;

--
-- Constraints for table `craft_taggroups`
--
ALTER TABLE `craft_taggroups`
	ADD CONSTRAINT `craft_taggroups_fieldLayoutId_fk` FOREIGN KEY (`fieldLayoutId`) REFERENCES `craft_fieldlayouts` (`id`) ON DELETE SET NULL;

--
-- Constraints for table `craft_tags`
--
ALTER TABLE `craft_tags`
	ADD CONSTRAINT `craft_tags_groupId_fk` FOREIGN KEY (`groupId`) REFERENCES `craft_taggroups` (`id`) ON DELETE CASCADE,
	ADD CONSTRAINT `craft_tags_id_fk` FOREIGN KEY (`id`) REFERENCES `craft_elements` (`id`) ON DELETE CASCADE;

--
-- Constraints for table `craft_templatecachecriteria`
--
ALTER TABLE `craft_templatecachecriteria`
	ADD CONSTRAINT `craft_templatecachecriteria_cacheId_fk` FOREIGN KEY (`cacheId`) REFERENCES `craft_templatecaches` (`id`) ON DELETE CASCADE;

--
-- Constraints for table `craft_templatecacheelements`
--
ALTER TABLE `craft_templatecacheelements`
	ADD CONSTRAINT `craft_templatecacheelements_cacheId_fk` FOREIGN KEY (`cacheId`) REFERENCES `craft_templatecaches` (`id`) ON DELETE CASCADE,
	ADD CONSTRAINT `craft_templatecacheelements_elementId_fk` FOREIGN KEY (`elementId`) REFERENCES `craft_elements` (`id`) ON DELETE CASCADE;

--
-- Constraints for table `craft_templatecaches`
--
ALTER TABLE `craft_templatecaches`
	ADD CONSTRAINT `craft_templatecaches_locale_fk` FOREIGN KEY (`locale`) REFERENCES `craft_locales` (`locale`) ON DELETE CASCADE ON UPDATE CASCADE;

--
-- Constraints for table `craft_usergroups_users`
--
ALTER TABLE `craft_usergroups_users`
	ADD CONSTRAINT `craft_usergroups_users_groupId_fk` FOREIGN KEY (`groupId`) REFERENCES `craft_usergroups` (`id`) ON DELETE CASCADE,
	ADD CONSTRAINT `craft_usergroups_users_userId_fk` FOREIGN KEY (`userId`) REFERENCES `craft_users` (`id`) ON DELETE CASCADE;

--
-- Constraints for table `craft_userpermissions_usergroups`
--
ALTER TABLE `craft_userpermissions_usergroups`
	ADD CONSTRAINT `craft_userpermissions_usergroups_groupId_fk` FOREIGN KEY (`groupId`) REFERENCES `craft_usergroups` (`id`) ON DELETE CASCADE,
	ADD CONSTRAINT `craft_userpermissions_usergroups_permissionId_fk` FOREIGN KEY (`permissionId`) REFERENCES `craft_userpermissions` (`id`) ON DELETE CASCADE;

--
-- Constraints for table `craft_userpermissions_users`
--
ALTER TABLE `craft_userpermissions_users`
	ADD CONSTRAINT `craft_userpermissions_users_permissionId_fk` FOREIGN KEY (`permissionId`) REFERENCES `craft_userpermissions` (`id`) ON DELETE CASCADE,
	ADD CONSTRAINT `craft_userpermissions_users_userId_fk` FOREIGN KEY (`userId`) REFERENCES `craft_users` (`id`) ON DELETE CASCADE;

--
-- Constraints for table `craft_users`
--
ALTER TABLE `craft_users`
	ADD CONSTRAINT `craft_users_id_fk` FOREIGN KEY (`id`) REFERENCES `craft_elements` (`id`) ON DELETE CASCADE,
	ADD CONSTRAINT `craft_users_preferredLocale_fk` FOREIGN KEY (`preferredLocale`) REFERENCES `craft_locales` (`locale`) ON DELETE SET NULL ON UPDATE CASCADE;

--
-- Constraints for table `craft_widgets`
--
ALTER TABLE `craft_widgets`
	ADD CONSTRAINT `craft_widgets_userId_fk` FOREIGN KEY (`userId`) REFERENCES `craft_users` (`id`) ON DELETE CASCADE;

SET FOREIGN_KEY_CHECKS = 1;
